compound,OQMD_id,OQMD_hf,DFT_hf,hf_partial_cor,hf_full_cor,error
CuYbF3,1722764,-2.72990706,-2.565633204,-2.707833204,-2.778233204,-0.048326144
CsVCl3,1706450,-1.65240357,-1.464705218,-1.677705218,-1.700105218,-0.047701648
BaNaF3,1440785,-3.49877587,-3.301111256,-3.461511256,-3.545311256,-0.046535386
NaYbF3,1706395,-3.68352005,-3.49602759,-3.65642759,-3.72882759,-0.04530754
BaAgCl3,1726024,-1.71745356,-1.485517164,-1.698517164,-1.762117164,-0.044663604
KCCl3,1731056,-0.17393173,0.042805696,-0.170194304,-0.218394304,-0.044462574
CsCaCl3,1344684,-2.51261902,-2.289163284,-2.502163284,-2.555563284,-0.042944264
CsVBr3,1706431,-1.33656886,-1.183415768,-1.356815768,-1.378015768,-0.041446908
CsPrCl3,1706454,-2.15756142,-1.941631548,-2.154631548,-2.198031548,-0.040470128
LiAsI3,1535068,-0.35389294,-0.259997878,-0.358997878,-0.393397878,-0.039504938
CsCaI3,1384839,-1.71266056,-1.603531792,-1.702531792,-1.751731792,-0.039071232
CsVI3,1709172,-0.8908545,-0.811740228,-0.910740228,-0.928940228,-0.038085728
RbCI3,1711979,0.27904229,0.379351746,0.280351746,0.241951746,-0.037090544
CsSrCl3,1709271,-2.51533167,-2.29864738,-2.51164738,-2.55224738,-0.03691571
CsMnCl3,1709222,-1.68987226,-1.473799618,-1.686799618,-1.726399618,-0.036527358
CsMgCl3,1709269,-2.14159644,-1.92630251,-2.13930251,-2.17810251,-0.03650607
KVCl3,1549306,-1.62409055,-1.42477315,-1.63777315,-1.65997315,-0.0358826
CsPrBr3,1706407,-1.86257389,-1.682383086,-1.855783086,-1.897983086,-0.035409196
RbVCl3,1575647,-1.64156435,-1.44726985,-1.66026985,-1.67686985,-0.0353055
CsPrI3,1714547,-1.43259966,-1.328226654,-1.427226654,-1.466426654,-0.033826994
CsMgBr3,1709208,-1.80672158,-1.628861688,-1.802261688,-1.839861688,-0.033140108
CsMnBr3,1709199,-1.39770903,-1.218332716,-1.391732716,-1.430132716,-0.032423686
CsTiCl3,1711935,-1.83998443,-1.630805948,-1.856605948,-1.872405948,-0.032421518
CsSrBr3,1346547,-2.21029805,-2.029723692,-2.203123692,-2.242523692,-0.032225642
CsMgI3,1711869,-1.32294597,-1.221384708,-1.320384708,-1.354984708,-0.032038738
KCaCl3,1384250,-2.43054564,-2.196343256,-2.409343256,-2.462543256,-0.031997616
InYbF3,1711955,-3.37377323,-3.17160012,-3.31380012,-3.40520012,-0.03142689
RbCaCl3,1348396,-2.46878643,-2.239313342,-2.452313342,-2.499913342,-0.031126912
KPrCl3,1728519,-2.06163297,-1.835833312,-2.048833312,-2.092033312,-0.030400342
KVBr3,1711911,-1.28652998,-1.122380628,-1.295780628,-1.316780628,-0.030250648
YbRbF3,1535107,-2.45544726,-2.257657976,-2.399857976,-2.485457976,-0.030010716
RbVBr3,1711914,-1.31049581,-1.150882208,-1.324282208,-1.339682208,-0.029186398
RbPrCl3,1718075,-2.10220577,-1.880750822,-2.093750822,-2.131350822,-0.029145052
KCaBr3,1346959,-2.09967707,-1.903252202,-2.076652202,-2.128652202,-0.028975132
RbCaBr3,1385570,-2.14008351,-1.948046764,-2.121446764,-2.167846764,-0.027763254
LiGeI3,1711977,-0.50834542,-0.393349832,-0.492349832,-0.535349832,-0.027004412
KSrCl3,1385520,-2.41232814,-2.185554888,-2.398554888,-2.438954888,-0.026626748
RbVI3,1718005,-0.85050861,-0.765641176,-0.864641176,-0.877041176,-0.026532566
CsSmCl3,6024,-2.15552289,-1.933400204,-2.146400204,-2.182000204,-0.026477314
CsCuCl3,1575757,-1.3048979,-1.103086534,-1.316086534,-1.331086534,-0.026188634
CsYCl3,1711936,-2.14759698,-1.94357855,-2.15657855,-2.17337855,-0.02578157
CsCrCl3,1709221,-1.61723283,-1.407077384,-1.620077384,-1.642877384,-0.025644554
RbSrCl3,1385302,-2.45802113,-2.235669184,-2.448669184,-2.483469184,-0.025448054
KMnCl3,1575685,-1.64906481,-1.422038032,-1.635038032,-1.674438032,-0.025373222
KPrBr3,1728476,-1.7622304,-1.572135022,-1.745535022,-1.787535022,-0.025304622
CsTmCl3,6022,-2.09538795,-1.888629664,-2.101629664,-2.120229664,-0.024841714
CsPdCl3,1575826,-1.31032552,-1.112077144,-1.325077144,-1.334877144,-0.024551624
NaVCl3,1709169,-1.47547477,-1.26535715,-1.49655715,-1.49995715,-0.02448238
KMgCl3,1346718,-2.10910134,-1.881962876,-2.094962876,-2.133562876,-0.024461536
RbMnCl3,1549204,-1.67161458,-1.449215924,-1.662215924,-1.696015924,-0.024401344
RbPrBr3,1718012,-1.80431341,-1.61865662,-1.79205662,-1.82845662,-0.02414321
SrLiF3,1440786,-3.69766216,-3.526002294,-3.668202294,-3.721802294,-0.024140134
RbMgCl3,1710601,-2.12816114,-1.906265104,-2.119265104,-2.152265104,-0.024103964
KPrI3,1722782,-1.32148358,-1.20705772,-1.30605772,-1.34505772,-0.02357414
CsNdCl3,1706445,-2.15878748,-1.941715784,-2.154715784,-2.181715784,-0.022928304
RbPrI3,1709302,-1.36927963,-1.259223128,-1.358223128,-1.391623128,-0.022343498
KMgBr3,1713240,-1.74907414,-1.560467252,-1.733867252,-1.771267252,-0.022193112
KMnBr3,1575337,-1.33668146,-1.1465853,-1.3199853,-1.3581853,-0.02150384
KTiCl3,1722737,-1.80163477,-1.581618948,-1.807418948,-1.823018948,-0.021384178
CsSmBr3,1706424,-1.85125178,-1.664693592,-1.838093592,-1.872493592,-0.021241812
RbMgBr3,1713245,-1.7756388,-1.591449278,-1.764849278,-1.796649278,-0.021010478
CsGeCl3,1706432,-1.54889686,-1.322517206,-1.535517206,-1.569717206,-0.020820346
RbSrBr3,1718010,-2.15056883,-1.964314584,-2.137714584,-2.171314584,-0.020745754
RbMnBr3,1575055,-1.36606544,-1.180659146,-1.354059146,-1.386659146,-0.020593706
CsCrBr3,1706429,-1.32605532,-1.151585946,-1.324985946,-1.346585946,-0.020530626
RbTiCl3,1725961,-1.8231929,-1.607893234,-1.833693234,-1.843693234,-0.020500334
CsCuBr3,1709212,-1.08760139,-0.920740032,-1.094140032,-1.107940032,-0.020338642
CsTmBr3,1706446,-1.77260873,-1.601839336,-1.775239336,-1.792639336,-0.020030606
LiZnCl3,1722757,-1.31658972,-1.074558538,-1.287558538,-1.336158538,-0.019568818
KMnI3,1722779,-0.88053972,-0.765863024,-0.864863024,-0.900063024,-0.019523304
AgYbCl3,1722762,-1.60649424,-1.360216664,-1.573216664,-1.625416664,-0.018922424
CsTmI3,1706449,-1.31841019,-1.223805324,-1.322805324,-1.337205324,-0.018795134
NaVBr3,1711861,-1.12946469,-0.954136682,-1.145736682,-1.147936682,-0.018471992
RbMnI3,1709301,-0.91681844,-0.806617548,-0.905617548,-0.935217548,-0.018399108
CsYBr3,1711878,-1.83577817,-1.665093656,-1.838493656,-1.854093656,-0.018315486
CsCuI3,1722739,-0.75009369,-0.658465386,-0.757465386,-0.768265386,-0.018171696
CsPdBr3,1489054,-1.12554959,-0.961702556,-1.135102556,-1.143702556,-0.018152966
LiVF3,1711853,-2.60414524,-2.444405294,-2.586605294,-2.622005294,-0.017860054
KCuCl3,1432021,-1.30097268,-1.090517594,-1.303517594,-1.318317594,-0.017344914
KSmCl3,1711942,-2.06595628,-1.834170998,-2.047170998,-2.082570998,-0.016614718
KPdCl3,1549291,-1.28540383,-1.079177378,-1.292177378,-1.301777378,-0.016373548
CsGeBr3,14503,-1.31213636,-1.122088094,-1.295488094,-1.328488094,-0.016351734
CsMoCl3,1709263,-1.20440657,-1.00854885,-1.22154885,-1.22074885,-0.01634228
RbCuCl3,1549169,-1.30708466,-1.101100524,-1.314100524,-1.323300524,-0.016215864
InVCl3,1575955,-1.14944521,-0.929409114,-1.142409114,-1.164809114,-0.015363904
RbSmCl3,1709270,-2.10436711,-1.87684066,-2.08984066,-2.11964066,-0.01527355
TmKCl3,1285825,-1.01288425,-0.796655314,-1.009655314,-1.028055314,-0.015171064
CsPdI3,1709174,-0.84730554,-0.75754728,-0.85654728,-0.86214728,-0.01484174
KTmCl3,1250734,-2.02518843,-1.808354466,-2.021354466,-2.039754466,-0.014566036
CsGeI3,1706397,-0.93535493,-0.82082842,-0.91982842,-0.94982842,-0.01447349
RbPdCl3,1549216,-1.30220725,-1.099660464,-1.312660464,-1.316660464,-0.014453214
RbTiI3,1711973,-1.00666474,-0.903391788,-1.015191788,-1.020991788,-0.014327048
NaMnCl3,1725947,-1.49355469,-1.256001838,-1.487201838,-1.507801838,-0.014247148
AuYbF3,1722763,-2.65435533,-2.460318224,-2.602518224,-2.668518224,-0.014162894
SmLiF3,1713548,-3.22566136,-3.048762462,-3.190962462,-3.239562462,-0.013901102
TmRbCl3,1285830,-0.83524813,-0.622986888,-0.835986888,-0.848786888,-0.013538758
RbTmCl3,1285831,-2.0561792,-1.843798658,-2.056798658,-2.069598658,-0.013419458
KNdCl3,1725981,-2.06469564,-1.837794926,-2.050794926,-2.077594926,-0.012899286
NaMgCl3,1710590,-1.95990158,-1.721198228,-1.952398228,-1.972198228,-0.012296648
BaAgF3,1710709,-2.58012574,-2.385988058,-2.528188058,-2.591788058,-0.011662318
RbNdCl3,1714549,-2.1051101,-1.882522824,-2.095522824,-2.116722824,-0.011612724
KSmBr3,1728493,-1.75642005,-1.560019768,-1.733419768,-1.767619768,-0.011199718
InCaCl3,1725979,-1.95217305,-1.69662642,-1.90962642,-1.96302642,-0.01085337
InPrCl3,1728521,-1.65716031,-1.411559588,-1.624559588,-1.667959588,-0.010799278
KCuBr3,1548959,-1.0545198,-0.878249146,-1.051649146,-1.065249146,-0.010729346
KGeCl3,1549303,-1.47790925,-1.24160413,-1.45460413,-1.48860413,-0.01069488
LiPdF3,1711872,-1.79673007,-1.642334662,-1.784534662,-1.807334662,-0.010604592
NdLiF3,1713546,-3.2637507,-3.092013228,-3.234213228,-3.274213228,-0.010462528
NaMgBr3,1713236,-1.58651278,-1.38666735,-1.57826735,-1.59686735,-0.01035457
NaTiCl3,1725949,-1.62993371,-1.39944731,-1.64344731,-1.64024731,-0.0103136
KCrBr3,1546856,-1.27746221,-1.092823082,-1.266223082,-1.287623082,-0.010160872
RbSmBr3,1718043,-1.79635941,-1.604470814,-1.777870814,-1.806470814,-0.010111404
CsMoBr3,1711882,-0.93988624,-0.778074346,-0.951474346,-0.949474346,-0.009588106
RbGeCl3,1706479,-1.5126383,-1.280698116,-1.493698116,-1.522098116,-0.009459816
RbCuBr3,1546603,-1.07269111,-0.900672026,-1.074072026,-1.082072026,-0.009380916
RbCrBr3,1546707,-1.30104847,-1.12091968,-1.29431968,-1.31011968,-0.00907121
KPdBr3,1549016,-1.08112424,-0.908277334,-1.081677334,-1.090077334,-0.008953094
InVBr3,1728501,-0.83425269,-0.648502884,-0.821902884,-0.843102884,-0.008850194
RbTmBr3,1718068,-1.7273336,-1.55103636,-1.72443636,-1.73603636,-0.00870276
NaCuCl3,1725944,-1.16783353,-0.948807908,-1.180007908,-1.176007908,-0.008174378
RbSmI3,1711982,-1.35149143,-1.234945692,-1.333945692,-1.359545692,-0.008054262
InCaBr3,1711875,-1.63163739,-1.413886306,-1.587286306,-1.639486306,-0.007848916
RbTmI3,1711974,-1.2624683,-1.16216412,-1.26116412,-1.26976412,-0.00729582
RbCuI3,1432817,-0.716951,-0.619865355,-0.718865355,-0.723865355,-0.006914355
KCF3,1713238,-1.09815801,-0.914629902,-1.056829902,-1.105029902,-0.006871892
RbPdBr3,1431731,-1.10339077,-0.934030879,-1.107430879,-1.110230879,-0.006840109
CsZnCl3,1709265,-1.64398591,-1.402160852,-1.615160852,-1.650760852,-0.006774942
LiCuF3,1722755,-2.11644226,-1.952825508,-2.095025508,-2.123025508,-0.006583248
RbNdBr3,1714548,-1.80322795,-1.61636857,-1.78976857,-1.80976857,-0.00654062
InPrBr3,1728477,-1.3465109,-1.13733994,-1.31073994,-1.35293994,-0.00642904
KGeBr3,1575382,-1.23143299,-1.031441462,-1.204841462,-1.237641462,-0.006208472
KGaBr3,1575353,-1.27776162,-1.072069334,-1.245469334,-1.283869334,-0.006107714
RbCF3,1713246,-1.03524858,-0.856482208,-0.998682208,-1.041282208,-0.006033628
RbMoCl3,1718074,-1.17469063,-0.974185354,-1.187185354,-1.180585354,-0.005894724
KNdI3,1722781,-1.31740947,-1.201693954,-1.300693954,-1.323293954,-0.005884484
CsMoI3,1718069,-0.55576935,-0.467495528,-0.566495528,-0.561495528,-0.005726178
CsLaCl3,1709262,-2.19835446,-1.98201648,-2.19501648,-2.20401648,-0.00566202
LiMnF3,1713247,-2.54629762,-2.356591694,-2.498791694,-2.551391694,-0.005094074
RbGaBr3,1543248,-1.3105318,-1.109317558,-1.282717558,-1.315517558,-0.004985758
RbGeBr3,1706478,-1.26864479,-1.073019066,-1.246419066,-1.273619066,-0.004974276
InMnCl3,1575943,-1.1721719,-0.924289774,-1.137289774,-1.176889774,-0.004717874
NaCrCl3,1725943,-1.44340377,-1.213119054,-1.444319054,-1.448119054,-0.004715284
RbNdI3,1709290,-1.36459031,-1.253257356,-1.352257356,-1.369257356,-0.004667046
KGeI3,1709298,-0.84497474,-0.720345198,-0.819345198,-0.849145198,-0.004170458
LiCaF3,1713422,-3.38316771,-3.178721194,-3.320921194,-3.387321194,-0.004153484
CsPrF3,1706464,-3.2157687,-3.034147554,-3.176347554,-3.219747554,-0.003978854
InMgCl3,1725954,-1.631548,-1.383651808,-1.596651808,-1.635451808,-0.003903808
RbPdI3,1722703,-0.81259372,-0.717579002,-0.816579002,-0.816379002,-0.003785282
RbGeI3,7217,-0.8852142,-0.765023816,-0.864023816,-0.888223816,-0.003009616
RbYI3,1711975,-1.33046037,-1.22758091,-1.32658091,-1.33338091,-0.00292054
CsZnBr3,1709210,-1.37284881,-1.167852904,-1.341252904,-1.375652904,-0.002804094
CsZnI3,1711870,-0.96216313,-0.833743216,-0.932743216,-0.964143216,-0.001980086
CsRhCl3,1549370,-1.20290089,-0.987425302,-1.200425302,-1.204225302,-0.001324412
CsCoI3,1711862,-0.6083221,-0.498580886,-0.597580886,-0.609580886,-0.001258786
CsLaBr3,1711877,-1.90841958,-1.72792735,-1.90132735,-1.90912735,-0.00070777
InMnBr3,1575536,-0.88079595,-0.669399506,-0.842799506,-0.881199506,-0.000403556
CsPtBr3,1709209,-0.99954874,-0.834309494,-1.007709494,-0.999109494,0.000439246
CsYF3,1713487,-3.22009499,-3.06038567,-3.20258567,-3.21938567,0.00070932
CsSrF3,646362,-3.65153321,-3.467474908,-3.609674908,-3.650274908,0.001258302
RbMoBr3,1718096,-0.90211766,-0.735214672,-0.908614672,-0.900814672,0.001302988
LiTmF3,1722756,-3.24262411,-3.06679835,-3.20899835,-3.24059835,0.00202576
InSmCl3,1711943,-1.65969378,-1.40855963,-1.62155963,-1.65715963,0.00253415
KZnCl3,1710675,-1.61670383,-1.365017076,-1.578017076,-1.613417076,0.003286754
RbCoCl3,1722733,-1.26470604,-1.037998944,-1.250998944,-1.261398944,0.003307096
InCuCl3,1549458,-0.82128177,-0.589968966,-0.802968966,-0.817968966,0.003312804
CsPtI3,1718049,-0.74809156,-0.657374208,-0.756374208,-0.744774208,0.003317352
KPtCl3,1722705,-1.1434146,-0.934381844,-1.147381844,-1.139781844,0.003632756
AgYbF3,1709258,-2.9961633,-2.798021628,-2.940221628,-2.992421628,0.003741672
KMoI3,1722780,-0.47178583,-0.373820532,-0.472820532,-0.467620532,0.004165298
KPrF3,1711910,-3.21682941,-3.027254784,-3.169454784,-3.212654784,0.004174626
KLaCl3,1725957,-2.10525631,-1.879163866,-2.092163866,-2.100963866,0.004292444
RbZnCl3,1718076,-1.63574811,-1.388444994,-1.601444994,-1.631244994,0.004503116
KVF3,5465,-2.85942374,-2.690502252,-2.832702252,-2.854902252,0.004521488
InPdCl3,1722704,-0.80835465,-0.580948138,-0.793948138,-0.803748138,0.004606512
InCrCl3,1549478,-1.11470522,-0.873962938,-1.086962938,-1.109762938,0.004942282
RbPtCl3,1722734,-1.16033474,-0.955497616,-1.168497616,-1.155297616,0.005037124
RbVF3,5466,-2.84527792,-2.681428544,-2.823628544,-2.840228544,0.005049376
KYF3,1713421,-3.25854709,-3.09460706,-3.23680706,-3.25340706,0.00514003
InTmCl3,1711937,-1.6273505,-1.390488584,-1.603488584,-1.622088584,0.005261916
RbMoI3,1709295,-0.5093627,-0.41564343,-0.51464343,-0.50384343,0.00551927
RbLaCl3,1718073,-2.14295349,-1.921162676,-2.134162676,-2.137362676,0.005590814
CsRhBr3,1706423,-0.98836647,-0.806740772,-0.980140772,-0.982740772,0.005625698
RbPrF3,1706471,-3.21881339,-3.032953302,-3.175153302,-3.212753302,0.006060088
KCoBr3,1548970,-0.95912123,-0.76471491,-0.93811491,-0.95291491,0.00620632
KInBr3,1575328,-1.32271507,-1.108329676,-1.281729676,-1.316329676,0.006385394
NaGeI3,1711978,-0.6698081,-0.534780436,-0.651980436,-0.662980436,0.006827664
CsNiCl3,1709264,-1.27622654,-1.046244826,-1.259244826,-1.269044826,0.007181714
KZnBr3,1713482,-1.32095785,-1.106053184,-1.279453184,-1.313653184,0.007304666
RbCoBr3,1718050,-0.97847196,-0.788493794,-0.961893794,-0.971093794,0.007378166
RbInBr3,1543207,-1.36295353,-1.153099318,-1.326499318,-1.355499318,0.007454212
CsCuF3,1576135,-2.20542233,-2.040699824,-2.182899824,-2.197899824,0.007522506
InSmBr3,1728495,-1.34227806,-1.126924752,-1.300324752,-1.334724752,0.007553308
CsPdF3,1440780,-2.06364637,-1.903900108,-2.046100108,-2.055900108,0.007746262
RbZnBr3,1718051,-1.34668161,-1.13619758,-1.30959758,-1.33819758,0.00848403
CsCdCl3,1345809,-1.69702521,-1.453635282,-1.666635282,-1.688235282,0.008789928
CsSmF3,1706459,-3.2219087,-3.034775314,-3.176975314,-3.212575314,0.009333386
KLaBr3,1728471,-1.81002091,-1.619667388,-1.793067388,-1.800667388,0.009353522
RbZnI3,1711976,-0.91969091,-0.785678144,-0.884678144,-0.910278144,0.009412766
KCoI3,1722774,-0.55058578,-0.43018717,-0.52918717,-0.54098717,0.00959861
InGeCl3,1728506,-0.99965859,-0.742294924,-0.955294924,-0.989494924,0.010163666
CsDyBr3,1706422,-1.81680469,-1.631875218,-1.805275218,-1.806275218,0.010529472
RbLaBr3,1722786,-1.85151775,-1.66554935,-1.83894935,-1.84094935,0.0105684
InCrBr3,1549129,-0.82315136,-0.617540902,-0.790940902,-0.812540902,0.010610458
CsRhI3,1706398,-0.69763335,-0.588385212,-0.687385212,-0.686985212,0.010648138
KLaI3,1722778,-1.36845931,-1.253923822,-1.352923822,-1.357523822,0.010935488
CsMgF3,646366,-3.40771293,-3.215682868,-3.357882868,-3.396682868,0.011030062
KMoF3,1711909,-2.05355679,-1.901278548,-2.043478548,-2.042478548,0.011078242
KSrF3,1384841,-3.55645559,-3.362493164,-3.504693164,-3.545093164,0.011362426
InPdBr3,1728488,-0.62838028,-0.434755056,-0.608155056,-0.616755056,0.011625224
RbLaI3,1709300,-1.41599033,-1.305903242,-1.404903242,-1.403903242,0.012087088
CsDyI3,1706396,-1.36848102,-1.259258236,-1.358258236,-1.356258236,0.012222784
RbSrF3,1344546,-3.5850041,-3.395520046,-3.537720046,-3.572520046,0.012484054
NaCoCl3,1725942,-1.1185436,-0.877567512,-1.108767512,-1.105967512,0.012576088
CsCdBr3,1706428,-1.44602544,-1.239455752,-1.412855752,-1.433255752,0.012769688
InCF3,1731055,-0.46822343,-0.264495984,-0.406695984,-0.455095984,0.013127446
CsTmF3,1706448,-3.22090751,-3.046701356,-3.188901356,-3.207501356,0.013406154
CsNdF3,1706447,-3.23866366,-3.05592395,-3.19812395,-3.22512395,0.01353971
CsCdI3,1709173,-1.050527,-0.920488824,-1.019488824,-1.036888824,0.013638176
CsNiBr3,1575196,-1.04922416,-0.853446426,-1.026846426,-1.035446426,0.013777734
CsMoF3,1711954,-2.13958089,-1.984174646,-2.126374646,-2.125574646,0.014006244
NaZnCl3,1725951,-1.47109433,-1.209126284,-1.440326284,-1.456926284,0.014168046
RbMoF3,1711913,-2.06222983,-1.912016178,-2.054216178,-2.047616178,0.014613652
RbPtI3,1711981,-0.71440908,-0.618167024,-0.717167024,-0.699767024,0.014642056
InGeBr3,1728487,-0.76871922,-0.547659984,-0.721059984,-0.754059984,0.014659236
CuZnCl3,1722766,-0.52646606,-0.284193596,-0.497193596,-0.511793596,0.014672464
CsHgCl3,1383702,-1.37405126,-1.147647338,-1.345047338,-1.359247338,0.014803922
LiCoF3,1711900,-2.17823609,-1.991849802,-2.134049802,-2.163249802,0.014986288
NaPrF3,1711860,-3.22844302,-3.028602566,-3.189002566,-3.213402566,0.015040454
LiMgF3,1713232,-3.34943296,-3.140373146,-3.282573146,-3.334373146,0.015059814
KDyCl3,1725989,-2.05275976,-1.822600142,-2.035600142,-2.037600142,0.015159618
KNiCl3,1549230,-1.2955403,-1.057721336,-1.270721336,-1.280321336,0.015218964
NaVF3,11333,-2.72841141,-2.549307418,-2.709707418,-2.713107418,0.015303992
KRhBr3,1728492,-0.95326146,-0.762156874,-0.935556874,-0.937956874,0.015304586
KPdF3,13108,-2.09003774,-1.922872438,-2.065072438,-2.074672438,0.015365302
CsCrF3,1706425,-2.69401603,-2.513572834,-2.655772834,-2.678572834,0.015443196
CsSnCl3,5451,-1.68660515,-1.430491362,-1.665891362,-1.671091362,0.015513788
RbCaF3,1345106,-3.70971769,-3.504218532,-3.646418532,-3.694018532,0.015699158
CsTiF3,1706465,-2.98391523,-2.797313174,-2.952313174,-2.968113174,0.015802056
CsAgCl3,1547067,-1.30277127,-1.076928544,-1.289928544,-1.286728544,0.016042726
RbRhBr3,1718042,-0.97217997,-0.785571484,-0.958971484,-0.955771484,0.016408486
KCaF3,19784,-3.68525383,-3.473412052,-3.615612052,-3.668812052,0.016441778
RbDyCl3,1718052,-2.08786317,-1.8619203,-2.0749203,-2.0713203,0.01654287
CsGeF3,1709200,-2.57756861,-2.384576206,-2.526776206,-2.560976206,0.016592404
KCuF3,1706426,-2.32743353,-2.15360817,-2.29580817,-2.31060817,0.01682536
KMnF3,6890,-2.81857533,-2.620108368,-2.762308368,-2.801708368,0.016866962
CsHgI3,1706430,-0.85232586,-0.74193416,-0.82533416,-0.83533416,0.0169917
KSmF3,1706433,-3.24397744,-3.049252344,-3.191452344,-3.226852344,0.017125096
RbMnF3,8202,-2.81456109,-2.621294838,-2.763494838,-2.797294838,0.017266252
CsHgBr3,4639,-1.17758174,-0.989389674,-1.147189674,-1.160189674,0.017392066
NaMoF3,1711858,-1.94004481,-1.782039976,-1.942439976,-1.922639976,0.017404834
RbScBr3,1575112,-1.7638267,-1.56935546,-1.74275546,-1.74635546,0.01747124
RbNiCl3,1575618,-1.2942717,-1.059611464,-1.272611464,-1.276611464,0.017660236
RbCuF3,1706466,-2.29966911,-2.13034561,-2.27254561,-2.28174561,0.0179235
RbPdF3,13107,-2.09620147,-1.93200109,-2.07420109,-2.07820109,0.01800038
KCdCl3,1710598,-1.63026201,-1.376889602,-1.589889602,-1.611289602,0.018972408
RbSmF3,1706437,-3.23292432,-3.041836522,-3.184036522,-3.213836522,0.019087798
CsSnBr3,2352,-1.45056354,-1.230883444,-1.426683444,-1.430683444,0.019880096
LiZnF3,1709257,-2.55435997,-2.343596144,-2.485796144,-2.534396144,0.019963826
RbCdCl3,1346263,-1.661912,-1.412989874,-1.625989874,-1.641789874,0.020122126
KDyBr3,1728490,-1.73071381,-1.535929826,-1.709329826,-1.710129826,0.020583984
KNdF3,1710595,-3.22027503,-3.03008561,-3.17228561,-3.19908561,0.02118942
RbDyBr3,1718040,-1.76727248,-1.576985308,-1.750385308,-1.745585308,0.021687172
RbRhI3,1711972,-0.66828605,-0.553757106,-0.652757106,-0.646557106,0.021728944
KNiBr3,1575356,-1.03368706,-0.830100234,-1.003500234,-1.011900234,0.021786826
CsSnI3,12694,-1.07516857,-0.93088574,-1.05228574,-1.05328574,0.02188283
NaPdF3,1709167,-1.93106774,-1.757674888,-1.918074888,-1.908874888,0.022192852
CsAgBr3,1489057,-1.11892336,-0.927628192,-1.101028192,-1.096628192,0.022295168
ZnMoI3,1535141,0.21195431,0.32812742,0.22912742,0.23452742,0.02257311
KCdBr3,1713243,-1.36411395,-1.147647386,-1.321047386,-1.341247386,0.022866564
KTmF3,1706434,-3.27661574,-3.093108688,-3.235308688,-3.253708688,0.022907052
RbNiBr3,1548752,-1.04554736,-0.845953792,-1.019353792,-1.022153792,0.023393568
RbNdF3,1706473,-3.24460312,-3.0576121,-3.1998121,-3.2210121,0.02359102
RbDyI3,1711980,-1.310775,-1.195894918,-1.294894918,-1.287094918,0.023680082
KCdI3,1722772,-0.95543998,-0.815378716,-0.914378716,-0.931578716,0.023861264
RbTmF3,1706439,-3.24498824,-3.066113804,-3.208313804,-3.221113804,0.023874436
InZnCl3,1725986,-1.14093241,-0.86837296,-1.08137296,-1.11697296,0.02395945
RbCdBr3,1711957,-1.40145189,-1.189371376,-1.362771376,-1.377371376,0.024080514
InVF3,1709225,-2.3269948,-2.138272474,-2.280472474,-2.302872474,0.024122326
InCoCl3,1722736,-0.78693214,-0.533341786,-0.746341786,-0.762541786,0.024390354
InPrF3,1728525,-3.00419123,-2.794008884,-2.936208884,-2.979608884,0.024582346
KHgCl3,1722732,-1.29584494,-1.05958039,-1.25698039,-1.27098039,0.02486455
RbCdI3,1709291,-0.99718494,-0.861536304,-0.960536304,-0.972136304,0.025048636
NaNiCl3,1725948,-1.17346103,-0.925872178,-1.157072178,-1.147872178,0.025588852
KSnCl3,1711907,-1.58954016,-1.32336861,-1.55876861,-1.56376861,0.02577155
CsAgI3,1709171,-0.81994765,-0.702345606,-0.801345606,-0.793945606,0.026002044
RbHgCl3,1549160,-1.33286141,-1.100939564,-1.298339564,-1.306739564,0.026121846
RbAgCl3,1432183,-1.27820152,-1.047836451,-1.260836451,-1.251836451,0.026365069
NaCuF3,1710589,-2.22417393,-2.041365496,-2.201765496,-2.197765496,0.026408434
KGeF3,1710597,-2.56017145,-2.357425064,-2.499625064,-2.533625064,0.026546386
KTiF3,1706427,-3.00990647,-2.812482826,-2.967482826,-2.983082826,0.026823644
RbSnCl3,1432128,-1.63339416,-1.371643925,-1.607043925,-1.606443925,0.026950235
RbMgF3,646367,-3.48619176,-3.283651312,-3.425851312,-3.458851312,0.027340448
KHgI3,1722776,-0.75679076,-0.636247102,-0.719647102,-0.729447102,0.027343658
NaSmF3,1706392,-3.26599046,-3.061519904,-3.221919904,-3.238519904,0.027470556
KHgBr3,1711902,-1.09158328,-0.8933098,-1.0511098,-1.0639098,0.02767348
RbGeF3,1709202,-2.57657388,-2.378245434,-2.520445434,-2.548845434,0.027728446
SnLiF3,1713549,-2.67178938,-2.461219982,-2.625819982,-2.644019982,0.027769398
InRhCl3,1728507,-0.72103407,-0.476426094,-0.689426094,-0.693226094,0.027807976
CuMnF3,1714545,-1.76400458,-1.575322886,-1.717522886,-1.736122886,0.027881694
RbTiF3,1706438,-3.01812214,-2.825091242,-2.980091242,-2.990091242,0.028030898
RbHgI3,1709289,-0.79833711,-0.682354818,-0.765754818,-0.769954818,0.028382292
RbHgBr3,1709211,-1.13005848,-0.936329826,-1.094129826,-1.101329826,0.028728654
KMgF3,5646,-3.53545417,-3.324894354,-3.467094354,-3.505694354,0.029759816
NaCdCl3,1725941,-1.4577038,-1.19408168,-1.42528168,-1.42788168,0.02982212
InCoBr3,1728485,-0.51864095,-0.3001836,-0.4735836,-0.4885836,0.03005735
KSnBr3,1711893,-1.35012693,-1.12030145,-1.31610145,-1.31990145,0.03022548
RbSnBr3,1383319,-1.39499112,-1.169615718,-1.365415718,-1.363615718,0.031375402
NaCaF3,1713234,-3.50677647,-3.280410032,-3.440810032,-3.475210032,0.031566438
KAgBr3,1428408,-1.05288754,-0.852412669,-1.025812669,-1.021212669,0.031674871
CsPtF3,1709201,-1.82560815,-1.659060962,-1.801260962,-1.793860962,0.031747188
NaNdF3,1711859,-3.24210543,-3.041696376,-3.202096376,-3.210096376,0.032009054
KSnI3,1711865,-0.96835189,-0.813964722,-0.935364722,-0.936164722,0.032187168
InSrF3,1713552,-3.09641121,-2.881399846,-3.023599846,-3.064199846,0.032211364
NaTiF3,1706393,-2.9135323,-2.711178288,-2.884378288,-2.881178288,0.032354012
CsZnF3,1347968,-2.71307608,-2.50264907,-2.64484907,-2.68044907,0.03262701
RbAgBr3,1431758,-1.08314886,-0.887110054,-1.060510054,-1.050310054,0.032838806
CsFeCl3,1709267,-1.41201271,-1.19041073,-1.40341073,-1.37901073,0.03300198
RbSnI3,1706480,-1.01484446,-0.864887724,-0.986287724,-0.981487724,0.033356736
AgMnCl3,1722759,-0.81002212,-0.562314092,-0.775314092,-0.775714092,0.034308028
InDyCl3,1728503,-1.6509225,-1.401211824,-1.614211824,-1.616411824,0.034510676
NaTmF3,1706394,-3.32977137,-3.135165074,-3.295565074,-3.295165074,0.034606296
LiCdF3,1713244,-2.3541202,-2.141704536,-2.283904536,-2.318504536,0.035615664
