,compound,OQMD_id,OQMD_hf,DFT_hf,hf_partial_cor,hf_full_cor,error
0,AgCaF3,1711925,-2.80338359,-2.566373958,-2.7085739579999997,-2.7227739579999994,0.08060963200000071
1,AgCdCl3,1722750,-0.75658198,-0.48173903600000023,-0.6947390360000001,-0.6771390360000002,0.07944294399999974
2,AgCdF3,1709249,-1.77538037,-1.5322806020000002,-1.674480602,-1.6568806019999998,0.11849976800000017
3,AgCoCl3,1722751,-0.45203581,-0.1585623380000003,-0.3715623380000004,-0.3485623379999998,0.10347347200000018
4,AgCoF3,1706441,-1.58199568,-1.3666437359999999,-1.5088437359999998,-1.4858437359999996,0.09615194400000027
5,AgCrF3,1711926,-1.96081476,-1.7549764460000006,-1.8971764460000005,-1.880776446,0.08003831400000005
6,AgCuCl3,1722752,-0.49810942,-0.26884014399999945,-0.4818401439999995,-0.45764014399999997,0.040469276000000054
7,AgCuF3,1706442,-1.51052435,-1.3174129259999998,-1.4596129259999997,-1.4354129259999997,0.07511142400000037
8,AgDyF3,1711927,-3.02620364,-2.8163074780000006,-2.9585074780000005,-2.9215074780000005,0.10469616199999932
9,AgFeCl3,1722753,-0.57017168,-0.3188315180000001,-0.5318315180000002,-0.4682315179999996,0.10194016200000033
10,AgGeF3,1711918,-1.68592585,-1.4627378579999997,-1.6049378579999996,-1.5999378579999992,0.08598799200000085
11,AgHgCl3,1722748,-0.40995396,-0.15214523199999963,-0.3495452319999999,-0.32454523199999974,0.08540872800000027
12,AgHgF3,1709252,-1.24713412,-1.0200723440000001,-1.1466723440000002,-1.121672344,0.12546177599999986
13,AgMgCl3,1722758,-1.27875487,-1.028673466,-1.2416734660000002,-1.241273466,0.037481403999999996
14,AgMnCl3,1722759,-0.81002212,-0.5623140919999994,-0.7753140919999995,-0.7757140919999994,0.034308028000000546
15,AgMnF3,1709251,-1.976957,-1.7596411520000004,-1.9018411520000003,-1.9022411520000002,0.07471584799999986
16,AgNiCl3,1722760,-0.51607377,-0.25867394799999976,-0.47167394799999984,-0.442273948,0.07379982200000001
17,AgNiF3,1709255,-1.57004326,-1.3391910900000008,-1.4813910900000007,-1.4519910900000004,0.11805216999999968
18,AgPdF3,1711873,-1.23008201,-1.0442480020000002,-1.1864480020000001,-1.1570480019999998,0.07303400800000026
19,AgRhF3,1711919,-1.16852962,-0.9657258179999997,-1.1079258179999996,-1.0725258179999995,0.09600380200000047
20,AgScBr3,1575261,-1.03752409,-0.8217101139999996,-0.9951101139999996,-0.9653101139999993,0.07221397600000068
21,AgSmF3,1711920,-2.98096005,-2.769694886,-2.911894886,-2.9082948859999993,0.07266516400000089
22,AgSnF3,1711924,-1.76046148,-1.50594084,-1.6705408399999997,-1.6365408399999999,0.12392064000000014
23,AgTmCl3,1722761,-1.49767175,-1.2632247700000003,-1.4762247700000004,-1.4556247700000005,0.04204697999999962
24,AgTmF3,1709256,-3.04978553,-2.8484819200000002,-2.99068192,-2.97008192,0.0797036099999997
25,AgVF3,1711921,-2.09415767,-1.908067946,-2.050267946,-2.033467946,0.060689723999999945
26,AgYbCl3,1722762,-1.60649424,-1.3602166640000002,-1.5732166640000003,-1.625416664,-0.018922424000000104
27,AgYbF3,1709258,-2.9961633,-2.798021628,-2.9402216279999998,-2.992421628,0.0037416720000003068
28,AgZnCl3,1709259,-0.79250639,-0.5198294479999999,-0.7328294479999999,-0.7292294479999999,0.06327694200000011
29,AgZnF3,5647,-1.95204356,-1.712340642,-1.854540642,-1.8509406419999996,0.10110291800000026
30,AuCdF3,1714540,-1.42614478,-1.1875973640000002,-1.329797364,-1.3259973639999998,0.10014741600000021
31,AuCoF3,1714536,-1.24620076,-1.0367644340000002,-1.178964434,-1.1697644339999997,0.07643632600000028
32,AuCuF3,1714539,-1.14895273,-0.9612587280000002,-1.103458728,-1.093058728,0.055894002000000054
33,AuHgF3,1718062,-0.90477655,-0.682997278,-0.809597278,-0.7983972779999997,0.1063792720000003
34,AuMgF3,1718063,-2.38890704,-2.161738932,-2.303938932,-2.3173389319999997,0.07156810800000013
35,AuMnF3,1714544,-1.68615686,-1.4769062960000006,-1.6191062960000004,-1.6333062960000002,0.05285056399999988
36,AuNiF3,1718065,-1.21059204,-0.9860268940000001,-1.128226894,-1.112626894,0.09796514600000017
37,AuTmF3,1718066,-2.95883079,-2.7658328200000004,-2.9080328200000003,-2.9012328199999997,0.05759797000000022
38,AuYbF3,1722763,-2.65435533,-2.4603182240000008,-2.6025182240000007,-2.668518224,-0.014162894000000037
39,AuZnCl3,1722765,-0.4733905,-0.2055715039999999,-0.418571504,-0.42877150399999997,0.04461899600000002
40,AuZnF3,1706443,-1.60330991,-1.3678585740000004,-1.5100585740000003,-1.5202585739999999,0.08305133600000003
41,BaAgCl3,1726024,-1.71745356,-1.485517164,-1.6985171639999996,-1.7621171639999997,-0.04466360399999969
42,BaAgF3,1710709,-2.58012574,-2.385988058,-2.528188058,-2.5917880579999997,-0.011662317999999505
43,BaLiBr3,1713547,-2.05315491,-1.8797597140000004,-2.0531597140000004,-2.1677597140000007,-0.11460480400000073
44,BaLiCl3,1710710,-2.40363914,-2.1950039740000005,-2.4080039740000005,-2.5238039740000007,-0.12016483400000055
45,BaNaF3,1440785,-3.49877587,-3.3011112560000004,-3.461511256,-3.5453112559999997,-0.046535385999999956
46,BaVCl3,1535121,-1.61887845,-1.4103949399999998,-1.6233949399999998,-1.7125949400000007,-0.09371649000000071
47,CsAgBr3,1489057,-1.11892336,-0.927628192,-1.101028192,-1.096628192,0.022295167999999865
48,CsAgCl3,1547067,-1.30277127,-1.0769285439999996,-1.2899285439999997,-1.2867285439999996,0.01604272600000045
49,CsAgF3,1430835,-2.08720375,-1.902627216,-2.044827216,-2.0416272159999997,0.04557653400000028
50,CsAgI3,1709171,-0.81994765,-0.7023456059999997,-0.8013456059999997,-0.7939456059999999,0.02600204400000017
51,CsBaBr3,1386168,-2.19138855,-2.0172467380000003,-2.1906467380000008,-2.2922467380000002,-0.10085818800000013
52,CsBaCl3,1385789,-2.47400025,-2.26377939,-2.47677939,-2.57957939,-0.10557914000000013
53,CsBaF3,1344290,-3.51249239,-3.335197538,-3.477397538,-3.5801975379999997,-0.06770514799999994
54,CsBaI3,1440784,-1.75346028,-1.6551789460000004,-1.7541789460000001,-1.8527789460000004,-0.09931866600000028
55,CsCaCl3,1344684,-2.51261902,-2.289163284,-2.5021632839999994,-2.5555632839999998,-0.042944263999999954
56,CsCaI3,1384839,-1.71266056,-1.603531792,-1.702531792,-1.7517317920000002,-0.03907123200000018
57,CsCdBr3,1706428,-1.44602544,-1.2394557519999998,-1.412855752,-1.433255752,0.012769688000000112
58,CsCdCl3,1345809,-1.69702521,-1.453635282,-1.6666352819999999,-1.688235282,0.008789928000000113
59,CsCdF3,646364,-2.68997087,-2.477737684,-2.619937684,-2.641537684,0.04843318599999957
60,CsCdI3,1709173,-1.050527,-0.920488824,-1.0194888239999997,-1.0368888239999998,0.013638176000000168
61,CsCeBr3,1711895,-1.86166116,-1.8838928860000004,-2.057292886,-2.112492886,-0.25083172600000014
62,CsCeCl3,1709261,-2.15270021,-2.1437412240000002,-2.3567412240000003,-2.413141224,-0.26044101399999997
63,CsCeF3,1711953,-3.20044542,-3.2716803240000005,-3.4138803240000004,-3.470280324,-0.2698349040000001
64,CsCeI3,1711867,-1.43596939,-1.5224607039999998,-1.6214607039999998,-1.6736607039999998,-0.23769131399999988
65,CsCoI3,1711862,-0.6083221,-0.4985808860000005,-0.5975808860000003,-0.6095808860000003,-0.0012587860000002893
66,CsCrBr3,1706429,-1.32605532,-1.1515859460000004,-1.3249859460000004,-1.3465859460000003,-0.02053062600000022
67,CsCrCl3,1709221,-1.61723283,-1.4070773840000004,-1.6200773840000005,-1.6428773840000002,-0.025644554000000097
68,CsCrF3,1706425,-2.69401603,-2.5135728340000005,-2.6557728340000004,-2.678572834,0.01544319599999966
69,CsCrI3,1432912,-0.90191783,-0.29256049300000075,-0.3915604930000005,-0.41016049300000024,0.4917573369999998
70,CsCuBr3,1709212,-1.08760139,-0.9207400319999999,-1.094140032,-1.1079400320000001,-0.02033864200000024
71,CsCuCl3,1575757,-1.3048979,-1.1030865339999996,-1.3160865339999996,-1.3310865339999998,-0.02618863399999971
72,CsCuF3,1576135,-2.20542233,-2.040699824,-2.1828998239999997,-2.197899824,0.007522506000000373
73,CsCuI3,1722739,-0.75009369,-0.658465386,-0.7574653859999998,-0.7682653859999999,-0.018171695999999904
74,CsDyBr3,1706422,-1.81680469,-1.6318752179999998,-1.805275218,-1.8062752180000001,0.010529471999999984
75,CsDyF3,1706460,-3.21714358,-3.0315272859999993,-3.173727285999999,-3.1759272859999994,0.04121629400000071
76,CsDyI3,1706396,-1.36848102,-1.259258236,-1.3582582359999997,-1.356258236,0.012222783999999987
77,CsEuBr3,1386802,-2.27297156,-2.8105635820000003,-2.9839635820000003,-3.0325635820000003,-0.7595920220000005
78,CsEuCl3,6025,-2.59957464,-3.9291578019999998,-4.142157802,-4.191957801999999,-1.592383161999999
79,CsEuI3,1706456,-1.79026027,-3.28918274,-3.38818274,-3.43378274,-1.6435224699999997
80,CsFeBr3,1575236,-1.1240797,-0.9386968540000002,-1.1120968540000002,-1.086496854,0.03758284600000006
81,CsFeCl3,1709267,-1.41201271,-1.19041073,-1.40341073,-1.3790107299999996,0.03300198000000032
82,CsFeI3,1711863,-0.69998059,-0.5902365140000003,-0.6892365140000001,-0.6606365140000001,0.039344075999999895
83,CsGdBr3,1706405,-1.83867555,-3.6032500800000005,-3.7766500800000005,-3.7766500800000005,-1.9379745300000004
84,CsGdCl3,1706452,-2.14953699,-3.87256451,-4.08556451,-4.08676451,-1.93722752
85,CsGdF3,1706462,-3.22531254,-4.969911136,-5.112111135999999,-5.113311136,-1.887998596
86,CsGeBr3,14503,-1.31213636,-1.1220880939999995,-1.295488094,-1.3284880939999997,-0.016351733999999674
87,CsGeCl3,1706432,-1.54889686,-1.3225172059999997,-1.5355172059999997,-1.5697172059999998,-0.020820345999999823
88,CsGeF3,1709200,-2.57756861,-2.384576206,-2.526776206,-2.5609762059999994,0.016592404000000727
89,CsGeI3,1706397,-0.93535493,-0.8208284199999998,-0.9198284199999998,-0.9498284199999996,-0.014473489999999534
90,CsHgBr3,4639,-1.17758174,-0.9893896739999997,-1.147189674,-1.160189674,0.017392065999999984
91,CsHgCl3,1383702,-1.37405126,-1.1476473379999999,-1.345047338,-1.359247338,0.014803922000000025
92,CsHgF3,3031,-2.21662355,-2.019588,-2.1461880000000004,-2.160388,0.0562355499999998
93,CsHgI3,1706430,-0.85232586,-0.74193416,-0.8253341599999999,-0.8353341599999999,0.016991700000000054
94,CsLaBr3,1711877,-1.90841958,-1.7279273500000003,-1.9013273500000005,-1.9091273500000003,-0.0007077700000004405
95,CsLaCl3,1709262,-2.19835446,-1.9820164800000004,-2.1950164800000005,-2.2040164800000004,-0.005662020000000378
96,CsMgBr3,1709208,-1.80672158,-1.6288616879999998,-1.802261688,-1.839861688,-0.033140108
97,CsMgCl3,1709269,-2.14159644,-1.9263025099999997,-2.13930251,-2.17810251,-0.03650607000000017
98,CsMgF3,646366,-3.40771293,-3.215682868,-3.357882868,-3.396682868,0.011030062000000118
99,CsMgI3,1711869,-1.32294597,-1.221384708,-1.3203847079999997,-1.354984708,-0.03203873800000001
100,CsMnBr3,1709199,-1.39770903,-1.2183327160000004,-1.3917327160000008,-1.4301327160000006,-0.03242368600000067
101,CsMnCl3,1709222,-1.68987226,-1.4737996179999997,-1.6867996179999998,-1.7263996179999999,-0.03652735799999984
102,CsMnF3,1346348,-2.78126189,-1.964998112,-2.107198112,-2.146798112,0.6344637780000002
103,CsMoBr3,1711882,-0.93988624,-0.7780743460000004,-0.9514743460000004,-0.9494743460000006,-0.009588106000000596
104,CsMoCl3,1709263,-1.20440657,-1.0085488499999995,-1.2215488499999996,-1.2207488499999997,-0.01634227999999971
105,CsMoF3,1711954,-2.13958089,-1.984174646,-2.126374646,-2.125574646,0.014006243999999946
106,CsMoI3,1718069,-0.55576935,-0.4674955280000006,-0.5664955279999999,-0.5614955280000005,-0.005726178000000415
107,CsNdCl3,1706445,-2.15878748,-1.9417157839999994,-2.1547157839999995,-2.1817157839999997,-0.022928303999999677
108,CsNdF3,1706447,-3.23866366,-3.0559239500000004,-3.1981239500000003,-3.22512395,0.013539709999999872
109,CsNiBr3,1575196,-1.04922416,-0.8534464259999996,-1.026846426,-1.035446426,0.013777734000000041
110,CsNiCl3,1709264,-1.27622654,-1.0462448259999997,-1.2592448259999998,-1.269044826,0.007181713999999895
111,CsPbBr3,5672,-1.50140142,-1.3026501919999998,-1.4760501919999998,-1.4392501919999998,0.06215122800000028
112,CsPbCl3,5671,-1.74367291,-1.5085243780000002,-1.7215243780000002,-1.6859243780000002,0.05774853199999974
113,CsPbI3,20436,-1.11882425,-0.99561777,-1.0946177699999997,-1.0548177699999997,0.06400648000000042
114,CsPdBr3,1489054,-1.12554959,-0.9617025560000001,-1.1351025560000003,-1.143702556,-0.018152965999999937
115,CsPdCl3,1575826,-1.31032552,-1.1120771440000001,-1.3250771440000002,-1.334877144,-0.024551624000000105
116,CsPdF3,1440780,-2.06364637,-1.9039001080000002,-2.046100108,-2.0559001079999994,0.007746262000000392
117,CsPdI3,1709174,-0.84730554,-0.7575472800000003,-0.85654728,-0.8621472799999998,-0.014841739999999826
118,CsPrBr3,1706407,-1.86257389,-1.6823830860000002,-1.8557830860000002,-1.8979830860000002,-0.035409196000000254
119,CsPrCl3,1706454,-2.15756142,-1.9416315480000002,-2.1546315480000002,-2.1980315480000003,-0.04047012800000038
120,CsPrF3,1706464,-3.2157687,-3.034147554,-3.176347554,-3.2197475539999996,-0.003978853999999643
121,CsPrI3,1714547,-1.43259966,-1.3282266540000007,-1.4272266540000003,-1.4664266540000004,-0.03382699400000044
122,CsPtBr3,1709209,-0.99954874,-0.8343094939999998,-1.0077094940000002,-0.9991094939999998,0.0004392460000002263
123,CsPtF3,1709201,-1.82560815,-1.6590609619999999,-1.8012609619999997,-1.7938609620000001,0.03174718799999998
124,CsPtI3,1718049,-0.74809156,-0.6573742080000002,-0.756374208,-0.7447742080000004,0.003317351999999607
125,CsRhBr3,1706423,-0.98836647,-0.8067407719999999,-0.9801407719999999,-0.9827407720000001,0.005625697999999901
126,CsRhCl3,1549370,-1.20290089,-0.9874253019999997,-1.2004253019999997,-1.2042253019999998,-0.001324411999999775
127,CsRhI3,1706398,-0.69763335,-0.5883852120000004,-0.6873852120000001,-0.6869852120000002,0.010648137999999863
128,CsSmBr3,1706424,-1.85125178,-1.6646935920000003,-1.8380935920000003,-1.8724935920000003,-0.021241812000000415
129,CsSmCl3,6024,-2.15552289,-1.9334002039999993,-2.1464002039999994,-2.1820002039999995,-0.02647731399999964
130,CsSmF3,1706459,-3.2219087,-3.034775314,-3.176975314,-3.2125753139999995,0.009333386000000665
131,CsSnBr3,2352,-1.45056354,-1.2308834440000003,-1.4266834440000005,-1.4306834440000002,0.019880095999999847
132,CsSnCl3,5451,-1.68660515,-1.4304913619999997,-1.6658913619999995,-1.6710913619999996,0.015513788000000472
133,CsSnF3,1547166,-2.69887685,-2.4757957940000006,-2.6403957940000002,-2.645595794,0.05328105599999988
134,CsSnI3,12694,-1.07516857,-0.9308857400000004,-1.0522857399999999,-1.05328574,0.02188283000000002
135,CsSrBr3,1346547,-2.21029805,-2.0297236919999997,-2.203123692,-2.242523692,-0.03222564199999978
136,CsSrCl3,1709271,-2.51533167,-2.29864738,-2.51164738,-2.55224738,-0.03691570999999971
137,CsSrF3,646362,-3.65153321,-3.467474908,-3.6096749079999997,-3.6502749079999997,0.001258302000000544
138,CsTiCl3,1711935,-1.83998443,-1.630805948,-1.856605948,-1.872405948,-0.03242151800000004
139,CsTiF3,1706465,-2.98391523,-2.797313174000001,-2.9523131740000004,-2.9681131740000004,0.01580205599999962
140,CsTmBr3,1706446,-1.77260873,-1.6018393359999998,-1.7752393359999998,-1.792639336,-0.02003060599999995
141,CsTmCl3,6022,-2.09538795,-1.8886296640000002,-2.1016296640000003,-2.120229664,-0.024841713999999904
142,CsTmF3,1706448,-3.22090751,-3.046701356,-3.1889013559999997,-3.207501356,0.013406154000000114
143,CsTmI3,1706449,-1.31841019,-1.2238053240000006,-1.3228053240000004,-1.3372053240000004,-0.018795134000000324
144,CsVBr3,1706431,-1.33656886,-1.1834157679999997,-1.3568157680000001,-1.3780157680000005,-0.04144690800000039
145,CsVCl3,1706450,-1.65240357,-1.4647052179999998,-1.6777052179999998,-1.7001052180000005,-0.04770164800000054
146,CsVF3,1440783,-2.77970213,-2.3266624700000005,-2.4688624700000004,-2.4912624700000006,0.28843965999999943
147,CsVI3,1709172,-0.8908545,-0.8117402279999997,-0.9107402279999999,-0.9289402280000001,-0.038085728000000096
148,CsYBr3,1711878,-1.83577817,-1.6650936559999998,-1.8384936560000003,-1.8540936560000003,-0.018315486000000325
149,CsYCl3,1711936,-2.14759698,-1.9435785499999998,-2.15657855,-2.1733785500000002,-0.025781570000000364
150,CsYF3,1713487,-3.22009499,-3.0603856700000005,-3.2025856700000004,-3.2193856700000003,0.0007093199999999023
151,CsYbBr3,13928,-2.22916085,-2.0475626159999996,-2.220962616,-2.311162616,-0.08200176599999986
152,CsYbCl3,6023,-2.5690885,-2.35257467,-2.56557467,-2.65697467,-0.08788616999999999
153,CsYbF3,646363,-3.87745172,-3.7041006160000003,-3.846300616,-3.937700616,-0.06024889600000005
154,CsYbI3,1706455,-1.73156277,-1.623968382,-1.7229683819999997,-1.8101683819999996,-0.0786056119999996
155,CsZnBr3,1709210,-1.37284881,-1.167852904,-1.341252904,-1.375652904,-0.0028040940000000347
156,CsZnCl3,1709265,-1.64398591,-1.4021608520000002,-1.6151608520000003,-1.6507608520000001,-0.0067749420000000615
157,CsZnF3,1347968,-2.71307608,-2.5026490700000004,-2.6448490700000002,-2.68044907,0.03262701000000012
158,CsZnI3,1711870,-0.96216313,-0.8337432160000007,-0.9327432160000004,-0.9641432160000003,-0.001980086000000325
159,CuCdF3,1714541,-1.50598517,-1.2925963380000003,-1.4347963380000002,-1.4353963379999999,0.0705888320000001
160,CuCoF3,1714537,-1.36824049,-1.1818554799999994,-1.3240554799999993,-1.3192554799999994,0.04898501000000066
161,CuHgF3,1718060,-0.98335529,-0.7866640839999999,-0.9132640839999999,-0.9064640839999998,0.07689120600000021
162,CuMgF3,1718064,-2.53350283,-2.3246144380000002,-2.466814438,-2.484614438,0.04888839200000028
163,CuMnF3,1714545,-1.76400458,-1.5753228860000004,-1.7175228860000002,-1.736122886,0.027881693999999957
164,CuNiF3,1718061,-1.34709698,-1.1460043880000002,-1.288204388,-1.277004388,0.07009259200000018
165,CuTmF3,1718067,-2.87338605,-2.6975717080000003,-2.8397717080000002,-2.837371708,0.03601434200000009
166,CuYbF3,1722764,-2.72990706,-2.565633204,-2.707833204,-2.7782332039999997,-0.04832614399999979
167,CuZnCl3,1722766,-0.52646606,-0.28419359600000016,-0.4971935959999998,-0.5117935960000002,0.014672463999999774
168,CuZnF3,1706444,-1.73614335,-1.5253600120000002,-1.667560012,-1.682160012,0.0539833380000001
169,EuLiF3,1347636,-3.87542486,-4.086872686,-4.229072686,-4.291872686,-0.41644782599999974
170,HZnF3,1711922,-1.15187905,-0.9538873940000006,-1.0826873940000001,-1.088087394,0.06379165600000003
171,HgScBr3,1546872,-1.36892514,-1.172315024,-1.330115024,-1.317715024,0.05121011600000003
172,InAgBr3,1728484,-0.59253779,-0.372025748,-0.545425748,-0.541025748,0.051512041999999925
173,InAgCl3,1728505,-0.77208336,-0.5174120859999998,-0.7304120859999998,-0.7272120859999998,0.04487127400000024
174,InAgF3,1720324,-1.57409311,-1.3625047280000007,-1.5047047280000003,-1.5015047280000002,0.07258838199999973
175,InCF3,1731055,-0.46822343,-0.2644959840000003,-0.4066959840000002,-0.45509598399999973,0.013127446000000265
176,InCaBr3,1711875,-1.63163739,-1.413886306,-1.5872863060000002,-1.6394863060000002,-0.00784891600000015
177,InCaCl3,1725979,-1.95217305,-1.6966264199999999,-1.9096264199999997,-1.9630264199999998,-0.010853369999999751
178,InCaF3,1710666,-3.18018193,-2.947728304,-3.089928304,-3.1433283039999997,0.036853626000000084
179,InCdBr3,1728479,-0.90140779,-0.6638712379999996,-0.8372712379999998,-0.8576712379999998,0.04373655200000026
180,InCdCl3,1725956,-1.15228332,-0.8778659879999997,-1.0908659879999996,-1.1124659879999996,0.03981733200000037
181,InCdF3,1710596,-2.16120163,-1.918322604,-2.060522604,-2.082122604,0.07907902600000005
182,InCoBr3,1728485,-0.51864095,-0.30018359999999955,-0.4735836,-0.4885836000000001,0.03005734999999987
183,InCoCl3,1722736,-0.78693214,-0.5333417860000007,-0.7463417860000003,-0.7625417860000008,0.024390353999999226
184,InCrBr3,1549129,-0.82315136,-0.6175409020000004,-0.7909409020000004,-0.8125409020000003,0.010610457999999712
185,InCrCl3,1549478,-1.11470522,-0.8739629380000005,-1.0869629380000005,-1.1097629380000003,0.004942281999999798
186,InCrF3,1576298,-2.20829223,-1.9970665440000013,-2.139266544000001,-2.162066544000001,0.04622568599999921
187,InCuCl3,1549458,-0.82128177,-0.5899689660000003,-0.8029689659999999,-0.817968966,0.0033128040000000025
188,InCuF3,1718047,-1.78428827,-1.5878020719999997,-1.7300020719999996,-1.7450020719999997,0.03928619800000033
189,InDyBr3,1728480,-1.3233058,-1.10925328,-1.2826532800000003,-1.2836532800000002,0.03965251999999975
190,InDyCl3,1728503,-1.6509225,-1.4012118239999993,-1.6142118239999994,-1.6164118239999996,0.03451067600000046
191,InDyF3,1718007,-3.05384962,-2.840544838,-2.982744838,-2.9849448379999997,0.06890478200000016
192,InEuBr3,1728482,-1.70154838,-3.0633715159999992,-3.2367715159999992,-3.2853715159999997,-1.5838231359999997
193,InEuCl3,1711945,-2.02668049,-3.3311517519999994,-3.5441517519999994,-3.5939517519999997,-1.5672712619999998
194,InEuF3,1711951,-3.32720069,-4.49882313,-4.64102313,-4.690823129999999,-1.363622439999999
195,InFeBr3,1728486,-0.62691532,-0.41080438399999997,-0.584204384,-0.5586043840000001,0.06831093599999993
196,InFeCl3,1725952,-0.91345562,-0.6608104340000001,-0.8738104340000001,-0.8494104340000002,0.06404518599999987
197,InGdBr3,1728473,-1.33788946,-3.078090972,-3.251490972,-3.251490972,-1.913601512
198,InGdF3,1728524,-3.04874392,-4.7016779600000005,-4.84387796,-4.84507796,-1.79633404
199,InGeBr3,1728487,-0.76871922,-0.5476599839999996,-0.721059984,-0.754059984,0.014659236000000075
200,InGeCl3,1728506,-0.99965859,-0.7422949239999999,-0.9552949239999995,-0.9894949239999997,0.010163666000000293
201,InGeF3,1720323,-2.04173401,-1.8182919919999998,-1.9604919919999997,-1.9946919919999995,0.04704201800000041
202,InHgBr3,1711901,-0.6260542,-0.40736309599999987,-0.565163096,-0.5781630960000002,0.04789110399999985
203,InHgF3,1711896,-1.68532223,-1.4573768360000001,-1.5839768360000002,-1.598176836,0.08714539399999999
204,InMgCl3,1725954,-1.631548,-1.383651808,-1.596651808,-1.635451808,-0.0039038080000000086
205,InMgF3,1710593,-2.96162549,-2.7330463120000004,-2.8752463120000002,-2.914046312,0.04757917799999989
206,InMnBr3,1575536,-0.88079595,-0.6693995060000004,-0.8427995060000004,-0.8811995060000002,-0.00040355600000019365
207,InMnCl3,1575943,-1.1721719,-0.924289774,-1.137289774,-1.1768897739999997,-0.004717873999999789
208,InMnF3,1710603,-2.29281475,-2.074169646,-2.216369646,-2.2559696459999996,0.036845104000000184
209,InNdF3,1720352,-3.0110788,-2.80038782,-2.94258782,-2.96958782,0.041490979999999844
210,InNiCl3,1575960,-0.81529866,-0.5567360839999997,-0.7697360839999998,-0.7795360839999996,0.03576257600000032
211,InNiF3,1710681,-1.82564252,-1.5933736139999999,-1.7355736139999998,-1.745373614,0.08026890599999992
212,InPbBr3,1711930,-0.91932324,-0.6894586619999998,-0.8628586619999998,-0.8260586619999999,0.0932645780000001
213,InPbCl3,1711928,-1.15682785,-0.8905289959999996,-1.1035289959999997,-1.0679289959999996,0.08889885400000042
214,InPbF3,1711933,-2.19227704,-1.9588685679999998,-2.1010685679999996,-2.065468567999999,0.1268084720000009
215,InPdBr3,1728488,-0.62838028,-0.4347550560000002,-0.6081550560000002,-0.6167550560000001,0.011625223999999879
216,InPdCl3,1722704,-0.80835465,-0.5809481379999997,-0.7939481379999997,-0.8037481379999996,0.004606512000000396
217,InPdF3,1709178,-1.56905933,-1.3808778040000003,-1.5230778040000001,-1.5328778039999995,0.036181526000000463
218,InPrBr3,1728477,-1.3465109,-1.13733994,-1.31073994,-1.3529399400000002,-0.006429040000000219
219,InPrCl3,1728521,-1.65716031,-1.4115595879999994,-1.6245595879999994,-1.6679595879999995,-0.010799277999999468
220,InPrF3,1728525,-3.00419123,-2.794008884,-2.936208884,-2.9796088839999997,0.02458234600000031
221,InPtF3,1718008,-1.30775873,-1.1112967220000005,-1.2534967220000004,-1.2460967220000003,0.06166200799999966
222,InRhBr3,1728489,-0.51222803,-0.3005330639999997,-0.4739330639999997,-0.47653306399999984,0.035694966000000106
223,InRhCl3,1728507,-0.72103407,-0.4764260939999998,-0.6894260939999999,-0.6932260939999999,0.027807976000000068
224,InRhF3,1728502,-1.52602932,-1.3144690399999996,-1.4566690399999995,-1.4604690399999996,0.06556028000000036
225,InSmBr3,1728495,-1.34227806,-1.1269247519999999,-1.3003247519999999,-1.334724752,0.00755330799999987
226,InSmCl3,1711943,-1.65969378,-1.4085596299999996,-1.6215596299999997,-1.6571596299999998,0.002534150000000235
227,InSmF3,1718054,-3.03718912,-2.822128714,-2.964328714,-2.9999287139999997,0.037260406000000135
228,InSnBr3,1711892,-0.87633353,-0.6254883039999997,-0.8212883039999999,-0.8252883039999994,0.05104522600000061
229,InSnCl3,1711906,-1.10647458,-0.8191907079999998,-1.054590708,-1.0597907079999995,0.04668387200000046
230,InSnF3,1718053,-2.13594455,-1.8815383800000003,-2.04613838,-2.05133838,0.08460617000000026
231,InSrF3,1713552,-3.09641121,-2.8813998460000003,-3.023599846,-3.064199846,0.03221136399999969
232,InTbCl3,1538890,-1.52498831,-1.4072719820000001,-1.6202719820000002,-1.6136719819999996,-0.08868367199999971
233,InTiF3,1718048,-2.53203809,-2.3202575120000004,-2.475257512,-2.4910575120000003,0.04098057799999966
234,InTmCl3,1711937,-1.6273505,-1.3904885839999999,-1.603488584,-1.6220885839999997,0.005261916000000255
235,InTmF3,1720356,-3.06811039,-2.8639552700000004,-3.0061552700000003,-3.02475527,0.04335512000000019
236,InVBr3,1728501,-0.83425269,-0.6485028839999996,-0.8219028839999996,-0.8431028839999999,-0.008850193999999867
237,InVCl3,1575955,-1.14944521,-0.9294091139999998,-1.142409114,-1.164809114,-0.015363903999999984
238,InVF3,1709225,-2.3269948,-2.138272474,-2.2804724739999997,-2.302872474,0.024122326000000083
239,InYbBr3,1711880,-1.67309164,-1.4610356579999997,-1.6344356579999997,-1.7246356579999995,-0.051544017999999525
240,InYbCl3,1711940,-2.01344919,-1.7668232540000002,-1.9798232540000003,-2.071223254,-0.057774063999999736
241,InYbF3,1711955,-3.37377323,-3.17160012,-3.31380012,-3.405200119999999,-0.03142688999999921
242,InZnCl3,1725986,-1.14093241,-0.8683729599999999,-1.08137296,-1.1169729599999998,0.023959450000000215
243,InZnF3,1710674,-2.24049812,-2.0000214140000003,-2.142221414,-2.177821414,0.06267670599999997
244,KAgBr3,1428408,-1.05288754,-0.8524126689999998,-1.0258126689999998,-1.0212126689999999,0.031674871000000104
245,KAgF3,1706400,-2.07216145,-1.8831137400000002,-2.02531374,-2.02191374,0.050247709999999834
246,KBaCl3,1385431,-2.3579622,-2.1376232339999994,-2.3506232339999995,-2.4532232339999993,-0.09526103399999952
247,KBaF3,1347875,-3.41027622,-3.2229413460000007,-3.3651413460000006,-3.4677413460000004,-0.05746512600000031
248,KCCl3,1731056,-0.17393173,0.04280569600000028,-0.1701943039999998,-0.21839430399999982,-0.04446257399999981
249,KCF3,1713238,-1.09815801,-0.9146299020000006,-1.0568299020000005,-1.105029902,-0.006871892000000157
250,KCaBr3,1346959,-2.09967707,-1.903252202,-2.076652202,-2.1286522020000005,-0.02897513200000068
251,KCaCl3,1384250,-2.43054564,-2.1963432560000005,-2.409343256,-2.462543256,-0.03199761599999995
252,KCaF3,19784,-3.68525383,-3.473412052,-3.615612052,-3.668812052,0.01644177800000035
253,KCdBr3,1713243,-1.36411395,-1.1476473859999998,-1.321047386,-1.341247386,0.022866563999999867
254,KCdCl3,1710598,-1.63026201,-1.3768896019999999,-1.5898896019999997,-1.6112896019999998,0.018972408000000218
255,KCdF3,646151,-2.65539855,-2.4333646360000003,-2.575564636,-2.596964636,0.05843391400000009
256,KCdI3,1722772,-0.95543998,-0.8153787159999999,-0.9143787159999999,-0.931578716,0.023861263999999993
257,KCeF3,1711908,-3.2027046,-3.2842725199999996,-3.4264725199999995,-3.4826725199999995,-0.27996791999999937
258,KCeI3,1722773,-1.32339743,-1.4009105800000006,-1.49991058,-1.5519105800000002,-0.22851315000000016
259,KCoBr3,1548970,-0.95912123,-0.7647149099999999,-0.9381149100000004,-0.9529149100000001,0.006206319999999987
260,KCoCl3,1432015,-1.25386027,-0.9463245410000005,-1.1593245410000002,-1.1753245410000002,0.07853572899999994
261,KCoF3,1576223,-2.39239904,-2.195504402,-2.337704402,-2.3537044019999995,0.03869463800000039
262,KCoI3,1722774,-0.55058578,-0.4301871700000004,-0.5291871700000002,-0.5409871700000002,0.009598609999999841
263,KCrBr3,1546856,-1.27746221,-1.0928230820000002,-1.2662230820000002,-1.287623082,-0.010160872000000154
264,KCrCl3,1432020,-1.5914397,-0.9164956690000001,-1.1294956690000002,-1.152095669,0.4393440310000001
265,KCrF3,1429999,-2.72860093,-2.162084390000001,-2.3042843900000007,-2.32688439,0.4017165399999998
266,KCuBr3,1548959,-1.0545198,-0.8782491459999997,-1.0516491460000001,-1.0652491460000002,-0.010729346000000195
267,KCuCl3,1432021,-1.30097268,-1.0905175939999996,-1.3035175939999994,-1.3183175939999998,-0.01734491399999971
268,KCuF3,1706426,-2.32743353,-2.153608169999999,-2.295808169999999,-2.310608169999999,0.01682536000000079
269,KDyBr3,1728490,-1.73071381,-1.5359298259999998,-1.709329826,-1.710129826,0.020583983999999944
270,KDyCl3,1725989,-2.05275976,-1.8226001420000002,-2.0356001420000003,-2.0376001420000005,0.01515961799999932
271,KDyF3,1709177,-3.2600753,-3.067051614000001,-3.2092516140000003,-3.2112516140000005,0.04882368599999953
272,KEuBr3,1728491,-2.17327245,-3.55203588,-3.72543588,-3.77383588,-1.6005634300000002
273,KEuF3,1713419,-3.7907545,-4.874627498000001,-5.0168274980000005,-5.0664274979999995,-1.2756729979999997
274,KEuI3,1728523,-1.68064538,-3.1671392040000006,-3.2661392040000004,-3.3115392040000002,-1.6308938240000002
275,KFeBr3,1548915,-1.07650285,-0.8809316260000002,-1.0543316260000002,-1.028531626,0.04797122400000009
276,KFeCl3,1549277,-1.39025822,-1.158760484,-1.3717604840000002,-1.3471604839999998,0.04309773600000022
277,KGaBr3,1575353,-1.27776162,-1.0720693339999994,-1.2454693339999998,-1.2838693339999998,-0.006107713999999875
278,KGdBr3,1728475,-1.74845332,-3.506831216,-3.680231216,-3.680031216,-1.931577896
279,KGdCl3,1728517,-2.06573078,-3.7790884499999997,-3.99208845,-3.9930884499999997,-1.9273576699999997
280,KGdF3,1722768,-3.26175851,-4.999534196000001,-5.141734196,-5.142734196,-1.8809756860000002
281,KGeBr3,1575382,-1.23143299,-1.031441462,-1.2048414620000003,-1.237641462,-0.006208471999999965
282,KGeCl3,1549303,-1.47790925,-1.2416041300000003,-1.4546041299999999,-1.4886041299999997,-0.01069487999999974
283,KGeF3,1710597,-2.56017145,-2.357425064,-2.499625064,-2.5336250639999998,0.026546386000000144
284,KGeI3,1709298,-0.84497474,-0.720345198,-0.8193451979999999,-0.8491451979999998,-0.0041704579999998215
285,KHgBr3,1711902,-1.09158328,-0.8933097999999997,-1.0511097999999999,-1.0639098,0.027673480000000028
286,KHgCl3,1722732,-1.29584494,-1.05958039,-1.25698039,-1.2709803900000003,0.024864549999999763
287,KHgF3,1364371,-2.17098948,-1.964107556,-2.090707556,-2.104707556,0.06628192399999966
288,KHgI3,1722776,-0.75679076,-0.636247102,-0.7196471019999999,-0.729447102,0.02734365800000005
289,KInBr3,1575328,-1.32271507,-1.1083296759999997,-1.2817296759999997,-1.3163296759999996,0.006385394000000488
290,KLaBr3,1728471,-1.81002091,-1.6196673880000003,-1.7930673880000005,-1.8006673880000004,0.009353521999999614
291,KLaCl3,1725957,-2.10525631,-1.8791638659999998,-2.092163866,-2.100963866,0.004292444000000284
292,KLaF3,1710599,-3.30297541,-3.1101589360000004,-3.2523589360000003,-3.2611589359999997,0.041816474000000436
293,KLaI3,1722778,-1.36845931,-1.2539238220000009,-1.3529238220000006,-1.3575238220000005,0.010935487999999438
294,KMgBr3,1713240,-1.74907414,-1.560467252,-1.7338672520000002,-1.7712672520000001,-0.02219311200000007
295,KMgCl3,1346718,-2.10910134,-1.8819628759999998,-2.094962876,-2.133562876,-0.024461536000000006
296,KMgF3,5646,-3.53545417,-3.3248943539999996,-3.4670943539999994,-3.5056943539999996,0.029759816000000328
297,KMnBr3,1575337,-1.33668146,-1.1465853000000004,-1.3199853000000008,-1.3581853000000006,-0.021503840000000496
298,KMnCl3,1575685,-1.64906481,-1.4220380320000001,-1.6350380320000002,-1.6744380320000003,-0.02537322200000025
299,KMnF3,6890,-2.81857533,-2.6201083680000004,-2.7623083680000002,-2.8017083680000003,0.016866961999999486
300,KMnI3,1722779,-0.88053972,-0.7658630240000002,-0.8648630239999999,-0.900063024,-0.01952330400000002
301,KMoF3,1711909,-2.05355679,-1.901278548,-2.043478548,-2.042478548,0.01107824199999996
302,KMoI3,1722780,-0.47178583,-0.37382053200000076,-0.47282053200000007,-0.46762053200000064,0.004165297999999373
303,KNdCl3,1725981,-2.06469564,-1.837794926,-2.050794926,-2.077594926,-0.01289928600000012
304,KNdF3,1710595,-3.22027503,-3.0300856100000004,-3.1722856100000003,-3.19908561,0.021189419999999792
305,KNdI3,1722781,-1.31740947,-1.2016939539999996,-1.3006939539999993,-1.3232939539999995,-0.0058844839999994125
306,KNiBr3,1575356,-1.03368706,-0.8301002339999997,-1.003500234,-1.011900234,0.021786826000000037
307,KNiCl3,1549230,-1.2955403,-1.0577213359999997,-1.2707213359999998,-1.280321336,0.015218964000000001
308,KNiF3,6891,-2.38543059,-2.173564112,-2.315764112,-2.325364112,0.06006647799999998
309,KPbBr3,1711931,-1.3964385,-1.1874558899999998,-1.3608558899999998,-1.32385589,0.07258260999999999
310,KPbCl3,1383547,-1.64037612,-1.3952097399999999,-1.60820974,-1.57240974,0.0679663800000001
311,KPbF3,1709223,-2.47284393,-2.262275738,-2.404475738,-2.368675738,0.10416819199999994
312,KPbI3,1711890,-1.00812342,-0.8747818880000002,-0.973781888,-0.933781888,0.07434153200000004
313,KPdBr3,1549016,-1.08112424,-0.9082773340000001,-1.081677334,-1.090077334,-0.008953093999999995
314,KPdCl3,1549291,-1.28540383,-1.0791773780000002,-1.2921773780000003,-1.3017773780000002,-0.016373548000000238
315,KPdF3,13108,-2.09003774,-1.9228724380000006,-2.0650724380000005,-2.074672438,0.015365302000000192
316,KPrBr3,1728476,-1.7622304,-1.5721350220000003,-1.7455350220000003,-1.7875350220000001,-0.025304622000000165
317,KPrCl3,1728519,-2.06163297,-1.835833312,-2.048833312,-2.092033312,-0.03040034200000008
318,KPrF3,1711910,-3.21682941,-3.0272547840000006,-3.1694547840000005,-3.2126547840000006,0.004174625999999293
319,KPrI3,1722782,-1.32148358,-1.20705772,-1.3060577199999994,-1.3450577199999996,-0.023574139999999577
320,KPtCl3,1722705,-1.1434146,-0.9343818439999998,-1.1473818439999999,-1.1397818440000003,0.0036327559999997927
321,KPtF3,1706401,-1.79768274,-1.623032716,-1.7652327159999999,-1.7576327159999998,0.04005002400000013
322,KRhBr3,1728492,-0.95326146,-0.7621568740000004,-0.9355568740000004,-0.9379568740000006,0.015304585999999398
323,KRhF3,1713481,-2.01930039,-1.8323012600000004,-1.9745012600000003,-1.9781012599999999,0.041199130000000306
324,KSmBr3,1728493,-1.75642005,-1.560019768,-1.733419768,-1.7676197679999999,-0.011199717999999859
325,KSmCl3,1711942,-2.06595628,-1.8341709979999998,-2.047170998,-2.0825709979999996,-0.016614717999999584
326,KSmF3,1706433,-3.24397744,-3.049252344,-3.191452344,-3.226852344,0.017125096000000006
327,KSnBr3,1711893,-1.35012693,-1.12030145,-1.3161014500000001,-1.3199014499999997,0.03022548000000036
328,KSnCl3,1711907,-1.58954016,-1.3233686100000002,-1.55876861,-1.5637686100000001,0.025771549999999976
329,KSnF3,1709224,-2.63016851,-2.3970593760000005,-2.561659376,-2.5666593759999996,0.06350913400000024
330,KSnI3,1711865,-0.96835189,-0.8139647220000006,-0.9353647220000001,-0.9361647220000002,0.032187167999999766
331,KSrCl3,1385520,-2.41232814,-2.1855548879999995,-2.3985548879999996,-2.4389548879999996,-0.026626747999999534
332,KSrF3,1384841,-3.55645559,-3.362493164,-3.504693164,-3.545093164,0.011362426000000259
333,KTiCl3,1722737,-1.80163477,-1.581618948,-1.807418948,-1.823018948,-0.021384178000000142
334,KTiF3,1706427,-3.00990647,-2.812482826,-2.9674828259999995,-2.9830828259999995,0.026823644000000257
335,KTmCl3,1250734,-2.02518843,-1.8083544660000004,-2.0213544660000005,-2.0397544660000007,-0.014566036000000615
336,KTmF3,1706434,-3.27661574,-3.093108688,-3.235308688,-3.2537086879999997,0.022907052000000316
337,KVBr3,1711911,-1.28652998,-1.1223806279999993,-1.2957806279999997,-1.316780628,-0.03025064799999999
338,KVCl3,1549306,-1.62409055,-1.42477315,-1.6377731500000001,-1.6599731500000008,-0.035882600000000764
339,KVF3,5465,-2.85942374,-2.690502252,-2.832702252,-2.854902252,0.004521487999999962
340,KYF3,1713421,-3.25854709,-3.0946070600000004,-3.2368070600000003,-3.2534070600000002,0.00514002999999974
341,KYbBr3,1711879,-2.14031254,-1.94880528,-2.12220528,-2.21220528,-0.07189274000000001
342,KYbCl3,1711939,-2.49019575,-2.2643874999999998,-2.4773875,-2.5685875,-0.0783917500000002
343,KYbF3,1706435,-3.83940725,-3.660507962,-3.802707962,-3.8939079619999997,-0.05450071199999984
344,KYbI3,1728520,-1.62874635,-1.5112860960000003,-1.610286096,-1.697286096,-0.06853974600000012
345,KZnBr3,1713482,-1.32095785,-1.1060531840000003,-1.2794531840000003,-1.3136531840000003,0.007304665999999793
346,KZnCl3,1710675,-1.61670383,-1.365017076,-1.578017076,-1.613417076,0.003286754000000114
347,KZnF3,4219,-2.78903541,-2.5688163500000005,-2.7110163500000004,-2.7464163500000005,0.042619059999999376
348,LiAsI3,1535068,-0.35389294,-0.25999787800000007,-0.3589978779999998,-0.39339787800000003,-0.039504938000000045
349,LiCaF3,1713422,-3.38316771,-3.178721194,-3.320921194,-3.3873211939999996,-0.0041534839999997075
350,LiCdF3,1713244,-2.3541202,-2.1417045360000007,-2.2839045360000005,-2.318504536,0.03561566400000027
351,LiCoF3,1711900,-2.17823609,-1.9918498020000004,-2.1340498020000003,-2.163249802,0.014986287999999792
352,LiCuF3,1722755,-2.11644226,-1.952825508,-2.095025508,-2.123025508,-0.006583248000000097
353,LiGeI3,1711977,-0.50834542,-0.3933498320000002,-0.49234983199999993,-0.5353498320000001,-0.027004412000000033
354,LiHgF3,1711898,-1.83878909,-1.641713932,-1.7683139319999999,-1.7955139319999998,0.04327515800000015
355,LiMgF3,1713232,-3.34943296,-3.140373146,-3.282573146,-3.334373146,0.015059814000000227
356,LiMnF3,1713247,-2.54629762,-2.3565916939999996,-2.4987916939999995,-2.5513916939999994,-0.005094073999999615
357,LiNiF3,1713492,-2.16965603,-1.9688090760000003,-2.111009076,-2.133809076,0.03584695400000015
358,LiPdF3,1711872,-1.79673007,-1.6423346620000006,-1.7845346620000004,-1.8073346619999997,-0.010604591999999746
359,LiTmF3,1722756,-3.24262411,-3.066798350000001,-3.2089983500000008,-3.240598350000001,0.0020257599999990994
360,LiVF3,1711853,-2.60414524,-2.444405294,-2.586605294,-2.622005294,-0.017860054000000236
361,LiYbF3,1711958,-3.55586093,-3.386322962,-3.528522962,-3.6329229619999994,-0.07706203199999928
362,LiZnCl3,1722757,-1.31658972,-1.0745585380000002,-1.2875585379999999,-1.336158538,-0.019568817999999988
363,LiZnF3,1709257,-2.55435997,-2.343596144,-2.485796144,-2.5343961439999996,0.019963826000000573
364,NaAgF3,1713233,-1.92341314,-1.726827518,-1.8872275179999998,-1.8650275179999996,0.058385622000000525
365,NaCaF3,1713234,-3.50677647,-3.2804100320000003,-3.440810032,-3.4752100319999997,0.031566438000000474
366,NaCdCl3,1725941,-1.4577038,-1.19408168,-1.4252816799999999,-1.4278816799999998,0.029822120000000174
367,NaCdF3,1709164,-2.49182127,-2.2596277540000003,-2.420027754,-2.4226277539999996,0.06919351600000034
368,NaCeF3,1711854,-3.21162449,-3.2584844619999997,-3.4188844619999994,-3.4562844619999993,-0.24465997199999912
369,NaCoCl3,1725942,-1.1185436,-0.8775675119999997,-1.1087675119999996,-1.1059675119999999,0.012576088000000096
370,NaCoF3,1706388,-2.3143655,-2.1078972940000003,-2.2682972940000004,-2.265497294,0.04886820599999986
371,NaCrCl3,1725943,-1.44340377,-1.2131190539999999,-1.4443190540000002,-1.4481190540000002,-0.004715284000000208
372,NaCrF3,1706389,-2.61817208,-2.416691634000001,-2.577091634000001,-2.5808916340000008,0.037280445999999134
373,NaCuCl3,1725944,-1.16783353,-0.948807908,-1.1800079079999999,-1.176007908,-0.008174378000000093
374,NaCuF3,1710589,-2.22417393,-2.041365496,-2.201765496,-2.1977654959999997,0.02640843400000037
375,NaDyF3,1713235,-3.30048786,-3.097537024,-3.2579370240000003,-3.2411370240000004,0.059350835999999685
376,NaFeCl3,1725945,-1.24474807,-1.0034011039999995,-1.2346011039999998,-1.1912011039999997,0.05354696600000031
377,NaGeI3,1711978,-0.6698081,-0.5347804360000001,-0.6519804360000001,-0.6629804359999998,0.006827664000000233
378,NaHgCl3,1725946,-1.12114465,-0.8742609459999999,-1.089860946,-1.085060946,0.03608370399999994
379,NaHgF3,1706391,-1.97584294,-1.7591051480000002,-1.903905148,-1.8991051479999999,0.07673779200000008
380,NaLaF3,1711857,-3.30405374,-3.1027556859999996,-3.2631556859999997,-3.2531556859999995,0.05089805400000058
381,NaMgBr3,1713236,-1.58651278,-1.38666735,-1.5782673500000004,-1.5968673500000001,-0.010354570000000063
382,NaMgCl3,1710590,-1.95990158,-1.721198228,-1.9523982279999998,-1.9721982279999999,-0.012296647999999966
383,NaMgF3,21841,-3.47099942,-3.24456142,-3.4049614200000002,-3.4247614200000003,0.04623799999999978
384,NaMnCl3,1725947,-1.49355469,-1.2560018379999995,-1.4872018379999998,-1.5078018380000002,-0.014247148000000154
385,NaMnF3,1347280,-2.69807927,-1.9771618960000001,-2.1375618960000002,-2.158161896,0.5399173739999998
386,NaMoF3,1711858,-1.94004481,-1.782039976,-1.9424399760000002,-1.9226399760000006,0.01740483399999948
387,NaNdF3,1711859,-3.24210543,-3.041696376000001,-3.2020963760000005,-3.210096376,0.03200905399999998
388,NaNiCl3,1725948,-1.17346103,-0.9258721779999997,-1.157072178,-1.147872178,0.02558885199999983
389,NaNiF3,1386221,-2.30608022,-2.054095352,-2.214495352,-2.2052953519999994,0.10078486800000075
390,NaPbF3,1709166,-2.46659165,-2.2444254440000004,-2.4048254440000005,-2.3502254440000003,0.11636620599999947
391,NaPdF3,1709167,-1.93106774,-1.7576748880000004,-1.918074888,-1.9088748879999997,0.022192852000000318
392,NaPrF3,1711860,-3.22844302,-3.0286025660000004,-3.189002566,-3.213402566,0.015040453999999759
393,NaRhF3,1713237,-1.87518058,-1.682148444,-1.8425484439999997,-1.8273484439999992,0.04783213600000091
394,NaSmF3,1706392,-3.26599046,-3.061519904,-3.221919904,-3.2385199039999994,0.027470556000000368
395,NaSnF3,1709168,-2.45523723,-2.2116475540000007,-2.394447554,-2.380647554,0.074589676
396,NaTiCl3,1725949,-1.62993371,-1.3994473100000002,-1.64344731,-1.6402473100000003,-0.010313600000000367
397,NaTiF3,1706393,-2.9135323,-2.711178288000001,-2.8843782880000006,-2.881178288,0.03235401199999988
398,NaTmF3,1706394,-3.32977137,-3.1351650740000006,-3.2955650740000006,-3.2951650740000002,0.03460629599999976
399,NaVBr3,1711861,-1.12946469,-0.9541366819999997,-1.145736682,-1.147936682,-0.018471992000000048
400,NaVCl3,1709169,-1.47547477,-1.2653571499999998,-1.4965571500000001,-1.4999571500000002,-0.024482380000000248
401,NaVF3,11333,-2.72841141,-2.5493074180000006,-2.7097074180000007,-2.7131074180000008,0.015303991999999322
402,NaYbCl3,1725950,-2.31288173,-2.0773849699999998,-2.30858497,-2.38098497,-0.06810324000000012
403,NaYbF3,1706395,-3.68352005,-3.49602759,-3.65642759,-3.72882759,-0.045307540000000035
404,NaZnCl3,1725951,-1.47109433,-1.2091262839999999,-1.4403262839999997,-1.4569262839999997,0.014168046000000212
405,NaZnF3,1345861,-2.69850193,-2.4681229860000005,-2.6285229860000006,-2.645122986,0.05337894399999987
406,NdLiF3,1713546,-3.2637507,-3.092013228000001,-3.2342132280000007,-3.2742132280000003,-0.010462528000000137
407,PbAgF3,1726023,-1.56622508,-1.351032366,-1.493232366,-1.4184323659999998,0.14779271400000016
408,PbLiCl3,1726025,-1.44968071,-1.2158691980000005,-1.4288691980000001,-1.4062691980000004,0.0434115119999996
409,PbLiF3,1710711,-2.78381985,-2.5923034040000004,-2.7345034040000002,-2.711903404,0.07191644599999991
410,PbRbF3,686127,-1.83741161,-1.6277025700000003,-1.7699025700000002,-1.72850257,0.1089090399999999
411,RbAgBr3,1431758,-1.08314886,-0.8871100539999999,-1.0605100539999999,-1.050310054,0.032838806
412,RbAgCl3,1432183,-1.27820152,-1.0478364509999998,-1.2608364509999999,-1.251836451,0.02636506900000013
413,RbAgI3,1718004,-0.77435626,-0.651548332,-0.7505483319999997,-0.737348332,0.03700792799999997
414,RbBaBr3,1722767,-2.1246195,-1.944780888,-2.118180888,-2.213980888,-0.08936138799999993
415,RbBaCl3,1348737,-2.40844509,-2.192518814,-2.405518814,-2.502518814,-0.09407372400000025
416,RbBaF3,1388074,-3.45329474,-3.2703895460000005,-3.4125895460000004,-3.5095895460000004,-0.056294806000000364
417,RbBaI3,1722731,-1.68494396,-1.5809370560000002,-1.679937056,-1.772737056,-0.08779309599999996
418,RbCF3,1713246,-1.03524858,-0.8564822080000001,-0.998682208,-1.0412822079999997,-0.0060336279999997355
419,RbCI3,1711979,0.27904229,0.3793517460000002,0.280351746,0.24195174600000025,-0.03709054399999978
420,RbCaBr3,1385570,-2.14008351,-1.9480467639999999,-2.121446764,-2.167846764,-0.027763253999999904
421,RbCaCl3,1348396,-2.46878643,-2.2393133419999995,-2.4523133419999996,-2.4999133419999997,-0.031126911999999507
422,RbCaF3,1345106,-3.70971769,-3.5042185320000003,-3.646418532,-3.6940185320000003,0.01569915799999988
423,RbCdBr3,1711957,-1.40145189,-1.1893713759999995,-1.362771376,-1.377371376,0.024080513999999997
424,RbCdCl3,1346263,-1.661912,-1.412989874,-1.6259898739999996,-1.6417898739999999,0.020122126000000184
425,RbCdF3,646369,-2.68020515,-2.462571058,-2.604771058,-2.620571058,0.05963409200000003
426,RbCdI3,1709291,-0.99718494,-0.8615363039999999,-0.9605363040000001,-0.972136304,0.02504863600000007
427,RbCeBr3,1718093,-1.80319884,-1.8218655840000002,-1.9952655840000002,-2.0446655840000005,-0.24146674400000046
428,RbCeCl3,1718070,-2.09648217,-2.084811846,-2.297811846,-2.3484118460000003,-0.2519296760000005
429,RbCeF3,1711912,-3.19862693,-3.2810935060000004,-3.4232935060000003,-3.473893506,-0.27526657599999993
430,RbCeI3,1709292,-1.37177866,-1.4534099820000002,-1.552409982,-1.5988099820000001,-0.2270313220000002
431,RbCoBr3,1718050,-0.97847196,-0.7884937939999994,-0.9618937939999999,-0.9710937939999997,0.007378166000000297
432,RbCoCl3,1722733,-1.26470604,-1.037998944,-1.2509989439999996,-1.2613989439999997,0.0033070960000003424
433,RbCoF3,1706436,-2.38426278,-2.190664656,-2.332864656,-2.3432646559999997,0.040998124000000136
434,RbCrBr3,1546707,-1.30104847,-1.1209196799999996,-1.2943196799999996,-1.3101196799999997,-0.009071209999999663
435,RbCrCl3,1432126,-1.6079849,-0.9263609010000002,-1.1393609010000003,-1.1563609010000002,0.4516239989999997
436,RbCrF3,1430261,-2.71216129,-2.1313418410000007,-2.2735418410000006,-2.290541841,0.42161944900000003
437,RbCuBr3,1546603,-1.07269111,-0.9006720259999996,-1.074072026,-1.0820720260000003,-0.009380916000000239
438,RbCuCl3,1549169,-1.30708466,-1.101100524,-1.3141005239999997,-1.3233005240000002,-0.016215864000000302
439,RbCuF3,1706466,-2.29966911,-2.1303456099999996,-2.2725456099999994,-2.2817456099999998,0.017923500000000203
440,RbCuI3,1432817,-0.716951,-0.6198653549999995,-0.7188653549999997,-0.7238653549999998,-0.006914354999999817
441,RbDyBr3,1718040,-1.76727248,-1.5769853079999998,-1.7503853080000003,-1.7455853080000003,0.021687171999999588
442,RbDyCl3,1718052,-2.08786317,-1.8619203,-2.0749203,-2.0713203000000004,0.016542869999999432
443,RbDyF3,1706467,-3.24497634,-3.055686942,-3.197886942,-3.1942869419999997,0.050689398000000274
444,RbDyI3,1711980,-1.310775,-1.195894918,-1.2948949180000002,-1.2870949180000004,0.023680081999999603
445,RbEuBr3,1718041,-2.21715541,-3.5984029599999996,-3.77180296,-3.81460296,-1.59744755
446,RbEuCl3,1383413,-2.54788525,-3.0602851360000005,-3.273285136,-3.3172851360000006,-0.7693998860000004
447,RbEuF3,1347264,-3.83374541,-4.054084970000001,-4.196284970000001,-4.24028497,-0.40653956000000013
448,RbFeBr3,1546709,-1.10064079,-0.9095809839999998,-1.0829809839999998,-1.0515809839999997,0.04905980600000026
449,RbFeCl3,1549197,-1.40551705,-1.1782747640000002,-1.3912747640000003,-1.361074764,0.044442286
450,RbGaBr3,1543248,-1.3105318,-1.1093175579999999,-1.2827175580000003,-1.3155175580000005,-0.004985758000000562
451,RbGdBr3,1718011,-1.78674985,-3.54595652,-3.71935652,-3.71355652,-1.92680667
452,RbGdCl3,1718077,-2.10188828,-3.8195916699999994,-4.0325916699999995,-4.02799167,-1.9261033899999997
453,RbGdF3,1706469,-3.24344324,-4.987134606000001,-5.1293346060000005,-5.1247346060000005,-1.8812913660000006
454,RbGdI3,1711971,-1.33508955,-3.172085924,-3.271085924,-3.2622859240000004,-1.9271963740000004
455,RbGeBr3,1706478,-1.26864479,-1.073019066,-1.246419066,-1.273619066,-0.004974276
456,RbGeCl3,1706479,-1.5126383,-1.280698116,-1.493698116,-1.5220981159999998,-0.009459815999999677
457,RbGeF3,1709202,-2.57657388,-2.378245434,-2.520445434,-2.548845434,0.02772844600000024
458,RbGeI3,7217,-0.8852142,-0.7650238160000002,-0.864023816,-0.888223816,-0.0030096160000000483
459,RbHgBr3,1709211,-1.13005848,-0.9363298259999997,-1.094129826,-1.101329826,0.02872865400000002
460,RbHgCl3,1549160,-1.33286141,-1.100939564,-1.298339564,-1.3067395640000001,0.026121845999999893
461,RbHgF3,3032,-2.18316526,-1.9808998580000003,-2.107499858,-2.115899858,0.06726540199999986
462,RbHgI3,1709289,-0.79833711,-0.6823548180000001,-0.765754818,-0.7699548180000002,0.028382291999999754
463,RbInBr3,1543207,-1.36295353,-1.1530993179999998,-1.3264993179999998,-1.355499318,0.007454212000000071
464,RbLaBr3,1722786,-1.85151775,-1.66554935,-1.8389493500000005,-1.8409493500000005,0.010568399999999478
465,RbLaCl3,1718073,-2.14295349,-1.9211626760000002,-2.134162676,-2.137362676,0.005590814000000055
466,RbLaF3,1709283,-3.29484287,-3.106518814,-3.248718814,-3.2519188139999997,0.04292405600000038
467,RbLaI3,1709300,-1.41599033,-1.3059032420000003,-1.4049032420000005,-1.4039032420000004,0.01208708799999969
468,RbMgBr3,1713245,-1.7756388,-1.5914492779999998,-1.7648492780000002,-1.7966492780000003,-0.02101047800000022
469,RbMgCl3,1710601,-2.12816114,-1.906265104,-2.1192651039999997,-2.152265104,-0.024103964000000033
470,RbMgF3,646367,-3.48619176,-3.2836513120000004,-3.4258513120000003,-3.458851312,0.027340447999999906
471,RbMnBr3,1575055,-1.36606544,-1.1806591459999995,-1.354059146,-1.386659146,-0.02059370599999988
472,RbMnCl3,1549204,-1.67161458,-1.4492159239999993,-1.6622159239999994,-1.6960159239999997,-0.024401343999999714
473,RbMnF3,8202,-2.81456109,-2.6212948380000003,-2.763494838,-2.797294838,0.017266252000000204
474,RbMnI3,1709301,-0.91681844,-0.8066175479999997,-0.9056175479999999,-0.9352175479999998,-0.018399107999999775
475,RbMoBr3,1718096,-0.90211766,-0.7352146720000006,-0.9086146720000006,-0.900814672000001,0.0013029879999990612
476,RbMoCl3,1718074,-1.17469063,-0.9741853540000003,-1.1871853540000004,-1.1805853540000006,-0.005894724000000684
477,RbMoF3,1711913,-2.06222983,-1.9120161779999996,-2.0542161779999994,-2.0476161779999997,0.014613652000000421
478,RbMoI3,1709295,-0.5093627,-0.41564343000000026,-0.51464343,-0.5038434300000003,0.005519269999999632
479,RbNdBr3,1714548,-1.80322795,-1.6163685700000001,-1.7897685700000001,-1.8097685700000004,-0.006540620000000441
480,RbNdCl3,1714549,-2.1051101,-1.882522824,-2.095522824,-2.116722824,-0.011612723999999908
481,RbNdF3,1706473,-3.24460312,-3.0576121,-3.1998121,-3.2210121000000003,0.023591019999999574
482,RbNdI3,1709290,-1.36459031,-1.2532573560000007,-1.3522573560000004,-1.3692573560000005,-0.004667046000000452
483,RbNiBr3,1548752,-1.04554736,-0.845953792,-1.019353792,-1.0221537920000001,0.02339356799999992
484,RbNiCl3,1575618,-1.2942717,-1.059611464,-1.2726114640000001,-1.2766114640000001,0.017660235999999774
485,RbNiF3,1386028,-2.33634074,-2.0835105740000004,-2.2257105740000003,-2.229710574,0.10663016599999997
486,RbPbBr3,1709260,-1.44301872,-1.2385412319999998,-1.4119412320000002,-1.3693412320000002,0.07367748799999974
487,RbPbCl3,1386719,-1.68675001,-1.445957794,-1.658957794,-1.6175577940000003,0.06919221599999958
488,RbPbF3,646371,-2.72234407,-2.5145019299999998,-2.6567019299999997,-2.6153019299999993,0.10704214000000078
489,RbPbI3,1709296,-1.05532349,-0.9265009820000003,-1.025500982,-0.9799009820000004,0.0754225079999995
490,RbPdBr3,1431731,-1.10339077,-0.9340308789999998,-1.1074308790000003,-1.110230879,-0.006840108999999872
491,RbPdCl3,1549216,-1.30220725,-1.0996604639999998,-1.3126604639999995,-1.3166604639999995,-0.014453213999999548
492,RbPdF3,13107,-2.09620147,-1.9320010900000009,-2.0742010900000007,-2.0782010900000003,0.018000379999999705
493,RbPdI3,1722703,-0.81259372,-0.7175790019999999,-0.8165790020000001,-0.8163790019999997,-0.0037852819999997234
494,RbPrBr3,1718012,-1.80431341,-1.6186566200000003,-1.7920566200000003,-1.8284566200000005,-0.024143210000000526
495,RbPrCl3,1718075,-2.10220577,-1.8807508220000004,-2.0937508220000005,-2.131350822000001,-0.02914505200000095
496,RbPrF3,1706471,-3.21881339,-3.032953302,-3.175153302,-3.212753302,0.006060088000000352
497,RbPrI3,1709302,-1.36927963,-1.2592231280000004,-1.3582231280000001,-1.3916231280000004,-0.02234349800000035
498,RbPtCl3,1722734,-1.16033474,-0.9554976159999997,-1.1684976159999998,-1.155297616,0.005037124000000004
499,RbPtF3,1706399,-1.81204108,-1.6413995159999994,-1.7835995159999993,-1.770399515999999,0.041641564000000963
500,RbPtI3,1711981,-0.71440908,-0.6181670239999999,-0.7171670240000001,-0.6997670239999998,0.014642056000000236
501,RbRhBr3,1718042,-0.97217997,-0.7855714839999997,-0.9589714840000001,-0.955771484,0.016408486
502,RbRhF3,1706472,-2.03291909,-1.847129744,-1.989329744,-1.9873297440000002,0.045589345999999864
503,RbRhI3,1711972,-0.66828605,-0.5537571059999999,-0.6527571060000001,-0.6465571059999999,0.021728944000000028
504,RbScBr3,1575112,-1.7638267,-1.5693554600000001,-1.7427554600000001,-1.7463554600000002,0.017471239999999888
505,RbSmBr3,1718043,-1.79635941,-1.604470814,-1.7778708140000004,-1.806470814,-0.010111404000000102
506,RbSmCl3,1709270,-2.10436711,-1.8768406599999996,-2.0898406599999997,-2.11964066,-0.015273549999999858
507,RbSmF3,1706437,-3.23292432,-3.041836522,-3.184036522,-3.213836522,0.019087798000000156
508,RbSmI3,1711982,-1.35149143,-1.2349456919999997,-1.3339456919999997,-1.3595456919999998,-0.008054261999999701
509,RbSnBr3,1383319,-1.39499112,-1.169615718,-1.365415718,-1.363615718,0.03137540200000011
510,RbSnCl3,1432128,-1.63339416,-1.3716439249999999,-1.6070439250000002,-1.606443925,0.026950234999999934
511,RbSnF3,1576182,-2.65490067,-2.4263586100000003,-2.5909586100000004,-2.59035861,0.06454205999999996
512,RbSnI3,1706480,-1.01484446,-0.8648877240000001,-0.9862877239999999,-0.981487724,0.033356736
513,RbSrBr3,1718010,-2.15056883,-1.964314584,-2.1377145840000003,-2.171314584,-0.020745754000000005
514,RbSrCl3,1385302,-2.45802113,-2.235669184,-2.448669184,-2.4834691839999996,-0.025448053999999498
515,RbSrF3,1344546,-3.5850041,-3.3955200460000006,-3.5377200460000005,-3.572520046,0.012484053999999745
516,RbTiCl3,1725961,-1.8231929,-1.6078932339999996,-1.833693234,-1.8436932339999998,-0.020500333999999842
517,RbTiF3,1706438,-3.01812214,-2.825091242,-2.9800912420000003,-2.990091242,0.028030897999999915
518,RbTiI3,1711973,-1.00666474,-0.903391788,-1.015191788,-1.020991788,-0.014327047999999953
519,RbTmBr3,1718068,-1.7273336,-1.55103636,-1.7244363600000003,-1.7360363600000002,-0.008702760000000254
520,RbTmCl3,1285831,-2.0561792,-1.8437986579999994,-2.0567986579999995,-2.0695986579999994,-0.013419457999999551
521,RbTmF3,1706439,-3.24498824,-3.066113804,-3.208313804,-3.221113804,0.023874436000000276
522,RbTmI3,1711974,-1.2624683,-1.16216412,-1.2611641199999999,-1.26976412,-0.007295819999999953
523,RbVBr3,1711914,-1.31049581,-1.1508822079999992,-1.3242822079999996,-1.3396822079999997,-0.02918639799999978
524,RbVCl3,1575647,-1.64156435,-1.44726985,-1.6602698500000002,-1.6768698500000006,-0.035305500000000656
525,RbVF3,5466,-2.84527792,-2.6814285440000005,-2.8236285440000004,-2.8402285440000004,0.005049375999999661
526,RbVI3,1718005,-0.85050861,-0.7656411759999999,-0.8646411759999997,-0.8770411760000001,-0.02653256600000009
527,RbYI3,1711975,-1.33046037,-1.22758091,-1.3265809099999997,-1.3333809099999998,-0.0029205399999998605
528,RbYbBr3,1709182,-2.17972053,-1.992871406,-2.166271406,-2.250671406,-0.07095087599999994
529,RbYbCl3,1709268,-2.52713825,-2.305460326,-2.518460326,-2.604060326,-0.07692207599999978
530,RbYbF3,646370,-3.87580627,-3.6987559340000002,-3.840955934,-3.9265559339999996,-0.050749663999999584
531,RbYbI3,1718078,-1.67371742,-1.560721612,-1.6597216119999998,-1.741121612,-0.06740419199999992
532,RbZnBr3,1718051,-1.34668161,-1.1361975799999997,-1.3095975800000001,-1.3381975799999999,0.008484030000000198
533,RbZnCl3,1718076,-1.63574811,-1.3884449939999999,-1.601444994,-1.631244994,0.004503115999999974
534,RbZnF3,1250674,-2.76725137,-2.5515954979999997,-2.6937954979999996,-2.7235954979999994,0.04365587200000043
535,RbZnI3,1711976,-0.91969091,-0.7856781439999998,-0.8846781439999998,-0.9102781439999998,0.009412766000000183
536,SmLiF3,1713548,-3.22566136,-3.048762462,-3.190962462,-3.2395624619999994,-0.013901101999999277
537,SnLiF3,1713549,-2.67178938,-2.4612199820000003,-2.625819982,-2.6440199819999997,0.027769398000000223
538,SrAgF3,1726026,-2.40136009,-2.203740452000001,-2.3459404520000007,-2.3473404520000005,0.054019637999999315
539,SrLiCl3,1726027,-2.26729682,-2.0533431020000004,-2.2663431020000004,-2.3199431020000003,-0.05264628200000043
540,SrLiF3,1440786,-3.69766216,-3.5260022940000004,-3.6682022940000003,-3.721802294,-0.024140134000000035
541,TmKCl3,1285825,-1.01288425,-0.7966553140000001,-1.0096553140000002,-1.0280553140000002,-0.015171064000000234
542,TmRbCl3,1285830,-0.83524813,-0.6229868879999998,-0.8359868879999999,-0.848786888,-0.01353875800000004
543,YbRbF3,1535107,-2.45544726,-2.2576579760000004,-2.3998579760000003,-2.485457976,-0.03001071600000005
544,ZnMoI3,1535141,0.21195431,0.3281274199999995,0.22912741999999975,0.23452741999999915,0.022573109999999147
545,ZnRbF3,1285369,-1.10572733,-0.895227228,-1.0374272279999999,-1.0672272279999997,0.0385001020000002
