,correct_formula,lat_bvm,lat_opt,hf_bvm,hf_opt,pbe_bg
0,CaLiCl3,5.1459,4.725807169,-1.945749132,-2.074568076,3.403691
1,RbCdF3,4.621,4.498497392,-2.617838748,-2.636486404,3.181339
2,RbSrCl3,5.833,5.701280542,-2.440749194,-2.451194638,4.61536
3,NaFeF3,4.113,4.087866349,-2.414227914,-2.415234008,0.000246
4,BaNaBr3,5.9859,5.464689937,-1.831871752,-1.970224544,3.35175
5,AgMgF3,3.969,3.975241176,-2.697160694,-2.697234384,2.068515
6,TlFeCl3,4.933,4.955082043,-0.968959946,-0.969469984,0.022752
7,CsFeI3,5.709,5.754707351,-0.684642418,-0.686225466,0
8,TlPtBr3,5.213,5.241305852,-0.5733867,-0.574416834,0.23952
9,TlMgI3,5.733,5.808499809,-0.858582392,-0.862417194,1.262833
10,SrCuI3,4.5459,5.553561939,1.099636752,-0.859866352,0.097835
11,CsCrF3,4.153,4.332340457,-2.609297228,-2.669320138,0
12,InMnCl3,4.393,5.052181839,-0.54687922,-1.131843826,1.192855
13,LiCuCl3,4.813,4.767612246,-1.032967496,-1.035163164,0
14,HgCaF3,4.497,4.44873825,-2.725130108,-2.727945822,0
15,AgV_Cl3,5.693,4.870458199,-0.357662226,-0.797279366,0
16,LiFeI3,5.709,5.612651351,-0.289537496,-0.29583941,0
17,RbBeI3,3.575,5.545599385,12.5298254,-0.726887462,0.177289
18,RbFeBr3,5.233,5.286634085,-1.078252254,-1.080905054,0.008521
19,AgPdI3,5.533,5.522740662,0.032827474,0.032718238,0
20,InMgBr3,5.373,5.332441254,-1.255927444,-1.25721865,2.751053
21,RbCdI3,4.621,6.006353612,2.613377788,-0.950345046,0.263653
22,RbCrF3,4.153,4.243206615,-2.692341434,-2.706344216,0
23,AgMnF3,4.393,4.146211437,-1.880575914,-1.961748854,0
24,InCaF3,4.497,4.497,-3.142793844,-3.142793844,3.617621
25,K_CuF3,4.001,4.078183656,-2.30243291,-2.312948382,0
26,NaTiF3,5.113,4.12611449,-2.192360906,-2.839707412,0
27,K_HgBr3,5.573,5.626396118,-1.049146188,-1.05141151,0.48493
28,TlV_Cl3,5.693,4.993665199,-0.902435012,-1.22358913,0.060227
29,CsMgF3,3.969,4.247499283,-3.241036914,-3.390179368,6.697837
30,InBeBr3,3.575,4.97979844,5.455006036,-0.738805292,1.053943
31,PbLiBr3,5.3659,5.089197244,-1.04293436,-1.097029852,1.392327
32,InMnBr3,4.393,5.333296532,0.422097878,-0.835989842,1.008441
33,NaBeCl3,3.575,4.597237562,1.241232154,-1.46199092,2.487495
34,PbNaF3,4.6799,4.186912693,-2.267597234,-2.503431848,3.653515
35,TlPtCl3,4.913,4.980247688,-0.741327768,-0.747940712,0.140388
36,AgCaF3,4.497,4.40616381,-2.766704838,-2.776740774,2.351586
37,InCdI3,4.621,5.924880001,2.712276468,-0.438181298,0.297325
38,K_CoCl3,4.879,4.869283667,-1.235162636,-1.235249138,0
39,AuSnI3,6.317,6.003794978,0.222608504,0.175611434,0
40,CsCaBr3,5.833,5.766617585,-2.178983426,-2.18161165,4.389031
41,NaSnF3,4.663,4.682898779,-2.45589589,-2.456332196,1.055492
42,NaCrI3,5.773,5.670378679,-0.649979626,-0.657414516,0
43,K_BeI3,3.575,5.509529044,11.50210193,-0.694939882,0.176757
44,PdLiF3,4.0459,3.71372977,-1.488397324,-1.627104956,0
45,CdCuBr3,4.5459,5.063952442,0.076299964,-0.356045768,0
46,NaHgBr3,5.573,5.596271003,-0.880345966,-0.880760276,0.494919
47,CsCuBr3,4.793,5.27369909,-0.79529594,-1.091396984,0.121674
48,TlMnBr3,4.393,5.343612532,0.39734235,-0.93259933,1.034074
49,AgHgBr3,5.573,5.54259152,-0.151846646,-0.15261481,0.097621
50,InBaCl3,6.193,6.012463938,-1.827780578,-1.845090288,3.286221
51,CsPdI3,5.533,5.690584941,-0.827581868,-0.852695682,0
52,TlCdF3,4.621,4.493094942,-2.17584543,-2.19717278,3.941658
53,InCdBr3,4.621,5.524496916,0.530935912,-0.833588694,0.839166
54,RbSrI3,6.573,6.460233383,-1.667136268,-1.672950852,3.348601
55,AgSnBr3,5.813,5.720070784,-0.40510809,-0.410498614,0
56,PtLiBr3,5.3659,4.914576626,0.174047,0.061256956,0
57,LiMnCl3,4.393,4.985436065,-0.915945784,-1.329616964,0.910677
58,HgCuF3,4.001,4.089495289,-1.366644916,-1.382168854,0
59,LiFeF3,4.113,4.062697745,-2.275491378,-2.279555092,0
60,K_PdCl3,4.913,4.963682759,-1.289865694,-1.293036056,0
61,NaPtCl3,4.913,4.93665069,-1.00641307,-1.007205124,0.144878
62,CsBaF3,5.189,5.143366035,-3.528639466,-3.530516084,5.201217
63,AuBaF3,5.189,5.067987467,-2.113919256,-2.126494286,0.118407
64,LiCoF3,4.093,3.999531736,-2.145415766,-2.159611608,0
65,NaCuBr3,4.793,5.110755555,-0.790846752,-0.912266706,0.167749
66,AgCrF3,4.153,4.088176148,-1.924519628,-1.932070812,0
67,LiMgI3,5.733,5.79274743,-0.900204604,-0.9024549,1.179737
68,TlBeF3,3.575,3.901803135,-2.123304972,-2.41646414,3.846092
69,RbCuBr3,4.793,5.206276543,-0.858455486,-1.072096124,0.141695
70,RbFeI3,5.709,5.714160626,-0.641332506,-0.641347462,0.003175
71,InPtCl3,4.913,4.97094987,-0.646089456,-0.650960866,0.141563
72,NaBeF3,3.575,3.564580548,-3.131309232,-3.131556964,7.476894
73,LiMgF3,3.969,3.903182232,-3.324355054,-3.330979392,5.872132
74,K_SnF3,4.663,4.723813987,-2.610879834,-2.61508162,1.799642
75,AuBaBr3,6.573,6.287588758,-0.776673904,-0.809567196,0
76,BaAgBr3,5.7659,5.489038956,-1.387395366,-1.444809774,0.983595
77,InBaI3,7.073,6.736162163,-1.082296284,-1.123439888,2.288512
78,CuZnCl3,4.833,4.845906328,-0.500002412,-0.50017468,0.539999
79,HgSrBr3,6.173,6.001497424,-1.210438966,-1.223068052,0
80,SrAgF3,4.9259,4.52238463,-2.23395356,-2.396882782,0.099622
81,InSnCl3,5.6148,5.571113156,-1.054369254,-1.055748526,0.697487
82,NaSnBr3,5.813,5.826437118,-1.137431924,-1.13753846,0.511851
83,TlCaBr3,5.833,5.692559166,-1.68034349,-1.692124718,3.26716
84,RbCdBr3,4.621,5.573012099,0.16066589,-1.359243048,0.728123
85,RbSrF3,4.851,4.787552975,-3.59036257,-3.594481612,5.699139
86,HgSrCl3,5.833,5.674439855,-1.475728694,-1.489155042,0
87,TiCuCl3,4.5459,4.758346889,-0.403934926,-0.469200324,0
88,TlBeCl3,3.575,4.70259178,2.6165596,-1.146645368,2.402148
89,RbPdF3,4.293,4.336290952,-2.087828438,-2.09106492,0
90,CdCuCl3,4.5459,4.777026007,-0.526257194,-0.604384676,0
91,RbMgBr3,5.373,5.390856982,-1.767890148,-1.768129096,2.608529
92,InCrCl3,4.993,4.973715144,-1.082614186,-1.083009066,0
93,V_LiF3,4.0459,3.653760734,-2.11449601,-2.324741862,0
94,InCdF3,4.621,4.486117063,-2.079327636,-2.102879448,3.240772
95,TlMgCl3,4.973,5.029841634,-1.696533868,-1.699633974,4.276403
96,InPtBr3,5.213,5.230430634,-0.479763148,-0.480152012,0.240668
97,HgCuI3,5.133,5.481707671,0.175163952,0.04678037,0
98,CsCdI3,4.621,6.037237841,2.815608266,-1.007947046,0.259213
99,HgTiF3,5.113,4.170102606,-1.598785792,-2.475511946,0
100,TlHgBr3,5.573,5.606825167,-0.665495792,-0.666384478,0.491957
101,TlSnI3,6.317,6.20781037,-0.54754063,-0.55391101,0.333178
102,AuSnF3,4.663,4.479039712,-1.459113074,-1.49383216,0
103,LiBeBr3,3.575,4.894819441,3.815417316,-0.91843868,0.988065
104,HgZnF3,4.053,4.134281944,-1.789770952,-1.802753144,0
105,CsCoF3,4.093,4.267353689,-2.23153783,-2.28925503,0
106,HgBeBr3,3.575,4.91836654,5.78449378,-0.392708852,0
107,TiCuF3,4.5459,4.069830575,-1.240081084,-1.522455718,0
108,CuCrI3,5.773,5.544336341,0.271615594,0.235951404,0
109,K_MgBr3,5.373,5.357773744,-1.73482946,-1.735023144,2.673435
110,CsSrF3,4.851,4.828837669,-3.636551498,-3.637059742,6.193755
111,HgFeBr3,5.233,5.159484767,-0.300230252,-0.304990994,0
112,K_CdF3,4.621,4.466298869,-2.585857596,-2.615169234,3.110172
113,AuTiCl3,5.433,4.819250825,-0.469655106,-0.804056304,0
114,NaNiBr3,5.213,5.014579905,-0.839386638,-0.876251058,0.197655
115,BaHgF3,4.9459,4.780774446,-2.345445884,-2.375177822,0
116,CsFeBr3,5.233,5.343201701,-1.098393986,-1.10962896,0.015103
117,NaCaBr3,5.833,5.678767159,-1.892408988,-1.906233476,3.062454
118,HgSnI3,6.317,6.050179929,-0.208837386,-0.243705144,0.006078
119,PbCuCl3,4.5459,4.847487106,-0.67038303,-0.810238074,0
120,CsCrCl3,4.993,5.078866089,-1.607772588,-1.615583328,0.116
121,AuCaCl3,5.553,5.30118536,-1.13960987,-1.181712512,0.297322
122,AuBeCl3,3.575,4.556416203,2.488680296,-0.47226514,0.015293
123,NaMgCl3,4.973,4.962972899,-1.957406584,-1.957517766,4.109379
124,InTiBr3,5.793,5.314207144,-0.820002044,-0.970910516,0
125,CaLiI3,5.7659,5.541931205,-1.107596046,-1.137367946,1.188866
126,K_SrI3,6.573,6.445573424,-1.612000804,-1.619126244,3.192654
127,TlFeF3,4.113,4.222094373,-2.028338746,-2.050454308,0
128,RbMnCl3,4.393,5.088912679,-0.992247726,-1.656876344,1.262613
129,RbMnBr3,4.393,5.388051659,0.094703014,-1.347135594,1.036221
130,CsMnCl3,4.393,5.149885655,-0.832226502,-1.679283226,1.398087
131,RbNiI3,5.613,5.516369707,-0.651361244,-0.658547948,0.168444
132,RbTiF3,5.113,4.236946311,-2.428521878,-2.905280288,0
133,HgBeCl3,3.575,4.60793194,2.5917548,-0.71841582,0
134,RbPdBr3,5.213,5.276471801,-1.10177523,-1.106169216,0.243945
135,CsCaF3,4.497,4.575222921,-3.684187406,-3.691952194,6.921251
136,CsZnI3,5.533,5.826315011,-0.862777726,-0.93211132,0.158595
137,CoBeBr3,3.575,4.804856243,4.40302254,0.148863582,0
138,NaCuF3,4.001,3.995509128,-2.238441482,-2.23849828,0
139,NaCuCl3,4.813,4.797190523,-1.177936858,-1.178240852,0
140,AgMgBr3,5.373,5.250229977,-0.866924018,-0.878869874,0.91005
141,RbPtF3,4.173,4.40721119,-1.696404764,-1.814913364,0.130316
142,CsBaCl3,6.193,6.05368755,-2.46838522,-2.47878874,4.652563
143,TlCuBr3,4.793,5.156088604,-0.505527796,-0.671978954,0.163771
144,SnCuI3,4.5459,5.4413464,1.46278083,-0.07943701,0
145,AgTiBr3,5.793,5.199607119,-0.42377519,-0.659387356,0
146,AuSrBr3,6.173,5.91476096,-0.816981122,-0.84886666,0
147,RbBeF3,3.575,3.857802797,-2.700171336,-2.900134318,6.869954
148,RbMgCl3,4.973,5.059286431,-2.11628171,-2.123363766,4.138034
149,HgNiI3,5.613,5.371741362,0.112060536,0.06694645,0
150,K_TiF3,5.113,4.191051856,-2.376780708,-2.912514808,0
151,TlCoCl3,4.879,4.891697654,-0.834659314,-0.834721276,0
152,AuPtBr3,5.213,5.129679259,0.14087908,0.131611874,0
153,TlMgF3,3.969,4.14026016,-2.96528327,-3.01974609,4.24453
154,LiBeCl3,3.575,4.549431354,1.044123422,-1.329578128,2.496436
155,TlPbF3,4.873,4.846941722,-2.229871522,-2.230602534,1.840907
156,BaCuI3,4.5459,5.614468979,1.238700264,-1.032984348,0.164178
157,CsNiF3,4.005,4.250154736,-2.125987752,-2.24881779,0.471398
158,K_NiCl3,4.853,4.772476739,-1.262155302,-1.271490992,0.069636
159,CsSnI3,6.317,6.280163588,-1.051165864,-1.05188433,1.281593
160,NaHgI3,6.053,6.011342157,-0.543649916,-0.54468513,0
161,HgLiF3,4.0459,3.796082804,-1.966308356,-2.053301882,0.039788
162,NaPdBr3,5.213,5.202905332,-0.934108314,-0.93422135,0.253447
163,K_NiF3,4.005,4.07713327,-2.336129884,-2.34551344,0.536479
164,TlSnBr3,5.813,5.832853201,-0.925007356,-0.925250032,0.53831
165,LiZnCl3,4.833,4.890885412,-1.29009381,-1.293698706,1.623871
166,BaAgF3,4.9259,4.57672328,-2.455315686,-2.580456832,0.256365
167,AuCoCl3,4.879,4.69891411,-0.100161596,-0.12917871,0
168,HgSnBr3,5.813,5.631478914,-0.55814532,-0.578797826,0.066765
169,AgTiF3,5.113,4.127136052,-1.452781706,-2.347519672,0
170,InCaCl3,5.553,5.388874687,-1.897030234,-1.915552346,3.835841
171,CsHgBr3,5.573,5.684224008,-1.13878584,-1.14850998,0.463436
172,K_CaI3,6.253,6.175028871,-1.58681825,-1.5898541,3.256979
173,AgFeF3,4.113,4.088340565,-1.695940842,-1.697071276,0
174,SrAgBr3,5.7659,5.443145185,-1.173829688,-1.251320396,0.244021
175,PbCuI3,4.5459,5.474202625,1.51322369,-0.171013152,0
176,NaHgCl3,5.373,5.311206863,-1.086544914,-1.08981038,0.237945
177,NaTiCl3,5.433,4.985133369,-1.499304656,-1.650659688,0.01996
178,RbZnBr3,5.113,5.324815653,-1.265672116,-1.309433042,0.12996
179,AuNiBr3,5.213,4.929597315,0.135739534,0.05545012,0
180,NaPdF3,4.293,4.251520451,-1.952953808,-1.955781184,0
181,CsBeCl3,3.575,4.845337828,3.48995684,-1.522471738,2.188517
182,TlZnF3,4.053,4.201985703,-2.225518852,-2.268585712,3.993709
183,CsPdCl3,4.913,5.057795722,-1.298527086,-1.325537322,0.17029
184,FeBeBr3,3.575,4.826501217,4.460566076,0.041728634,0
185,K_SrCl3,5.833,5.685039565,-2.388043556,-2.401078396,4.43358
186,CsPtCl3,4.913,5.056757368,-1.152678084,-1.18326345,0.183225
187,TlCuI3,5.133,5.541004692,-0.149867786,-0.335432946,0.004654
188,AgMgCl3,4.973,4.916553859,-1.244055782,-1.247165106,1.646945
189,InSnI3,6.317,6.19694247,-0.44496641,-0.452496276,0.310454
190,NaPdI3,5.533,5.587734873,-0.626173874,-0.629135818,0
191,K_BeF3,3.575,3.739343821,-2.969447388,-3.030558258,7.588422
192,BaNaCl3,5.6259,5.159216932,-2.173402654,-2.302828026,4.23403
193,PbAgBr3,5.7659,5.377863956,-0.359132238,-0.466396614,0
194,CuZnF3,4.053,4.0233483,-1.697131736,-1.69852637,0.131132
195,PbAgF3,4.9259,4.479825934,-1.343833178,-1.54362168,0.001952
196,TlSrBr3,6.173,5.971021497,-1.673904368,-1.694830016,3.137883
197,NaCuI3,5.133,5.54780659,-0.350835532,-0.533519092,0.111844
198,CsPtF3,4.173,4.462740532,-1.626179592,-1.815898008,0.141077
199,LiCuI3,5.133,5.52046092,-0.227247746,-0.383773998,0.11551
200,BaCuF3,4.5459,4.288242688,-2.655279414,-2.739871826,0.143966
201,K_CdI3,4.621,5.984287279,2.50134934,-0.903901312,0.266013
202,RbMnF3,4.393,4.293880947,-2.772861296,-2.786512982,1.727521
203,PdLiI3,5.7659,5.414335467,0.12029285,0.06850881,0
204,AuHgI3,6.053,5.882660693,0.443018318,0.425745878,0
205,AgSnI3,6.317,6.102886844,-0.023888456,-0.04547113,0
206,AuSrF3,4.851,4.706605878,-2.273772018,-2.29470007,0.6293
207,K_MnF3,4.393,4.244555401,-2.759623864,-2.789088968,1.417648
208,CsSnF3,4.663,4.803124033,-2.65751979,-2.681653938,1.739007
209,InTiF3,5.113,4.255897854,-1.87275682,-2.518398926,0
210,LiCuBr3,4.793,5.082266512,-0.665732228,-0.765381826,0.175698
211,PbNaBr3,5.9859,5.370050385,-0.785555074,-0.969632344,1.271578
212,TlBeBr3,3.575,5.004235401,5.93596408,-0.820856868,1.145271
213,K_CaF3,4.497,4.468793375,-3.65826165,-3.6591768,6.177264
214,RbPtBr3,5.213,5.279930323,-0.97311157,-0.978797508,0.242763
215,TlNiBr3,5.213,5.068451289,-0.604599056,-0.625161926,0.176026
216,CdLiBr3,5.3659,5.050829262,-0.674478338,-0.73047923,0.164403
217,K_MgCl3,4.973,5.018570719,-2.098044318,-2.099945892,4.25688
218,RbPbF3,4.873,4.86060007,-2.681058868,-2.68122267,3.074748
219,AuMnCl3,4.393,4.874105037,-0.159905268,-0.495153648,0
220,CsTiCl3,5.433,5.12319759,-1.768133988,-1.844265338,0
221,RbPbBr3,6.0749,5.97928464,-1.407284918,-1.412694162,1.765816
222,K_FeCl3,4.933,4.943836255,-1.370716422,-1.370844036,0.038601
223,BaLiBr3,5.3659,5.216489896,-2.03802737,-2.054054964,3.522989
224,K_HgF3,5.153,4.600755448,-1.865443466,-2.123433354,0.545399
225,NaCdBr3,4.621,5.515343718,0.15303313,-1.150413782,0.827485
226,InBeCl3,3.575,4.679209891,2.292634934,-1.061795272,1.613572
227,HgPtCl3,4.913,4.916078351,-0.32661215,-0.326627214,0
228,K_BaBr3,6.573,6.323384419,-2.036978128,-2.064333724,3.586
229,CsPbBr3,6.0749,6.003332739,-1.474883048,-1.478060374,1.791035
230,HgCuBr3,4.793,5.079824377,-0.129924428,-0.234618622,0
231,TlPtF3,4.173,4.401008457,-1.257526248,-1.37348166,0.011046
232,InPbI3,6.313,6.322512278,-0.485790624,-0.485837998,1.95211
233,RbCdCl3,4.621,5.283252872,-0.955264836,-1.626578984,1.821296
234,K_CrCl3,4.993,4.973609665,-1.580729946,-1.581110998,0
235,RbCoF3,4.093,4.16378157,-2.339835798,-2.348531072,0
236,LiNiF3,4.005,3.9670759,-2.140855074,-2.143334838,0.418888
237,CdLiCl3,5.1459,4.705909463,-0.911321264,-1.037583576,0.084496
238,AuCdF3,4.621,4.407898824,-1.32021366,-1.379147428,0.013606
239,CoBeI3,3.575,5.29228008,9.23275314,0.604566308,0
240,K_CrI3,5.773,5.713066759,-0.811534906,-0.814090362,0
241,AuCuI3,5.133,5.401873891,0.443935988,0.366344834,0
242,K_SnI3,6.317,6.240511766,-0.932198534,-0.935309982,0.391565
243,LiCrI3,5.773,5.647859675,-0.492783756,-0.503792646,0
244,PbLiF3,4.0459,3.921653994,-2.73661504,-2.76032419,3.891196
245,TlFeBr3,5.233,5.240381455,-0.674811864,-0.67485503,0
246,AuZnF3,4.053,4.081294707,-1.54522247,-1.546821714,0.165337
247,LiMnF3,4.393,4.160527112,-2.467243886,-2.536653406,0.042889
248,AgPdBr3,5.213,5.149400689,-0.24641951,-0.251050288,0.032983
249,HgZnCl3,4.833,4.903888415,-0.699160238,-0.704799908,0
250,K_CdBr3,4.621,5.550137155,0.10795411,-1.317674884,0.781513
251,RbZnF3,4.053,4.191819711,-2.680027524,-2.714748798,3.675609
252,AuNiCl3,4.853,4.650746682,-0.12614674,-0.178403202,0
253,LiFeBr3,5.233,5.18182391,-0.752104116,-0.754460556,0.014357
254,HgCrF3,4.153,4.135911075,-1.923371508,-1.92395466,0.000617
255,CsMgBr3,5.373,5.446127086,-1.799687564,-1.80393524,2.506887
256,K_NiBr3,5.213,5.07376809,-0.983833612,-1.00271818,0.193598
257,RbHgBr3,5.573,5.648105535,-1.091079144,-1.095521064,0.476994
258,LiBeI3,3.575,5.377542763,8.994541072,-0.355496808,0.252963
259,NaNiI3,5.613,5.432304713,-0.466969256,-0.492411272,0.175403
260,AgNiI3,5.613,5.354323239,0.206419462,0.151964244,0
261,LiNiI3,5.613,5.402699701,-0.314606126,-0.348797204,0.169682
262,AuBeBr3,3.575,4.861017383,5.414669328,-0.12170766,0
263,TlHgI3,6.053,5.99765685,-0.347316064,-0.349186046,0.083592
264,PtCuCl3,4.5459,4.691697173,0.250462604,0.21826319,0
265,HgSnF3,4.663,4.50042767,-1.839068914,-1.868960336,0.047009
266,TlSrCl3,5.833,5.675670893,-1.988301304,-2.003321536,3.732394
267,CuBeI3,3.575,5.262203389,9.583931532,0.335511696,0
268,CsSrBr3,6.173,6.028757229,-2.193812846,-2.204563094,4.170304
269,AuHgCl3,5.373,5.234216024,-0.012848302,-0.028483748,0
270,NaBeBr3,3.575,4.954588529,4.26209891,-1.074059534,0.969895
271,HgCrI3,5.773,5.579038899,-0.100239582,-0.125946844,0
272,AgCuF3,4.001,4.017452398,-1.479440778,-1.479941374,0
273,InZnCl3,4.833,4.963974811,-1.06508182,-1.084580838,0.941135
274,RbNiCl3,4.853,4.834876587,-1.270826486,-1.271144608,0
275,AuFeF3,4.113,4.08789977,-1.406014676,-1.407262616,0
276,RbCrCl3,4.993,5.012183747,-1.601557336,-1.60193632,0.122588
277,AgFeBr3,5.233,5.14498909,-0.209336188,-0.216757452,0
278,AuZnCl3,4.833,4.854839214,-0.420643804,-0.421228696,0.233965
279,TlPdBr3,5.213,5.236120769,-0.699261902,-0.69986002,0.236104
280,K_BaI3,7.073,6.766231917,-1.589445144,-1.623474176,3.100844
281,AgMnBr3,4.393,5.236841551,0.533968056,-0.459730798,0
282,CsCrI3,5.773,5.782449233,-0.896749144,-0.896799092,0
283,InPbCl3,5.873,5.682259975,-1.081033356,-1.10423672,1.762055
284,LiFeCl3,4.933,4.866091459,-1.08114612,-1.085708138,0.036639
285,RbPdCl3,4.913,4.998068966,-1.304316282,-1.31338058,0
286,NaZnI3,5.533,5.7132841,-0.659867614,-0.684690454,0.393393
287,NaMgF3,3.969,3.941591379,-3.44813897,-3.449276306,5.949591
288,AuPbBr3,6.0749,5.799581143,-0.112123356,-0.14884095,0
289,AuPdBr3,5.213,5.118310454,0.029939568,0.019722772,0
290,RbCoCl3,4.879,4.927686739,-1.247158038,-1.249134046,0
291,NaNiF3,4.005,3.997458208,-2.271434446,-2.27156329,0.456098
292,TlFeI3,5.709,5.633076611,-0.248513426,-0.252364694,0
293,NaCdF3,4.621,4.425405975,-2.425293232,-2.47132442,2.658758
294,TlZnI3,5.533,5.700787687,-0.471022246,-0.493352424,0.186222
295,SnCuF3,4.5459,4.166581115,-1.496380482,-1.684103852,0
296,RbBaF3,5.189,5.11943467,-3.464911238,-3.469173734,4.710564
297,NaHgF3,5.153,4.569147832,-1.679638864,-1.965197994,0.383597
298,CsBeBr3,3.575,5.151639582,7.18737842,-1.212327622,0.898057
299,HgTiBr3,5.793,5.211751195,-0.660035944,-0.904154864,0
300,V_LiCl3,5.1459,4.610549238,-0.611147082,-0.800216802,0
301,RbBeCl3,3.575,4.745840148,2.416891388,-1.552336854,2.354687
302,TlMnF3,4.393,4.29696995,-2.333828526,-2.347312212,1.38426
303,CsPbF3,4.873,4.899575106,-2.724688788,-2.725486428,2.949171
304,TlSrI3,6.573,6.416508528,-1.220644752,-1.231492552,2.575124
305,TlHgCl3,5.373,5.336994448,-0.858890292,-0.86003552,0.244605
306,AuFeI3,5.709,5.41202461,0.455169478,0.40385483,0
307,CaCuCl3,4.5459,4.822791355,-1.294872564,-1.40935631,0.080185
308,K_PdBr3,5.213,5.245953918,-1.077588786,-1.07879973,0.247843
309,CsCrBr3,5.333,5.368188215,-1.319122062,-1.32020882,0.158863
310,AuBaI3,7.073,6.74188716,-0.380957634,-0.416270288,0
311,CaCuBr3,4.5459,5.112139212,-0.573226882,-1.103263714,0.178736
312,CaCuI3,4.5459,5.494736748,1.058146654,-0.662387594,0
313,K_TiBr3,5.793,5.340947549,-1.313100122,-1.444884766,0
314,AuMgI3,5.733,5.693636938,-0.099567064,-0.100601524,0
315,RbHgI3,6.053,6.061029235,-0.76549794,-0.765534712,0
316,RbHgCl3,5.373,5.364593854,-1.299232858,-1.29928792,0.239007
317,K_NiI3,5.613,5.483469996,-0.618601528,-0.63153564,0.176546
318,TlBaI3,7.073,6.741532079,-1.188622354,-1.22860585,2.447212
319,RbPtCl3,4.913,5.006162033,-1.156988982,-1.169501674,0.190101
320,BaLiI3,5.7659,5.6733111,-1.522341568,-1.527855826,2.577504
321,CuFeBr3,5.233,5.096541051,0.023653074,0.010534812,0
322,AgNiBr3,5.213,4.959189038,-0.147280316,-0.210057576,0.006709
323,TiLiF3,4.0459,3.671774171,-2.438530966,-2.629388998,0.011472
324,AgBeCl3,3.575,4.564351967,2.152381756,-0.775999336,1.319648
325,CsZnCl3,4.833,5.078757538,-1.543984654,-1.615031382,1.283451
326,CsHgI3,6.053,6.090425952,-0.824626322,-0.825480614,0
327,TlCdBr3,4.621,5.533048242,0.473293988,-0.933357742,0.822635
328,InZnI3,5.533,5.678332757,-0.386667026,-0.403318828,0.191683
329,InCrBr3,5.333,5.257573546,-0.781619652,-0.786731048,0.162213
330,BaNaI3,6.4459,5.919377318,-1.350557136,-1.470468156,2.419299
331,CuMgBr3,5.373,5.228603432,-0.622441878,-0.638094396,0.430197
332,TlTiBr3,5.793,5.325974152,-0.922764348,-1.06658982,0
333,SnLiI3,5.7659,5.501856146,-0.458148996,-0.49802957,0.398071
334,SrNaF3,4.6799,4.17420851,-3.168872776,-3.405991,5.520665
335,CsCuF3,4.001,4.255078079,-2.088748554,-2.2181249,0
336,CsTiBr3,5.793,5.418255089,-1.421009182,-1.514148408,0
337,RbZnCl3,4.833,5.010562762,-1.56656771,-1.60198841,1.412113
338,HgFeF3,4.113,4.155135363,-1.65933489,-1.662676716,0
339,AuCuBr3,4.793,5.025089696,0.121873376,0.052024178,0
340,PbLiCl3,5.1459,4.783874276,-1.330865196,-1.431871674,2.154823
341,CsCdCl3,4.621,5.327425129,-0.876194356,-1.66642192,1.764954
342,FeBeCl3,3.575,4.5044202,1.908185164,-0.367865154,0
343,NaZnCl3,4.833,4.915186981,-1.4358118,-1.443079932,1.574398
344,AuTiBr3,5.793,5.097260975,-0.205773724,-0.481736562,0
345,CsSrI3,6.573,6.479471464,-1.73849262,-1.742512148,3.636804
346,AgHgF3,5.153,4.54672418,-0.89289222,-1.20816308,0.159594
347,K_ZnI3,5.533,5.75497542,-0.806148248,-0.845003176,0.1648
348,V_CuCl3,4.5459,4.741331994,-0.219435514,-0.27436091,0
349,RbMgI3,5.733,5.877010806,-1.253926094,-1.268011476,1.161858
350,InMgF3,3.969,4.127852909,-2.887477668,-2.932938564,2.916023
351,AuMgCl3,4.973,4.899884022,-0.928004538,-0.933322426,0.251466
352,CuMgF3,3.969,3.91110265,-2.511542326,-2.517111884,0.13791
353,HgZnI3,5.533,5.650972081,-0.09444189,-0.104645926,0
354,PbCuF3,4.5459,4.19121234,-1.630705392,-1.795619224,0
355,TlSnCl3,5.6148,5.576124935,-1.159354516,-1.160447702,0.883467
356,RbCaBr3,5.833,5.731124946,-2.119245406,-2.12537659,4.070815
357,HgLiCl3,5.1459,4.75821547,-0.689279154,-0.772816698,0
358,AuCrCl3,4.993,4.812995748,-0.45135362,-0.485977004,0
359,TlV_F3,5.133,4.239253036,-1.719061066,-2.403418894,0.007923
360,K_CrBr3,5.333,5.280492985,-1.258745426,-1.261121892,0.168158
361,K_PbBr3,6.0749,5.965375346,-1.35396649,-1.360985662,1.748936
362,CaCuF3,4.5459,4.142567563,-2.24849729,-2.447375514,0
363,SnCuBr3,4.5459,5.086676842,0.038593178,-0.447735648,0
364,CsZnF3,4.053,4.294460077,-2.5466365,-2.660532556,3.611239
365,NaFeBr3,5.233,5.203928789,-0.904794006,-0.905520016,0.015841
366,NaCdI3,4.621,5.952395497,2.432692876,-0.730102198,0.264135
367,SrAgCl3,5.5059,5.180102215,-1.423064424,-1.507863046,0.479836
368,AuCdBr3,4.621,5.448397003,0.974779356,-0.125279736,0.056987
369,AgCaCl3,5.553,5.316969976,-1.467997216,-1.505376474,1.517007
370,AuCaI3,6.253,6.065507308,-0.39923249,-0.415971824,0
371,PbNaI3,6.4459,5.826747689,-0.359937042,-0.511659586,0.531814
372,CsSrCl3,5.833,5.729058749,-2.506730652,-2.513318648,4.967462
373,RbBaI3,7.073,6.772588192,-1.647685214,-1.68015424,3.246772
374,TlCoF3,4.093,4.176665617,-1.886952546,-1.899955496,0
375,AgBeBr3,3.575,4.895474394,5.094608174,-0.399685774,0.321604
376,NaCoCl3,4.879,4.804662212,-1.102685924,-1.107893024,0
377,K_CoF3,4.093,4.102762241,-2.372444098,-2.372599834,0.000471
378,TlPdCl3,4.913,4.971371453,-0.88712075,-0.891483332,0
379,AgMnCl3,4.393,4.948935838,-0.376133162,-0.77070382,0
380,K_SrF3,4.851,4.764653017,-3.547979964,-3.555456722,5.454678
381,AuSrCl3,5.833,5.61106079,-1.108929612,-1.137231264,0.207586
382,InPbF3,4.873,4.844082366,-2.125448178,-2.126341298,1.702501
383,TlNiF3,4.005,4.154940773,-1.82016657,-1.865816936,0.390615
384,AuFeBr3,5.233,5.081101028,0.047422584,0.027957126,0
385,InSrI3,6.573,6.408703121,-1.11623247,-1.128135262,2.42127
386,CsFeF3,4.113,4.307558193,-2.37860962,-2.45038991,0.033625
387,NaV_Cl3,5.693,4.932225875,-1.120863688,-1.48273755,0.088241
388,AuCrBr3,5.333,5.099225656,-0.139323476,-0.187293382,0
389,CuMnBr3,4.393,5.190161544,0.634303742,-0.226748084,0
390,AgPtBr3,5.213,5.166986129,-0.121100448,-0.12384892,0
391,TlZnBr3,5.113,5.272603695,-0.878353412,-0.90336223,0.225986
392,NaFeI3,5.709,5.636452135,-0.445229062,-0.448658332,0
393,SrNaI3,6.4459,5.86728141,-1.128614614,-1.271502322,1.579374
394,RbBeBr3,3.575,5.072296015,5.87945352,-1.209545322,0.960374
395,NaCoF3,4.093,4.026936716,-2.283469584,-2.290625872,0
396,CsNiCl3,4.853,4.920413551,-1.253777704,-1.258905834,0
397,TiCuBr3,4.5459,5.043660586,0.21150475,-0.177711524,0
398,CsSnBr3,5.813,5.893978997,-1.423803646,-1.4282077,0.650044
399,AuPdCl3,4.913,4.849317222,-0.152691202,-0.158082064,0
400,CuBeBr3,3.575,4.860012419,4.395887352,-0.180710626,0.134802
401,AuBeF3,3.575,3.734131691,-1.80433712,-1.875063656,0.16884
402,CdLiI3,5.7659,5.549670909,-0.303610026,-0.32395322,0
403,AuZnI3,5.533,5.570460669,0.25197854,0.250894394,0
404,TlBaF3,5.189,5.106768665,-3.011409652,-3.017366188,3.718972
405,PdBeI3,3.575,5.260122984,10.30664492,0.357022512,0
406,CdCuF3,4.5459,4.082182744,-1.340505228,-1.61072471,0
407,PbLiI3,5.7659,5.535975451,-0.577099808,-0.608208076,0.591033
408,InTiCl3,5.433,5.028164918,-1.172004294,-1.30130847,0
409,HgSrF3,4.851,4.74568939,-2.604807702,-2.615841882,0.035157
410,AuPbCl3,5.873,5.539819073,-0.30739981,-0.367118256,0
411,PdLiBr3,5.3659,4.962383215,-0.165101512,-0.245870148,0
412,K_V_F3,5.133,4.184670287,-2.122846778,-2.852741768,0.566885
413,LiBeF3,3.575,3.49219135,-3.070643974,-3.084142802,7.543386
414,HgCdBr3,4.621,5.49909388,0.766077418,-0.451630222,0.011812
415,CuZnBr3,5.113,5.164306635,-0.190429062,-0.192937744,0.02731
416,HgNiF3,4.005,4.083712221,-1.397215314,-1.41028375,0
417,AgSnCl3,5.6148,5.459212738,-0.627263538,-0.642761728,0.028047
418,CoBeF3,3.575,3.591217933,-1.864720472,-1.865267458,0
419,HgMgCl3,4.973,4.958628749,-1.217233692,-1.217446664,0.016075
420,AuHgF3,5.153,4.518140938,-0.530814106,-0.868318304,0.06959
421,HgCaCl3,5.553,5.359787014,-1.48328629,-1.506831928,0
422,AgV_F3,5.133,4.091531744,-1.15844447,-2.086166916,0
423,TlCuF3,4.001,4.157299293,-1.783762108,-1.832521664,0
424,TlMnCl3,4.393,5.062265621,-0.609236846,-1.23038257,1.223126
425,K_FeI3,5.709,5.685670288,-0.604039186,-0.604428836,0
426,CsMgI3,5.733,5.915693741,-1.297101898,-1.320256188,1.140932
427,AgMgI3,5.733,5.741344243,-0.361620992,-0.361667192,0.06606
428,HgTiCl3,5.433,4.927645253,-0.990347368,-1.213674538,0.043564
429,PdBeCl3,3.575,4.510874538,2.114140136,-0.445493062,0
430,CdLiF3,4.0459,3.738592553,-2.348742774,-2.482375028,1.588344
431,K_HgI3,6.053,6.041567742,-0.718084528,-0.718166046,0
432,CsSnCl3,5.6148,5.631055523,-1.6669079,-1.667090424,1.015561
433,HgFeI3,5.709,5.546798742,0.063981642,0.045424456,0
434,RbPbCl3,5.873,5.709614716,-1.64315548,-1.660107926,2.201129
435,AgCoCl3,4.879,4.738680832,-0.397007468,-0.414048342,0
436,HgMgBr3,5.373,5.287238666,-0.880624494,-0.886127598,0.027848
437,K_CuBr3,4.793,5.165996175,-0.878009606,-1.049411898,0.152878
438,NaZnF3,4.053,4.055878156,-2.649560122,-2.649573874,3.196245
439,CaLiF3,4.0459,3.748998366,-3.480372358,-3.59795903,6.513776
440,CsTiF3,5.113,4.354450884,-2.492830826,-2.999101456,0
441,NaNiCl3,4.853,4.704053503,-1.133724052,-1.159705764,0.076576
442,CoBeCl3,3.575,4.485775074,1.899765164,-0.267358178,0
443,AgCuBr3,4.793,5.052285965,-0.143113322,-0.230702382,0.18178
444,RbSnF3,4.663,4.752547257,-2.639271792,-2.648688426,1.795498
445,AgSnF3,4.663,4.588845549,-1.730908426,-1.73669588,0
446,CsHgCl3,5.373,5.404245195,-1.344930112,-1.345822412,0.241733
447,HgBeF3,3.575,3.814016899,-1.878655906,-2.038262656,0
448,PbNaCl3,5.6259,5.06434407,-1.092286418,-1.274680782,1.977632
449,InBeF3,3.575,3.88028276,-2.103864236,-2.345097166,2.416315
450,AgNiCl3,4.853,4.668894218,-0.430385852,-0.472377194,0.079619
451,InMgI3,5.733,5.792181032,-0.764876168,-0.767215316,1.290184
452,NaCaI3,6.253,6.148393457,-1.407043786,-1.4125539,2.403179
453,RbCaI3,6.253,6.194077701,-1.637953094,-1.639776592,3.43861
454,K_BeBr3,3.575,5.020996626,5.09330546,-1.195782738,0.999892
455,InSrBr3,6.173,5.964935088,-1.568744424,-1.590923404,2.985123
456,HgNiCl3,4.853,4.705851337,-0.421614156,-0.446991456,0
457,K_BeCl3,3.575,4.68323588,1.815530476,-1.559579282,2.450291
458,AuPdI3,5.533,5.47602783,0.265954544,0.262672328,0
459,AuMgBr3,5.373,5.225206947,-0.564352218,-0.581270084,0.185753
460,AuPbF3,4.873,4.691115853,-1.379517348,-1.410016498,0
461,NaMgBr3,5.373,5.308519566,-1.578041716,-1.581120036,2.768859
462,TlBaBr3,6.573,6.305051931,-1.634698656,-1.666347842,2.998548
463,AgBeI3,3.575,5.352997821,10.91938319,0.106172594,0
464,CsMnF3,4.393,4.379958818,-2.759930644,-2.760168996,2.052755
465,HgNiBr3,5.213,4.988091341,-0.1791449,-0.227553152,0
466,LiMgCl3,4.973,4.938433255,-1.80547274,-1.806582758,4.014855
467,K_PbF3,4.873,4.839050378,-2.63950748,-2.640725192,2.930685
468,TlNiI3,5.613,5.440253815,-0.266242078,-0.290084628,0.138581
469,TlZnCl3,4.833,4.977210582,-1.157591732,-1.181402272,1.479691
470,HgMnF3,4.393,4.184630949,-1.866151018,-1.929632654,0
471,InBeI3,3.575,5.416081783,11.70878455,-0.281686162,0.388805
472,FeBeI3,3.575,5.305170073,9.234602584,0.50302149,0
473,CsV_F3,5.133,4.322220521,-2.239847648,-2.804567602,0.53532
474,PtCuBr3,4.5459,4.965046601,0.723727932,0.437293622,0
475,InCaI3,6.253,6.134431198,-1.102052374,-1.109468774,2.395703
476,K_CdCl3,4.621,5.257111248,-0.979660678,-1.589055048,1.855029
477,InZnF3,4.053,4.192167629,-2.144645864,-2.181590094,2.805322
478,InPtF3,4.173,4.393955319,-1.173738118,-1.28195728,0.028238
479,TiLiBr3,5.3659,4.970964967,-0.600794354,-0.703158682,0.048449
480,RbSrBr3,6.173,6.004416876,-2.124428424,-2.138953194,3.872382
481,SnLiBr3,5.3659,5.05561031,-0.912172556,-0.978647214,1.164808
482,AgZnBr3,5.113,5.184864782,-0.426257328,-0.431421062,0.180416
483,CuBeF3,3.575,3.568067772,-2.20332627,-2.203444188,0.103872
484,PbCuBr3,4.5459,5.115070965,-0.00132841,-0.55164768,0
485,HgPtBr3,5.213,5.182757557,-0.176975252,-0.178194566,0
486,CsCdF3,4.621,4.557878143,-2.643213964,-2.64832303,3.253312
487,AuCuCl3,4.813,4.738425323,-0.16890782,-0.175595436,0
488,HgCdCl3,4.621,5.207981301,-0.167271392,-0.685088274,0.053717
489,CsMgCl3,4.973,5.128473965,-2.117405538,-2.141651066,3.948212
490,NaTiBr3,5.793,5.297398656,-1.135252302,-1.291379518,0.012817
491,CsNiBr3,5.213,5.184717766,-1.025008206,-1.026848176,0.185282
492,AuNiI3,5.613,5.282843952,0.44899364,0.361709778,0
493,K_MnBr3,4.393,5.358728023,-0.00823703,-1.313371748,1.038774
494,RbTiCl3,5.433,5.065380529,-1.717653534,-1.82262431,0
495,CsPbCl3,5.873,5.73484293,-1.710617002,-1.722949184,2.219028
496,CsCdBr3,4.621,5.609983951,0.283924748,-1.407449852,0.681619
497,InV_Cl3,5.693,4.981768092,-0.79709182,-1.12658556,0.04154
498,CsCaCl3,5.553,5.46526815,-2.50091882,-2.506337812,5.355071
499,AgPtCl3,4.913,4.8967193,-0.304820876,-0.305209176,0
500,BaLiCl3,5.1459,4.908335105,-2.36757561,-2.411291224,4.287996
501,NaMnCl3,4.393,5.004298637,-1.023413906,-1.48315602,1.054629
502,K_FeBr3,5.233,5.25315107,-1.052021198,-1.052386714,0.011997
503,RbFeF3,4.113,4.212791167,-2.478596448,-2.495843674,0.00028
504,HgFeCl3,4.933,4.888046385,-0.567439598,-0.569689194,0
505,LiMnBr3,4.393,5.291890366,0.044370428,-1.00262311,0.903431
506,RbSnI3,6.317,6.257053527,-0.984438678,-0.986412104,1.263605
507,HgCdI3,4.621,5.927127229,2.80058642,-0.131759224,0
508,AuPbI3,6.313,6.192529834,0.201200884,0.194371166,0.063417
509,AuBeI3,3.575,5.269204056,11.29701644,0.322981404,0
510,TlCdCl3,4.621,5.255928509,-0.56671788,-1.190910336,1.887959
511,HgCaI3,6.253,6.163275382,-0.811281882,-0.814819268,0
512,AgHgCl3,5.373,5.266737059,-0.340370732,-0.350291752,0.246015
513,RbNiF3,4.005,4.140841054,-2.281110108,-2.316074678,0.51541
514,NaMnBr3,4.393,5.312051748,-0.02488637,-1.157755016,0.950642
515,TlCaI3,6.253,6.142732106,-1.204134208,-1.210372538,2.547853
516,AuFeCl3,4.933,4.818063218,-0.238363476,-0.253311034,0
517,AuNiF3,4.005,4.028322322,-1.159978688,-1.161041928,0
518,RbCaCl3,5.553,5.422799361,-2.445520874,-2.457051764,4.974353
519,HgMgF3,3.969,4.060831156,-2.55857048,-2.574411286,0
520,AuSrI3,6.573,6.37523654,-0.406617394,-0.42223822,0.047104
521,BaNaF3,4.6799,4.279168925,-3.36893916,-3.524762344,6.040997
522,RbPbI3,6.313,6.37379807,-1.02458785,-1.026636816,2.031321
523,CuCrF3,4.153,4.032440334,-1.731951156,-1.75686922,0.011657
524,K_ZnF3,4.053,4.131642285,-2.72471133,-2.735415162,3.647541
525,TlBeI3,3.575,5.448575209,12.48635057,-0.359034176,0.291054
526,CuFeF3,4.113,4.038819552,-1.502347176,-1.512032786,0
527,TlCrF3,4.153,4.246855681,-2.250591726,-2.266574894,0.024012
528,TlCaF3,4.497,4.502814307,-3.240841816,-3.240885076,4.552686
529,CuMgI3,5.733,5.725990291,-0.12043472,-0.120465006,0
530,K_PbCl3,5.873,5.695320741,-1.589516822,-1.609400934,2.186807
531,TlCuCl3,4.813,4.876239277,-0.893122762,-0.897647874,0
532,LiCuF3,4.001,3.965735235,-2.107866568,-2.110008602,0
533,SrCuBr3,4.5459,5.166487213,-0.659238978,-1.308802198,0.021646
534,AuBaCl3,6.193,5.985097966,-1.046894186,-1.068105486,0.105415
535,InBaF3,5.189,5.104178049,-2.90662875,-2.912978594,3.557602
536,TlMgBr3,5.373,5.345322263,-1.3537642,-1.35441861,2.720952
537,PbHgCl3,5.8859,5.330315773,-0.343470312,-0.532429496,0
538,HgMnCl3,4.393,4.930179343,-0.369159328,-0.805675268,0
539,K_CaCl3,5.553,5.398154513,-2.398545424,-2.41456912,4.770729
540,AuCoF3,4.093,4.046211839,-1.203196288,-1.207427626,0
541,LiZnBr3,5.113,5.218709783,-0.967054292,-0.977450428,0.231792
542,K_PdF3,4.293,4.298274833,-2.08343066,-2.083474218,0
543,RbCaF3,4.497,4.506821156,-3.679891612,-3.680009616,6.425597
544,RbCrBr3,5.333,5.313735892,-1.290136684,-1.29047463,0.164497
545,RbSnCl3,5.6148,5.599813967,-1.608111402,-1.608256424,0.95691
546,K_PdI3,5.533,5.627191643,-0.770285322,-0.77915903,0
547,HgPtF3,4.173,4.311786909,-0.891344532,-0.934283184,0
548,RbCuI3,5.133,5.632126164,-0.446834374,-0.715080452,0
549,RbCuCl3,4.813,4.909120624,-1.304641562,-1.314666254,0
550,RbHgF3,5.153,4.625787094,-1.917895456,-2.154973806,0.581207
551,CuZnI3,5.533,5.60768287,0.24334245,0.239112768,0
552,K_TiCl3,5.433,5.031365914,-1.67332494,-1.796896452,0
553,AuV_Cl3,5.693,4.821169686,-0.051936128,-0.566630022,0
554,AuPdF3,4.293,4.220059441,-0.869956334,-0.879545458,0
555,TiLiCl3,5.1459,4.635322763,-0.890018214,-1.075716714,0.075052
556,InSrF3,4.851,4.772563208,-3.04331871,-3.049730902,3.746019
557,NaBeI3,3.575,5.430579939,10.08421446,-0.54823843,0.122708
558,K_SnBr3,5.813,5.850354527,-1.315512884,-1.316413882,0.559873
559,HgCoF3,4.093,4.107501677,-1.450451306,-1.45088916,0
560,K_PtCl3,4.913,4.977069698,-1.141915688,-1.147752144,0.140088
561,InSrCl3,5.833,5.67089219,-1.88280083,-1.898720938,3.57506
562,AuZnBr3,5.113,5.158186588,-0.133901526,-0.135923634,0.137958
563,NaPtF3,4.173,4.338018047,-1.603477984,-1.660497384,0
564,V_CuF3,4.5459,4.050584573,-1.010736108,-1.31495174,0
565,HgCdF3,4.621,4.442971103,-1.639912774,-1.680922432,0
566,InSnF3,4.663,4.722941001,-2.09771361,-2.101840716,0.603987
567,CuCoCl3,4.879,4.681268572,-0.165143682,-0.195601292,0
568,CuFeCl3,4.933,4.813981576,-0.289038558,-0.303928094,0
569,K_SnCl3,5.6148,5.583672492,-1.559161168,-1.55986544,0.924058
570,TlSrF3,4.851,4.776241636,-3.145455356,-3.151260782,4.391124
571,InCrI3,5.773,5.654813425,-0.355555834,-0.365732574,0
572,PdBeBr3,3.575,4.826965109,4.814741408,-0.094245706,0
573,BaAgCl3,5.5059,5.230770488,-1.638142292,-1.699531532,1.302171
574,RbPdI3,5.533,5.652474628,-0.798620358,-0.812916604,0
575,CsV_Cl3,5.693,5.08688856,-1.416571874,-1.659536292,0.131177
576,AgCdBr3,4.621,5.466894612,0.761876452,-0.429698574,0.861091
577,NaMgI3,5.733,5.811854332,-1.056399376,-1.060553058,1.174314
578,CdCuI3,4.5459,5.453425922,1.511279514,0.000876486,0
579,CsBeI3,3.575,5.600447117,14.07150988,-0.759592446,0.201234
580,NaCaF3,4.497,4.421695025,-3.510577608,-3.517180204,5.015659
581,K_MnCl3,4.393,5.05462418,-1.059734086,-1.63014315,1.179912
582,InPbBr3,6.0749,5.941908124,-0.853358286,-0.86382683,1.616914
583,CsZnBr3,5.113,5.381239241,-1.268119932,-1.340412016,0.080296
584,HgLiBr3,5.3659,5.111186882,-0.51437883,-0.544786164,0
585,CuCoF3,4.093,3.990844991,-1.330203346,-1.348322358,0
586,K_MgI3,5.733,5.851187789,-1.216337106,-1.225752434,1.176992
587,K_BaCl3,6.193,6.027613886,-2.33826919,-2.352656256,4.156464
588,HgBeI3,3.575,5.360736024,12.05895458,0.003699662,0
589,TlNiCl3,4.853,4.800566478,-0.855479148,-0.858662512,0
590,RbBaCl3,6.193,6.036968416,-2.39501481,-2.407891658,4.32382
591,LiNiCl3,4.853,4.674080856,-0.98642732,-1.022861306,0.079263
592,HgMnBr3,4.393,5.207734505,0.536981344,-0.537072234,0
593,AuMgF3,3.969,3.995804461,-2.341365464,-2.342712786,0.003043
594,NaSnCl3,5.6148,5.558846512,-1.379148872,-1.381262618,0.749163
595,K_HgCl3,5.373,5.342187501,-1.257335624,-1.258150842,0.23809
596,HgCrBr3,5.333,5.164583855,-0.489024232,-0.513733738,0
597,SrLiF3,4.0459,3.872217206,-3.654190894,-3.696182318,7.230592
598,CuCrBr3,5.333,5.123654396,-0.167368926,-0.203667264,0
599,AgFeCl3,4.933,4.845992936,-0.52195429,-0.530225934,0
600,AuCdI3,4.621,5.853572472,2.942885374,0.247813132,0
601,HgCaBr3,5.833,5.681615849,-1.199950154,-1.212371386,0.043405
602,CsCuI3,5.133,5.665393824,-0.423686126,-0.753358266,0
603,LiCrCl3,4.993,4.898624845,-1.28402153,-1.29290738,0
604,InMgCl3,4.973,5.019141279,-1.599161902,-1.60122132,3.686029
605,AuTiF3,5.113,4.10025629,-1.174542374,-2.11968462,0
606,CuBeCl3,3.575,4.512522016,1.767519404,-0.568899776,0.297515
607,CsPtBr3,5.213,5.32231295,-0.990185212,-1.00565525,0.23683
608,SrCuCl3,4.5459,4.878998712,-1.447262442,-1.61564428,0.287021
609,FeBeF3,3.575,3.620579256,-1.939299904,-1.943786558,0
610,AgBeF3,3.575,3.684567805,-2.243410134,-2.274319786,2.082514
611,AgCuI3,5.133,5.468767699,0.254051104,0.133927722,0
612,CsCuCl3,4.813,4.988727174,-1.27862486,-1.314191906,0
613,LiZnF3,4.053,4.028411636,-2.515697552,-2.51668899,3.127353
614,K_CuCl3,4.813,4.860707229,-1.300639426,-1.303111976,0
615,CsCoCl3,4.879,5.01205108,-1.23733352,-1.255056312,0
616,NaCdCl3,4.621,5.221952622,-0.89310871,-1.426413382,1.897961
617,AgPdCl3,4.913,4.874475961,-0.450481272,-0.452408566,0
618,AgCrCl3,4.993,4.864657237,-0.727050504,-0.743718632,0
619,CsBaI3,7.073,6.785764863,-1.724224416,-1.754191222,3.524408
620,RbMgF3,3.969,4.123297316,-3.42525522,-3.465899554,6.937802
621,InZnBr3,5.113,5.257025542,-0.788874794,-0.809068746,0.261846
622,AgCdF3,4.621,4.411980348,-1.668713268,-1.724282992,1.099707
623,AuMnBr3,4.393,5.156734166,0.680994178,-0.20596741,0
624,BaLiF3,4.0459,4.044856501,-3.710194582,-3.71019665,6.589229
625,TlHgF3,5.153,4.614591182,-1.458429744,-1.712031616,1.345738
626,CsPdBr3,5.213,5.326720389,-1.11805145,-1.132400124,0.238268
627,CaLiBr3,5.3659,5.059732962,-1.624652702,-1.688827102,2.233611
628,SrNaBr3,5.9859,5.401586495,-1.609395366,-1.7807547,2.493302
629,BaCuBr3,4.5459,5.22923911,-0.65530704,-1.475068936,0.332746
630,K_PtBr3,5.213,5.254393149,-0.9486361,-0.95079673,0.246372
631,TlTiF3,5.113,4.266173654,-1.97558821,-2.604424266,0
632,RbV_F3,5.133,4.23417833,-2.175028052,-2.842768494,0.555096
633,LiZnI3,5.533,5.689743423,-0.510858614,-0.529376782,0.395283
634,PdBeF3,3.575,3.670194473,-1.881901696,-1.905452718,0
635,AgCoF3,4.093,4.041957527,-1.533949512,-1.538631606,0
636,HgCrCl3,4.993,4.879579105,-0.780975634,-0.794724056,0
637,SrCuF3,4.5459,4.204766741,-2.4797476,-2.623702886,0.073627
638,HgV_Cl3,5.693,4.88356972,-0.458187434,-0.903575776,0
639,AgPdF3,4.293,4.240587476,-1.198712058,-1.203285602,0
640,SrNaCl3,5.6259,5.087096822,-1.95304236,-2.12218285,3.499291
641,HgV_F3,5.133,4.140988111,-1.22147563,-2.112630064,0
642,TlPdF3,4.293,4.3384375,-1.639920588,-1.64357054,0
643,HgCuCl3,4.813,4.792171905,-0.44942448,-0.449965298,0
644,SrLiBr3,5.3659,5.128808557,-1.854132156,-1.89306094,2.82745
645,NaFeCl3,4.933,4.889486972,-1.23219745,-1.234131516,0.025636
646,TlBaCl3,6.193,6.01564762,-1.934580898,-1.951277484,3.448582
647,CuMnF3,4.393,4.092087668,-1.64951523,-1.767628184,0
648,NaSnI3,6.317,6.211395708,-0.750970864,-0.756492918,0.333592
649,NaZnBr3,5.113,5.242114599,-1.11415101,-1.129829352,0.20764
650,RbNiBr3,5.213,5.113594327,-1.00843788,-1.018256212,0.19069
651,AgZnI3,5.533,5.630576099,0.011035084,0.003446586,0
652,AgCuCl3,4.813,4.755568483,-0.476939934,-0.480785768,0
653,HgCoCl3,4.879,4.771468892,-0.409112274,-0.418641666,0
654,AgCdI3,4.621,5.885460283,2.854620598,-0.017951398,0.149595
655,SrLiI3,5.7659,5.602880396,-1.331675402,-1.347781672,1.685476
656,LiMgBr3,5.373,5.286759831,-1.42122546,-1.426768162,2.815638
657,AuPtCl3,4.913,4.864592182,-0.02195688,-0.025417372,0
658,AgFeI3,5.709,5.502794164,0.236674628,0.213026388,0
659,InSnBr3,5.813,5.825374267,-0.821881104,-0.821983876,0.516769
660,AuHgBr3,5.573,5.498706212,0.152553562,0.148328998,0
661,TlCrI3,5.773,5.671625366,-0.450346444,-0.457814956,0
662,TlSnF3,4.663,4.727907488,-2.200286922,-2.20508863,0.736837
663,NaV_F3,5.133,4.119049862,-1.937806274,-2.751693346,0
664,TlPbI3,6.313,6.331076507,-0.588264192,-0.58843524,2.010632
665,CuFeI3,5.709,5.473633544,0.46521842,0.430397904,0
666,InMnF3,4.393,4.287369765,-2.23995962,-2.255860344,1.231468
667,HgZnBr3,5.113,5.209363565,-0.431966488,-0.4408563,0.051736
668,TlCaCl3,5.553,5.394863496,-2.001053632,-2.018264262,4.018613
669,RbSnBr3,5.813,5.867498375,-1.364222014,-1.366126478,0.597237
670,NaCaCl3,5.553,5.364980463,-2.221441678,-2.24476479,3.833074
671,InBaBr3,6.573,6.300766011,-1.528075188,-1.560702274,2.841063
672,TlTiCl3,5.433,5.037386112,-1.275199772,-1.39872068,0
673,CsMnBr3,4.393,5.438072812,0.305576014,-1.383195914,1.033504
674,K_CuI3,5.133,5.598163806,-0.450583058,-0.682256892,0.250607
675,NaMnF3,4.393,4.184300221,-2.620810264,-2.677947716,0.273829
676,SrLiCl3,5.1459,4.804924624,-2.183188768,-2.270040508,4.045229
677,SnCuCl3,4.5459,4.819654847,-0.586269764,-0.69941686,0
678,TlPbBr3,6.0749,5.94760557,-0.958321588,-0.967905994,1.742685
679,AgCrBr3,5.333,5.161883587,-0.403623306,-0.42897171,0
680,AgHgI3,6.053,5.924420198,0.175718804,0.165574636,0
681,BaHgCl3,5.8859,5.518339783,-1.344345328,-1.431103422,0
682,K_BaF3,5.189,5.106221548,-3.413272206,-3.419225184,4.46937
683,K_PbI3,6.313,6.360270959,-0.97248533,-0.973726552,2.022737
684,PdLiCl3,5.1459,4.646032021,-0.314986024,-0.45003114,0
685,AgZnCl3,4.833,4.871996713,-0.732493934,-0.734266466,1.445191
686,InCrF3,4.153,4.237134258,-2.164160104,-2.176736342,0.025281
687,K_MgF3,3.969,4.045273456,-3.494947984,-3.504289456,6.977294
688,AuCrF3,4.153,4.074768611,-1.65335217,-1.665199144,0
689,AgPtF3,4.173,4.302565895,-0.890408496,-0.926413178,0
690,TlCrBr3,5.333,5.269491307,-0.878549028,-0.882175062,0.161367
691,LiCrBr3,5.333,5.211054469,-0.94900026,-0.961667458,0.175318
692,InCdCl3,4.621,5.249042326,-0.484651822,-1.08933226,1.899815
693,RbV_Cl3,5.693,5.022751295,-1.354225988,-1.644245528,0.123479
694,AuCdCl3,4.621,5.160815199,0.073162276,-0.373188442,0.245141
695,AgCdCl3,4.621,5.179397429,-0.215003628,-0.694332622,1.443154
696,TlPbCl3,5.873,5.686745476,-1.187280528,-1.20949598,1.942509
697,AgCaBr3,5.833,5.621898609,-1.149097026,-1.175197394,0.866607
698,InCaBr3,5.833,5.684881335,-1.577279768,-1.590386306,3.117607
699,CsHgF3,5.153,4.671668601,-1.982534404,-2.18371774,0.65154
700,AuSnBr3,5.813,5.615584338,-0.143902606,-0.166960618,0
701,AuCaBr3,5.833,5.606949403,-0.839221526,-0.868618354,0
702,K_ZnCl3,4.833,4.969279657,-1.560844534,-1.58154634,1.468333
703,AgZnF3,4.053,4.070298287,-1.898841844,-1.89941622,1.542907
704,K_CaBr3,5.833,5.709973185,-2.07046864,-2.079381746,3.896056
705,AuCaF3,4.497,4.403674653,-2.424832174,-2.435493186,0.436366
706,AgCaI3,6.253,6.086601008,-0.675551514,-0.689467064,0.241011
707,AuPtF3,4.173,4.275468858,-0.605270552,-0.628920682,0
708,AuCrI3,5.773,5.506434963,0.276223626,0.226260968,0.001907
709,PtCuF3,4.5459,4.024857326,-0.387921486,-0.724514352,0
710,NaPdCl3,4.913,4.916270596,-1.154858382,-1.154871888,0
711,CsBeF3,3.575,4.022465069,-2.107217564,-2.70320929,5.361726
712,CsBaBr3,6.573,6.347089102,-2.169778844,-2.192470398,4.019632
713,K_PtF3,4.173,4.376544705,-1.711380082,-1.799114344,0.122703
714,RbZnI3,5.533,5.784400582,-0.834352864,-0.884178108,0.162734
715,CuMgCl3,4.973,4.889824683,-1.0042209,-1.010689816,0.650206
716,PtLiF3,4.0459,3.741433573,-1.250745706,-1.384593778,0
717,K_ZnBr3,5.113,5.28986569,-1.24907425,-1.279352322,0.164011
718,RbBaBr3,6.573,6.331840706,-2.094580892,-2.120171328,3.733206
719,BaCuCl3,4.5459,4.952395962,-1.510527076,-1.77037927,0.765416
720,CsNiI3,5.613,5.568852872,-0.68738177,-0.689069004,0
721,HgLiI3,5.7659,5.614547565,-0.244741516,-0.253012086,0
722,PbHgF3,4.9459,4.642843257,-1.351887808,-1.451598826,0.122099
723,AgCrI3,5.773,5.574459321,0.038361348,0.011044536,0
724,TlCdI3,4.621,5.937197071,2.72190673,-0.534410866,0.292966
725,LiCoCl3,4.879,4.753374212,-0.953971496,-0.965482316,0
726,AuSnCl3,5.6148,5.337102309,-0.341411586,-0.388393122,0
727,LiNiBr3,5.213,4.984142639,-0.688382552,-0.73546058,0.000743
728,PbAgCl3,5.5059,5.13053406,-0.569303482,-0.67905422,0.01144
729,NaCrF3,4.153,4.12448705,-2.612806532,-2.614146304,0
730,TlCrCl3,4.993,4.983919582,-1.180171824,-1.180255562,0
731,K_V_Cl3,5.693,4.985425908,-1.303343712,-1.622517072,0.095167
732,SnLiCl3,5.1459,4.749415769,-1.19046547,-1.309151292,1.89968
733,AuCuF3,4.001,4.02769352,-1.122785706,-1.124245364,0
734,HgMgI3,5.733,5.777027254,-0.46340871,-0.464570926,0
735,CsFeCl3,4.933,5.053383484,-1.385836208,-1.401443068,0.001576
736,AuMnF3,4.393,4.122297055,-1.56558326,-1.670809652,0
737,AgNiF3,4.005,4.018174387,-1.514523658,-1.51486915,0.526056
738,RbTiBr3,5.793,5.370054199,-1.361646806,-1.478113428,0
739,LiCrF3,4.153,4.094971444,-2.473256724,-2.478508552,0
740,SnLiF3,4.0459,3.88320917,-2.611700498,-2.651490462,2.992368
741,RbFeCl3,4.933,4.984550175,-1.387331814,-1.390088528,0.034539
742,NaPtBr3,5.213,5.217126937,-0.80512449,-0.805142974,0.251577
743,TlPdI3,5.533,5.591185354,-0.423481052,-0.426922776,0
744,NaCrBr3,5.333,5.232484051,-1.104709896,-1.11324481,0.173463
745,CuCrCl3,4.993,4.823885136,-0.49488755,-0.523474344,0
746,K_SrBr3,6.173,5.989816433,-2.070131688,-2.087173294,3.715887
747,HgSrI3,6.573,6.47774639,-0.84698927,-0.850350402,0
748,K_CrF3,4.153,4.19154944,-2.713092048,-2.715578824,0
749,NaCrCl3,4.993,4.920897492,-1.437071744,-1.442263584,0
750,K_FeF3,4.113,4.157163786,-2.507323094,-2.510566946,0.000725
751,CuMnCl3,4.393,4.903872237,-0.222209826,-0.540475592,0
752,PtLiCl3,5.1459,4.604480184,0.011435302,-0.168256466,0
753,AgTiCl3,5.433,4.909220187,-0.78113858,-1.000249656,0
754,RbCrI3,5.773,5.74116826,-0.850766992,-0.851540502,0
755,CsPdF3,4.293,4.407141046,-2.055743322,-2.078943744,0
756,RbCuF3,4.001,4.143389168,-2.246445866,-2.284079296,0
757,CsCaI3,6.253,6.221289296,-1.702834758,-1.703380484,3.715603
758,CsPbI3,6.313,6.394639709,-1.091107448,-1.094809944,2.042969
759,HgSnCl3,5.6148,5.345236552,-0.750177862,-0.797376508,0.128682
