correct_formula,lat_bvm,lat_opt,hf_opt,lat_err
Cs2TiCuF6,6.310786601,6.217359954,-2.828696248,1.502673921
RbK_LiAuCl6,7.056077148,7.178169666,-1.397153668,-1.700886493
Rb2CaSnF6,6.417630435,6.554136104,-3.156462029,-2.082740836
CsK_MoAgCl6,7.344576715,7.363546588,-1.45408379,-0.257618704
CsK_BeSnCl6,6.823439017,7.283302287,-1.609499939,-6.313939088
RbBaLiSnF6,6.01670089,6.189290674,-3.076016663,-2.788522833
Cs2PdCdF6,6.365304534,6.357275422,-2.302590086,0.126297993
CsRbZnSnBr6,7.697493709,7.927377328,-1.370234008,-2.899869775
K_BaNaPdF6,6.15529382,6.124891076,-2.729275121,0.496380158
CsRbSrPtCl6,7.541930217,7.63968565,-1.742094482,-1.279574023
CsRbCoZnF6,6.025893279,5.984944097,-2.493796516,0.684203247
Cs2CaBaF6,6.786740175,6.849747233,-3.615509325,-0.919845013
RbK_CaCuCl6,7.273229641,7.289134601,-1.810952237,-0.218200944
CsBaTiAgF6,6.85815796,6.544627172,-2.881106457,4.790659269
Rb2AsAuCl6,7.183356369,7.374997395,-1.280114891,-2.598523306
CsRbAsAgF6,6.295230252,6.436679903,-2.390300513,-2.197556095
Cs2PdSnCl6,7.43579349,7.468692141,-1.48926557,-0.440487442
RbBaCuAgF6,6.117110053,6.159295805,-2.524063755,-0.68491192
RbK_SrPdCl6,7.5193028,7.555661777,-1.760689094,-0.481214987
RbK_CaPdCl6,7.335455037,7.379252243,-1.760613364,-0.593518208
CsK_CuBiCl6,7.157900525,7.457153265,-1.482071795,-4.012962181
RbK_MnAuCl6,7.129616253,7.189511633,-1.405741057,-0.833093851
Cs2CrCoF6,6.133373509,6.078905098,-2.499257343,0.896023381
CsRbNaCuCl6,7.285179745,7.325934774,-1.494536868,-0.556311653
Cs2AsAgF6,6.36594093,6.491323802,-2.40024284,-1.931545486
Cs2NiPbBr6,7.92801052,7.908172123,-1.272439177,0.250859446
Rb2MgTiF6,6.368132961,5.93536914,-3.22904567,7.291270523
Cs2CuRbCl6,7.859350452,7.766331275,-1.50765473,1.197723524
CsRbCuPbBr6,7.659309943,7.866489435,-1.263014481,-2.633696941
K_2AgSbF6,6.375840425,6.516378527,-2.435090769,-2.156690279
RbK_TiZnF6,6.410559368,5.959914564,-2.852503624,7.561262805
Cs2CuBaF6,6.492583754,6.580858225,-2.863492775,-1.34138235
CsK_CaNiCl6,7.329798183,7.295100463,-1.870277592,0.475630466
Cs2GaAgBr6,7.627631559,7.764891683,-1.284157426,-1.767701713
RbK_AsCsF6,6.863744104,6.862887219,-2.662283619,0.01248578
Cs2PdCdBr6,7.335455037,7.753118756,-1.236419415,-5.387041422
CsRbCoPbF6,6.345505544,6.402132426,-2.519983985,-0.884500331
RbBaLiTiF6,6.281158827,5.898529557,-3.330153575,6.486858556
Cs2CaBaCl6,8.2179243,8.12933034,-2.494050733,1.08980637
Rb2TiBaF6,7.196862108,6.607014478,-3.239590297,8.92759706
Cs2CdPtCl6,7.055440752,7.385848208,-1.377490468,-4.473520801
Rb2K_CoF6,6.317857669,6.350235432,-2.641692181,-0.509867132
CsK_TiCrCl6,7.343940319,7.202761986,-1.698720902,1.960058276
Rb2TiCdCl6,7.114837722,7.373295085,-1.709652569,-3.505316966
Cs2TiSnBr6,8.133071487,8.005491702,-1.462336486,1.593653327
K_2CoZnF6,5.776991692,5.826508343,-2.544015931,-0.849851201
Cs2NaScCl6,7.599135156,7.54842834,-2.307638619,0.671753299
CsRbK_NbF6,6.470592733,6.623607879,-2.965078421,-2.310148018
RbK_MnPbCl6,7.208175817,7.593083584,-1.64863436,-5.069189123
Rb2CuPbCl6,7.488190102,7.430569596,-1.486486316,0.775452071
Cs2MgCrF6,6.105089238,6.070954075,-3.004673735,0.562270157
Rb2MgPtF6,5.909927766,6.056081618,-2.607468215,-2.413340188
CsRbNiCdCl6,6.970587938,7.233963796,-1.466089597,-3.640823551
K_2CuBiF6,6.26694598,6.33527073,-2.433841889,-1.07848192
CsK_NaCuF6,6.053399732,6.098892393,-2.464418726,-0.745916756
Rb2MgSnF6,6.114988733,6.256638609,-3.061623232,-2.263993247
Cs2MgTiF6,6.436015212,6.078972933,-3.180298733,5.873398066
Cs2V_AgBr6,7.723798082,7.729191909,-1.329547876,-0.069785136
RbK_MgPdF6,5.898614058,5.969056974,-2.695970946,-1.180134759
CsRbBeSrF6,6.096603957,6.069687592,-3.316973868,0.44345552
CsRbNiPbF6,6.30025071,6.369667866,-2.527703394,-1.089808107
Cs2NaBiF6,6.491805937,6.602657069,-2.895711977,-1.678886719
CsRbMnAuCl6,7.239924911,7.254865813,-1.432274653,-0.205943187
CsRbTiAuCl6,7.302150308,7.363965626,-1.615127216,-0.839429747
CsRbV_FeCl6,7.468391112,7.104242005,-1.528318153,5.125798173
CsRbZnPbF6,6.322878127,6.421349214,-2.712698235,-1.533495287
K_2MnPbF6,6.46712791,6.405571853,-2.715511547,0.960976767
Cs2AuBiCl6,7.587821448,7.727340845,-1.430309623,-1.805529233
CsRbAlK_F6,6.307958174,6.309575879,-3.390624627,-0.025638896
RbK_FeSrCl6,7.533444936,7.509859892,-1.898513347,0.31405438
Rb2FeCuF6,5.901442485,5.977304045,-2.455808601,-1.269160134
RbK_TiCrCl6,7.31282762,7.156010453,-1.68929668,2.191404957
CsRbCaTiF6,6.727343206,6.260670969,-3.333457527,7.454029105
CsRbScAgCl6,7.508625488,7.456579681,-1.980315835,0.697984992
RbK_ZnSrCl6,7.465562685,7.522195712,-2.015709395,-0.752878937
CsK_MgCaCl6,7.400508861,7.418463315,-2.294727353,-0.242023889
Rb2CaTiF6,6.71320107,6.207344861,-3.336780812,8.149316989
Rb2CuCsF6,6.691210049,6.609826587,-2.404198833,1.23124958
CsBaLiMgF6,5.916291728,5.91911679,-3.545098485,-0.047727776
CsK_TiMnF6,6.6538041,6.07969013,-2.888833944,9.443145255
CsK_TiAgCl6,7.344576715,7.335713773,-1.729446626,0.120819073
CsRbNaBiBr6,8.137950523,8.206198185,-1.545368098,-0.831659929
K_BaLiMnF6,5.842752622,5.857209938,-3.234263802,-0.2468294
K_BaCaCuF6,6.151051179,6.194943007,-3.148261228,-0.708510606
CsK_AgInCl6,7.406802112,7.480152377,-1.544357769,-0.980598542
CsK_SrSnF6,6.659460955,6.767406668,-3.115018759,-1.595082412
Cs2CdPbF6,6.667946236,6.680783196,-2.690496665,-0.192147535
K_2V_NiF6,6.379446669,5.841406672,-2.644084769,9.210795054
RbK_TiSrCl6,7.878513045,7.569001052,-2.110228809,4.08920531
Cs2MgMnF6,6.170143062,6.089873554,-3.084026804,1.318081678
Rb2CoPtF6,5.9551826,6.063247339,-2.074915786,-1.782291438
K_2CuPbF6,6.204084187,6.270519331,-2.456058811,-1.059483908
CsK_MnZnCl6,6.863107708,7.154374328,-1.632345631,-4.071168309
CsK_BaPtCl6,7.773861242,7.828269717,-1.708470157,-0.695025557
CsRbNiPtF6,6.037206987,6.090513815,-2.071907091,-0.875243534
CsRbCdPtF6,6.263481157,6.380129915,-2.189959079,-1.828313203
CsBaNaMnF6,6.274087759,6.171321598,-3.164491664,1.665221281
RbK_SrPdF6,6.395003018,6.446858831,-2.735959623,-0.804357817
CsK_ZnCdF6,6.184285198,6.163795263,-2.66709407,0.332423994
CsK_V_SnF6,6.847551358,6.356770791,-2.744407904,7.720595628
Cs2K_AuF6,6.69969533,6.675878327,-2.28161475,0.356762089
Rb2FeSnF6,6.191356265,6.334025548,-2.56243012,-2.252426696
RbK_MgBaF6,6.404902513,6.446404976,-3.469695882,-0.643807876
Cs2V_SrCl6,8.065189236,7.596647096,-2.113788221,6.167749189
Rb2FeSnCl6,7.393367083,7.468036758,-1.497456546,-0.999856821
RbK_ZnCdF6,6.107917665,6.104635583,-2.678440878,0.053763769
K_BaLiCrF6,5.760728236,5.837934857,-3.168416895,-1.322498857
CsRbAlK_Br6,8.046026642,8.051669273,-1.698903191,-0.07008027
Rb2V_MnF6,6.656632527,6.019412495,-2.824236899,10.5860835
Cs2BePbF6,6.174385703,6.179973506,-2.849220792,-0.090417912
Rb2NaInCl6,7.454885373,7.51067026,-1.840139652,-0.742741799
CsRbBePbCl6,6.904119901,7.364009716,-1.65810035,-6.245100608
CsRbMnZnF6,6.122059801,6.062960536,-2.735038521,0.974759194
CsK_MnFeF6,6.113574519,6.054325502,-2.608458892,0.978622926
Cs2MnPbI6,7.816287649,8.641527978,-1.033881636,-9.549703845
CsBaLiNiF6,5.927605436,5.917539375,-2.997613574,0.170105523
CsRbV_CdCl6,7.29302863,7.317772688,-1.654297033,-0.338136458
Cs2AgInBr6,7.896332136,7.928477845,-1.331365016,-0.405446153
CsK_AsAgF6,6.269774407,6.408745036,-2.376629964,-2.168453076
RbK_CoCdF6,6.130545082,6.088794931,-2.485328122,0.685688241
RbK_NaTiF6,6.077441363,6.069231129,-3.274902869,0.135276344
CsK_AsAuCl6,7.225782776,7.392816334,-1.279555739,-2.259403603
Rb2SnPtF6,6.225297391,6.4916876,-2.211209591,-4.10355867
CsRbMgCdF6,6.172971489,6.141689262,-3.046954993,0.509342391
Cs2PtPbBr6,7.92801052,7.965943441,-1.199813136,-0.476188679
K_2PdPbF6,6.399245659,6.448749976,-2.302951818,-0.767657566
RbK_PdBaF6,6.622691402,6.665472796,-2.672025876,-0.641835847
Cs2CuBiF6,6.439480035,6.501100264,-2.471491128,-0.947843081
RbK_NaGaF6,5.985517481,5.999781076,-3.032531131,-0.237735246
CsK_CuBiBr6,7.408216325,7.85923277,-1.236406792,-5.738682871
CsK_MgTiCl6,7.33262661,7.188810439,-1.951451269,2.000555899
Cs2CaCdCl6,7.261915932,7.63173084,-2.086873301,-4.845754065
Cs2ScRbF6,6.736464883,6.733833423,-3.521647634,0.039078184
Cs2K_AsCl6,7.792882414,7.848910218,-1.719065113,-0.713829082
CsRbMgPbCl6,7.604155614,7.632734121,-1.916067194,-0.374420309
CsRbV_CdF6,6.820681301,6.219164597,-2.737441506,9.671985592
CsK_MnBaCl6,7.43162156,7.830316969,-2.045397926,-5.091689275
Cs2NaInF6,6.347556153,6.408995866,-2.968507504,-0.958648034
CsK_RbMoF6,6.70273589,6.687069504,-2.825003636,0.234278796
Cs2K_AuCl6,7.80702455,7.821542753,-1.454454028,-0.185618154
CsRbLiBiF6,6.182093167,6.332818506,-2.875089526,-2.380067255
CsK_NaRuCl6,7.440743237,7.304446319,-1.585581279,1.86594455
RbK_ZnSrF6,6.242267954,6.294857584,-3.156668692,-0.835437971
Cs2V_CdF6,6.829166582,6.26665799,-2.734082753,8.976213362
CsK_RbInF6,6.764749154,6.750176106,-2.902022354,0.215891379
K_BaLiCuF6,5.718301829,5.776094602,-2.96849193,-1.000551023
Cs2SrPdI6,8.495110158,8.605653509,-1.207142335,-1.284543356
RbBaNaPdF6,6.166607528,6.159694941,-2.733132697,0.112222877
CsRbTiCrF6,6.509554317,6.165924752,-2.839918869,5.573041817
Cs2NaAuF6,6.415438404,6.411349111,-2.292137822,0.063782111
CsK_PdPbF6,6.444500493,6.509830621,-2.326736891,-1.0035611
CsRbCuRhF6,6.145323614,6.050186922,-2.215554243,1.572458721
CsK_MgTiF6,6.390760378,5.974947419,-3.204898377,6.95927394
CsBaBeRbF6,6.324999447,6.197216493,-3.228605151,2.061941101
Cs2NaBiBr6,8.146435805,8.236355267,-1.575074863,-1.091738505
RbK_NaCuF6,5.954404783,5.98903311,-2.481419856,-0.578195615
CsK_V_MnCl6,7.154435701,7.154963435,-1.660866993,-0.007375771
Rb2ZnSnCl6,7.331141686,7.485662336,-1.614211582,-2.064221481
CsRbPdCdCl6,6.987558501,7.32513947,-1.434156548,-4.608526167
CsK_CuZnF6,5.960839455,5.94088199,-2.441862804,0.33593438
RbK_FeAgCl6,7.149415243,7.231745238,-1.382484648,-1.138452637
RbK_BePbF6,5.979224231,6.020294666,-2.873133651,-0.682199743
K_2RhAgF6,6.148152041,6.17128459,-2.205904565,-0.374841711
Ba2LiNaF6,5.87591593,5.868134105,-3.619652042,0.132611586
CsRbNaGaCl6,7.279522891,7.38887025,-1.831193597,-1.479892805
CsK_V_PbF6,6.993215355,6.422157237,-2.767210523,8.891998394
CsK_CaPbF6,6.568951287,6.642818706,-3.173929024,-1.111989089
CsRbK_V_Br6,8.204630693,8.064673884,-1.595105526,1.73543048
Rb2RuAgF6,6.713837466,6.271168879,-2.208827708,7.05878913
Rb2MnSrF6,6.471370551,6.40195665,-3.195526661,1.084260714
RbK_CoCdCl6,6.827752368,7.191408357,-1.429400592,-5.056811834
CsK_CrSrF6,6.349748184,6.398207947,-3.114009616,-0.757395874
CsK_NaBiF6,6.42958054,6.513201801,-2.867566935,-1.283873333
RbK_V_CdF6,6.812196019,6.140087125,-2.74007518,10.94624361
Cs2TiRbCl6,8.051683496,7.880787234,-2.069190205,2.168517647
CsRbCdBaCl6,7.581528197,7.996988946,-2.051475538,-5.195214744
Cs2NaInCl6,7.511453915,7.606795146,-1.883477096,-1.253369238
K_2NaScF6,6.061885014,6.082529058,-3.533650087,-0.339399027
K_2CuSnF6,6.069733899,6.175478477,-2.487100202,-1.712330124
CsK_LiCuF6,5.763485952,5.935904737,-2.448536276,-2.904675741
RbK_CoAgF6,6.088755071,6.107826923,-2.279115921,-0.312252648
Rb2MnZnF6,6.028721706,5.993183102,-2.756867945,0.592983783
CsK_CaV_F6,6.735828487,6.191179447,-3.261297757,8.797177411
CsRbNaCrF6,6.15946575,6.149796992,-3.040765906,0.157220756
CsRbK_CoF6,6.377254638,6.414843061,-2.651438647,-0.585960134
CsRbAgInBr6,7.870876292,7.897326136,-1.306878532,-0.334921514
Rb2CoBaF6,6.495412181,6.51344757,-2.909957097,-0.276894671
Rb2K_InF6,6.529989703,6.574124863,-2.930558803,-0.671346552
RbK_MnZnF6,5.986295299,5.956377965,-2.760920704,0.502273937
CsK_PdBaF6,6.639661965,6.696120656,-2.69152874,-0.843155225
CsK_CaCrCl6,7.414650997,7.401397182,-1.992568212,0.17907179
RbK_CuZnF6,5.813761244,5.858419887,-2.47758354,-0.762298434
RbK_AgAuCl6,7.237096484,7.269355763,-1.204759678,-0.443770812
Cs2NaRhF6,6.245732777,6.282408252,-2.614898033,-0.583780514
CsRbK_V_Cl6,7.82682354,7.639295971,-1.908200077,2.454775542
Cs2SrPtBr6,7.99165013,8.067227697,-1.511810113,-0.936846825
CsRbK_SbF6,6.669996846,6.775185684,-2.849009405,-1.552560225
CsBaMnCuF6,6.21893343,6.14814981,-2.755748035,1.151299537
K_BaNaV_F6,6.729464526,6.013285297,-3.23374482,11.90994929
CsRbCuBiBr6,7.416701607,7.8760504,-1.257195287,-5.832222624
Cs2FeAuCl6,7.276694464,7.312861189,-1.31639321,-0.49456326
CsK_NaMnF6,6.152394682,6.124008132,-2.918655955,0.463528934
CsRbAgBiBr6,7.996529167,8.090551786,-1.286307889,-1.162128637
Cs2FePbF6,6.393588805,6.486888594,-2.596077453,-1.438282591
Cs2CuNbF6,6.173607885,6.328774487,-2.546373588,-2.451763797
K_2AgInF6,6.255632272,6.370465895,-2.528581073,-1.802593804
Rb2BeBaCl6,6.940889453,7.510635446,-2.022264161,-7.585856035
RbK_MnPtF6,6.048520696,6.137458067,-2.25521048,-1.44909131
Cs2MnPbF6,6.537838588,6.53393919,-2.759921442,0.059679135
K_2SrPtF6,6.301664923,6.497159106,-2.634927235,-3.008917887
CsK_MgSrF6,6.250753235,6.286869665,-3.538106024,-0.574473979
Cs2K_RhCl6,7.691059038,7.641294508,-1.689319641,0.651257843
K_2MnZnF6,5.938212038,5.917331782,-2.766992332,0.352866064
RbBaCrCuF6,6.015286677,6.058527546,-2.722772378,-0.713719118
CsRbCdSnBr6,7.442935268,8.120449051,-1.394103872,-8.343304394
Cs2AgInCl6,7.454885373,7.5383386,-1.584631885,-1.107050661
Cs2CoAgCl6,7.285179745,7.186390416,-1.325168445,1.37467245
RbK_ZnPbCl6,7.493846956,7.53409382,-1.622175948,-0.534196476
K_2TiAgF6,6.166536817,6.21649138,-2.852282493,-0.803581299
Cs2BaPtF6,6.588750276,6.804181216,-2.649400866,-3.166155228
RbK_CaCuF6,6.011751143,6.085662416,-2.930171976,-1.21451484
Rb2ZnPtF6,5.941040465,6.111310111,-2.231410459,-2.786139843
CsRbCuMoF6,6.187962153,6.207005699,-2.447279957,-0.30680729
Cs2CaCdF6,6.461471056,6.455894742,-3.171984593,0.086375531
Rb2TiAgCl6,7.316292444,7.315264617,-1.730661294,0.014050434
CsK_TiAuCl6,7.279522891,7.341078126,-1.597344876,-0.838504013
RbK_CrSnF6,6.191356265,6.323394954,-2.652927512,-2.088098077
Cs2AsRbBr6,8.416550595,8.409810584,-1.457587495,0.080144626
Rb2CaMnF6,6.257824303,6.215960023,-3.236469165,0.673496606
RbK_CaCoF6,6.062662831,6.089128138,-3.009877868,-0.434632119
Cs2AgAuBr6,7.726414377,7.748458637,-1.073326565,-0.284498646
Cs2TiSrCl6,7.889826754,7.646966731,-2.177087971,3.175900084
Rb2CuMoF6,6.094624058,6.134267024,-2.452632125,-0.646254329
RbK_MnSrCl6,7.1855484,7.586028879,-2.041275198,-5.279184746
CsK_TiSnCl6,7.727121483,7.559947367,-1.703009773,2.21131323
CsRbScAuCl6,7.432257956,7.456577427,-1.84581466,-0.326147909
CsK_CoCdF6,6.20125576,6.148419591,-2.473298446,0.859345535
CsRbNiSnCl6,7.37639652,7.39964497,-1.484651041,-0.314183312
CsRbSrPdF6,6.443086279,6.506303135,-2.762247793,-0.971624809
CsK_ScAuCl6,7.41811582,7.436281844,-1.826667172,-0.244289072
Cs2TiPtF6,6.54632387,6.542350302,-2.60557355,0.060736082
Cs2MnSnCl6,7.198205611,7.60569084,-1.68507295,-5.357635982
K_2NaV_F6,5.99683119,5.96632472,-3.110807373,0.511310917
K_2ScAgF6,6.213205865,6.285579,-3.114354631,-1.151415559
Rb2NiSrF6,6.233782672,6.269913871,-2.982081306,-0.576263072
CsK_LiAlF6,5.742272749,5.893282761,-3.355135021,-2.562409081
Rb2TiV_F6,7.157264128,6.010590554,-2.923601862,19.0775526
Cs2NaAuCl6,7.409630539,7.536956184,-1.456144524,-1.689351006
Cs2V_MnF6,6.687745226,6.142599051,-2.790929555,8.874845489
K_2NaRuF6,6.534232344,6.022560148,-2.611760905,8.495925036
Rb2CoZnF6,5.912756194,5.909337758,-2.524122459,0.057848035
CsRbTiPbF6,6.97907322,6.390522533,-2.832294825,9.209742761
Rb2NaInF6,6.186335807,6.255894788,-2.961884993,-1.111894988
CsRbCoSnF6,6.245096381,6.340035822,-2.497246291,-1.497459068
CsRbTiSnBr6,8.127414632,7.980206079,-1.436135918,1.844671075
Cs2NaV_F6,6.237247495,6.261039266,-3.099323095,-0.379997147
Rb2AgInCl6,7.384174695,7.46235646,-1.543979169,-1.047681997
Cs2TiAgF6,6.381497279,6.397181458,-2.885151555,-0.245173278
Rb2PdCdF6,6.271966438,6.266310198,-2.298571851,0.090264288
RbK_MgZnF6,5.802447536,5.829111996,-3.104591539,-0.457436068
CsRbTiZnCl6,7.270401213,7.215526547,-1.70384482,0.760508139
CsBaK_NiF6,6.40560962,6.324059321,-2.89221859,1.289524583
Cs2AlK_Cl6,7.634490495,7.64481896,-2.064823029,-0.135104115
Cs2MgPdF6,6.139030364,6.138809048,-2.660451819,0.003605195
CsK_TiSnF6,6.833409223,6.416009298,-2.816689471,6.505600365
CsBaNaCuF6,6.121352694,6.094802672,-2.884909403,0.435617412
Cs2AsRbF6,6.665754205,6.779789987,-2.757518501,-1.681995785
CsRbK_RuCl6,7.908847926,7.605400732,-1.613227129,3.989890929
Cs2K_FeCl6,7.705201173,7.711411423,-1.732854299,-0.080533247
RbK_BePdF6,5.74446478,5.72363528,-2.491984167,0.36392081
Cs2CaV_Cl6,7.875684618,7.432334045,-2.101650206,5.965159408
CsK_AlRbCl6,7.791468201,7.720840176,-2.005412874,0.914771228
CsRbCaTiBr6,8.141556768,7.8668536,-1.820091499,3.49190645
RbK_MgNiF6,5.785476973,5.786964609,-2.915779687,-0.025706674
Rb2K_NbF6,6.425337899,6.576417319,-2.946668657,-2.297290649
Rb2CaTiCl6,7.686180001,7.404917754,-2.131133037,3.798316952
RbK_PdPtCl6,6.973416365,7.064458301,-1.248157837,-1.288732016
CsRbMnSrF6,6.499654822,6.445763731,-3.203316971,0.836069913
RbK_MgCdF6,6.059834404,6.042611144,-3.06065837,0.285030092
Cs2BeSrF6,6.167314635,6.133142936,-3.305384976,0.557164552
RbK_CaCrCl6,7.389195153,7.361473611,-1.976273123,0.376575979
CsRbK_ScF6,6.524332849,6.546377862,-3.52535983,-0.336751309
CsK_TiCdCl6,7.14595042,7.393548971,-1.708976633,-3.348845753
RbK_CaCoCl6,7.314241834,7.277508803,-1.844609225,0.504747327
RbK_NaMnF6,6.019458607,6.01982979,-2.932158838,-0.006166009
CsBaLiCaF6,6.085997355,6.114632499,-3.603605501,-0.468305229
Rb2MoAgF6,6.255844404,6.367209045,-2.476053896,-1.74903385
CsK_ZnPtF6,6.01457957,6.139179472,-2.216789185,-2.029585585
RbK_MgPtF6,5.850530797,6.023284118,-2.607237138,-2.868091858
Rb2AgAuCl6,7.262552328,7.290930418,-1.220567258,-0.389224525
RbK_BeCdF6,5.863258719,5.792023653,-2.847416617,1.229882163
K_2CaMnF6,6.215397896,6.154753374,-3.22541777,0.985328225
K_2CuBaF6,6.416216222,6.464262982,-2.805313064,-0.743267413
RbK_CrZnF6,5.875986641,5.933255409,-2.698348432,-0.965216634
Rb2K_CuF6,6.272602835,6.319879692,-2.452811228,-0.748065784
Cs2CaMnCl6,7.168577837,7.494277264,-2.10035411,-4.345975138
CsK_CaPtF6,6.184285198,6.362709496,-2.702487562,-2.804218843
RbK_LiAlF6,5.612165101,5.730251766,-3.401441403,-2.060758762
CsRbV_PtF6,6.535010161,6.307769993,-2.357325681,3.602543665
CsRbFePbCl6,7.57869977,7.56826403,-1.547053781,0.137888161
CsRbCuBiF6,6.382911492,6.44799154,-2.462464018,-1.009307278
CsK_MgNiF6,5.938212038,5.879844663,-2.87069328,0.992668653
CsK_FeRbF6,6.61625673,6.558314033,-2.790958141,0.883499882
CsK_BePbF6,6.075390753,6.088469157,-2.856022219,-0.21480611
Rb2CdSnF6,6.496826395,6.538757766,-2.644645841,-0.641274266
K_2TiCdF6,6.795225457,6.706784996,-2.918312984,1.318671467
CsBaLiCuF6,5.927605436,5.934323831,-2.914619957,-0.113212473
CsK_TiPtCl6,7.298685485,7.203385271,-1.493923519,1.322992041
CsK_AgBiF6,6.563930828,6.67630706,-2.471087686,-1.683209447
Cs2CuAgF6,6.300887106,6.185172152,-2.179081678,1.870844506
K_2V_SrF6,6.974830579,6.298830123,-3.213814608,10.73215887
CsRbAlAgCl6,7.208812213,7.282493282,-1.72136225,-1.011756082
CsK_MgSnCl6,7.432965062,7.557106425,-1.861833145,-1.642710255
CsK_MgCoF6,5.963667882,5.903231083,-2.870647111,1.023791858
RbK_LiBiF6,6.035014956,6.203275724,-2.870708373,-2.712450254
CsRbNaCuF6,6.067541868,6.149210386,-2.469027811,-1.3281139
CsRbLiBiCl6,7.443571664,7.558335183,-1.797680017,-1.518370324
RbK_CrMnCl6,6.783911748,7.11562505,-1.604663222,-4.661759155
CsK_CdPtCl6,6.947960521,7.328139787,-1.343963944,-5.187936865
RbK_LiAuF6,5.958647424,5.990550916,-2.293177712,-0.532563575
RbK_NiAgF6,6.049157092,6.01565717,-2.254642508,0.556878842
RbK_NaNiF6,5.954404783,5.949149334,-2.598320038,0.088339504
Rb2SrPdF6,6.409145154,6.466943668,-2.75054048,-0.893753165
RbK_CuBiF6,6.292401824,6.365462517,-2.444452106,-1.147767225
Cs2GaRbF6,6.575244537,6.59505847,-3.010357737,-0.300436048
CsRbCrFeF6,6.065491258,6.043161293,-2.548670655,0.369508016
K_2NiBaF6,6.419044649,6.436716726,-2.891212177,-0.274551112
CsRbMgSrCl6,7.581528197,7.61465163,-2.317872152,-0.434996042
K_BaCuZnF6,5.919120155,5.984318111,-2.759280878,-1.089480118
CsRbK_MnF6,6.416852618,6.42811779,-2.913465082,-0.175248375
RbBaBeK_F6,6.084583141,6.007453429,-3.298676539,1.283900304
CsRbMgNiF6,5.980638445,5.920974655,-2.861811749,1.007668382
Cs2RbAuCl6,7.983801245,7.944000063,-1.44651276,0.501021928
CsRbMoAgCl6,7.361547278,7.386756513,-1.471939923,-0.34127611
Cs2CrMnF6,6.223883177,6.162837089,-2.697930209,0.99055171
RbK_V_BaF6,7.213832671,6.540305308,-3.155051693,10.29810278
CsRbMgSrBr6,8.087816653,8.05945639,-1.987805172,0.35188803
CsRbLiFeF6,5.869551969,6.032571373,-2.818819653,-2.702320353
CsRbK_GaF6,6.377254638,6.408908085,-3.016249963,-0.493897663
Cs2RbInBr6,8.626066334,8.467164079,-1.605688867,1.876688043
CsK_CoCuF6,5.972153163,5.934572139,-2.303814783,0.633255837
Cs2BeBaBr6,7.331212397,8.017807019,-1.751782277,-8.563371766
RbK_CoSnF6,6.154586713,6.259601812,-2.490756232,-1.677664204
CsRbBeSnF6,6.042863841,6.072378925,-2.826027237,-0.486054711
Rb2MnCoF6,6.048520696,5.977120664,-2.557387551,1.19455564
CsK_BeCaF6,5.959425241,5.886644502,-3.332538423,1.236370557
Rb2MgCdF6,6.096603957,6.077204642,-3.060870768,0.319214444
Rb2K_ScF6,6.487563296,6.489860418,-3.511238401,-0.035395553
CsK_CrPtCl6,7.083725023,7.101821032,-1.32637128,-0.254808013
Rb2CuSrF6,6.233782672,6.297733023,-2.895696462,-1.015450325
Cs2AgSbCl6,7.522767624,7.664977719,-1.515164919,-1.855323006
Cs2K_AuBr6,8.212903842,8.232633133,-1.252468509,-0.23964739
CsK_MnSnCl6,7.124666506,7.557967122,-1.641685229,-5.733031233
RbK_AgAuF6,6.402710482,6.291955795,-1.971114894,1.760258517
CsRbCaCuF6,6.139030364,6.183439022,-2.922536468,-0.718187048
CsRbCuPtF6,6.037206987,6.115535532,-2.069591888,-1.280812525
RbK_BeSrF6,5.969324736,5.960912242,-3.336866955,0.141127634
CsK_NaCoF6,6.101482994,6.107683965,-2.656371819,-0.101527373
Rb2CoAuCl6,7.090018274,7.095473358,-1.210158046,-0.076881188
CsRbFePtF6,6.071148113,6.191881058,-2.152766961,-1.949858924
K_2CuSbF6,6.132595692,6.249265465,-2.42886158,-1.866935777
RbK_AlCsF6,6.641712574,6.530566207,-3.306461491,1.701940744
CsRbLiMoF6,5.916433149,6.105246908,-2.867872358,-3.092647394
Rb2PdPbF6,6.421873076,6.490465973,-2.330992115,-1.056825469
RbK_CaPbF6,6.54632387,6.604934026,-3.159384458,-0.887369292
CsRbNaCoCl6,7.262552328,7.242698424,-1.60311309,0.274123031
CsRbTiPtF6,6.523696453,6.470372038,-2.588627122,0.82413213
K_BaNaCuF6,5.968617629,5.970793975,-2.906522137,-0.036449856
Cs2NaNiF6,6.101482994,6.212498629,-2.575340991,-1.786972394
Cs2RbInF6,6.776062863,6.811038318,-2.945741298,-0.513511356
K_2NaAlF6,5.83419663,5.834494483,-3.41870617,-0.005105035
CsK_TiPtF6,6.515211171,6.432686766,-2.57237332,1.282891716
CsK_MnPtF6,6.139030364,6.150386068,-2.299946588,-0.184634005
CsK_MgCrF6,5.983466872,5.962583113,-3.03074675,0.350246836
CsK_RhAuCl6,7.166385806,7.18314184,-1.231495873,-0.233268874
CsRbV_FeF6,6.498240608,6.034800284,-2.643238321,7.679464143
RbK_ZnBaF6,6.458642629,6.513567852,-3.087452017,-0.843243278
Rb2CuBiF6,6.317857669,6.394018337,-2.455945333,-1.19112371
CsRbRuAgCl6,7.392659976,7.263041313,-1.301358213,1.784633419
CsRbCdPbBr6,7.565971848,8.187103705,-1.420147535,-7.586710509
CsK_CoNiF6,5.97498159,5.917962039,-2.293603112,0.963499778
Cs2K_TiI6,8.801216684,8.776073422,-1.310127927,0.286497857
CsRbNaScF6,6.259874912,6.266875645,-3.539753171,-0.111710098
Cs2SrBaF6,7.020085413,7.04701183,-3.582896268,-0.382096953
RbK_CaCdF6,6.379446669,6.342477595,-3.147811156,0.582880646
K_2CrMnF6,5.997609007,5.968547206,-2.731538443,0.486915832
CsRbBeTiF6,6.19701312,5.806064383,-2.933568663,6.733455066
Cs2TiAgCl6,7.403973684,7.403143814,-1.764608835,0.011209704
CsRbMnPbCl6,7.261915932,7.638604222,-1.693257047,-4.931375928
CsK_CaSrCl6,7.966194286,7.874742711,-2.458501814,1.16132778
Cs2MnSnBr6,7.417479424,8.002569229,-1.415437215,-7.311274522
RbK_CuAgCl6,7.135273108,7.083053925,-1.280589635,0.737241075
CsK_AlAgF6,6.155223109,6.148696098,-2.990269023,0.106152759
CsK_NaBiBr6,8.137950523,8.188456095,-1.521275828,-0.616789921
K_2TiZnF6,6.399245659,5.922234052,-2.859128905,8.054588909
CsK_NiBaF6,6.455814202,6.497914389,-2.91693187,-0.64790308
CsRbBeBaF6,6.230954245,6.246489254,-3.276142206,-0.248699839
CsRbMgCdCl6,7.004529064,7.354767805,-1.888955422,-4.762063888
Rb2CaCuF6,6.051349123,6.119252228,-2.932594884,-1.109663451
K_2NiPtF6,5.793962254,5.968148838,-2.089294927,-2.918603219
