,correct_formula,A,A',B,B',X,lat_bvm,lat_opt,lat_err,hf_opt,pbe_bg
0,Cs2AgBiF6,Cs,Cs,Ag,Bi,F,6.603528808,6.736331898,-1.971445172,-2.508638585,2.73742
1,Cs2AlAgF6,Cs,Cs,Al,Ag,F,6.285330757,6.256387304,0.462622462,-2.997612301,3.463637
2,Cs2AlRbF6,Cs,Cs,Al,Rb,F,6.497462791,6.494910255,0.039300558,-3.382739546,6.481965
3,Cs2BaPtCl6,Cs,Cs,Ba,Pt,Cl,7.782346523,7.862865377,-1.024039585,-1.759556189,0.599646
4,Cs2CaCoCl6,Cs,Cs,Ca,Co,Cl,7.384952512,7.384952183,4.46E-06,-1.889818805,0.000641
5,Cs2CaCrF6,Cs,Cs,Ca,Cr,F,6.257824303,6.301192188,-0.688248885,-3.154007989,0.004471
6,Cs2CaCuF6,Cs,Cs,Ca,Cu,F,6.206912615,6.24183882,-0.559549934,-2.916729486,0.001967
7,Cs2CaFeF6,Cs,Cs,Ca,Fe,F,6.243682167,6.277588157,-0.54011173,-3.068932322,0.003798
8,Cs2CaMnBr6,Cs,Cs,Ca,Mn,Br,7.423136278,7.914385931,-6.207046981,-1.788691693,2.369374
9,Cs2CaMnF6,Cs,Cs,Ca,Mn,F,6.353990825,6.323804967,0.477336954,-3.232608227,3.076547
10,Cs2CaNiCl6,Cs,Cs,Ca,Ni,Cl,7.37222459,7.360570795,0.158327327,-1.900719532,1.013964
11,Cs2CaPbBr6,Cs,Cs,Ca,Pb,Br,8.332475599,8.334503683,-0.024333591,-1.822275008,3.754498
12,Cs2CaPbCl6,Cs,Cs,Ca,Pb,Cl,7.997306985,7.927238188,0.883899226,-2.108760417,4.364863
13,Cs2CaPdF6,Cs,Cs,Ca,Pd,F,6.311564418,6.377290579,-1.030628292,-2.796127974,0.014892
14,Cs2CaPtBr6,Cs,Cs,Ca,Pt,Br,7.790831804,7.900469556,-1.387737162,-1.493001367,0.248186
15,Cs2CaSnF6,Cs,Cs,Ca,Sn,F,6.482684259,6.635985508,-2.310150449,-3.181130413,4.290993
16,Cs2CaSnI6,Cs,Cs,Ca,Sn,I,8.806237142,8.873296271,-0.755740899,-1.361109462,2.595718
17,Cs2CaSrCl6,Cs,Cs,Ca,Sr,Cl,7.969022713,7.911904746,0.721924351,-2.510615872,5.133245
18,Cs2CaTiCl6,Cs,Cs,Ca,Ti,Cl,7.705978991,7.477395897,3.056987983,-2.168161729,0.009503
19,Cs2CaTiF6,Cs,Cs,Ca,Ti,F,6.738656914,6.310456606,6.785567745,-3.333151116,0
20,Cs2CaV_F6,Cs,Cs,Ca,V,F,6.749970623,6.271222472,7.634048276,-3.263913981,1.603984
21,Cs2CaZnCl6,Cs,Cs,Ca,Zn,Cl,7.363739309,7.440795181,-1.035586522,-2.067394465,3.754204
22,Cs2CaZnF6,Cs,Cs,Ca,Zn,F,6.223883177,6.2571482,-0.531632334,-3.191174987,5.728734
23,Cs2CdBaCl6,Cs,Cs,Cd,Ba,Cl,7.595670333,8.016040339,-5.244110411,-2.081619077,4.169512
24,Cs2CdPbBr6,Cs,Cs,Cd,Pb,Br,7.608398255,8.209288115,-7.319634195,-1.449476976,1.896816
25,Cs2CdSnBr6,Cs,Cs,Cd,Sn,Br,7.499503811,8.142867853,-7.900951527,-1.422477733,1.295923
26,Cs2CdSnF6,Cs,Cs,Cd,Sn,F,6.547738083,6.617685549,-1.056977783,-2.667656756,2.82226
27,Cs2CoAuCl6,Cs,Cs,Co,Au,Cl,7.256895474,7.145326549,1.561425139,-1.21957421,0
28,Cs2CoBaCl6,Cs,Cs,Co,Ba,Cl,7.758304893,7.741612505,0.215619007,-1.893022924,0.003998
29,Cs2CoPbF6,Cs,Cs,Co,Pb,F,6.385103523,6.445740494,-0.940729324,-2.526510977,0.002021
30,Cs2CoSrCl6,Cs,Cs,Co,Sr,Cl,7.537687577,7.548194667,-0.13920004,-1.90159706,0.004837
31,Cs2CoSrF6,Cs,Cs,Co,Sr,F,6.375204028,6.397267415,-0.344887677,-2.981832455,0
32,Cs2CrBaI6,Cs,Cs,Cr,Ba,I,8.99574176,8.838958966,1.773769904,-1.304563864,0.017979
33,Cs2CrFeF6,Cs,Cs,Cr,Fe,F,6.139030364,6.10797906,0.508372797,-2.53175527,0
34,Cs2CrPbF6,Cs,Cs,Cr,Pb,F,6.413387795,6.499614632,-1.326645376,-2.697932239,0
35,Cs2CrPtF6,Cs,Cs,Cr,Pt,F,6.158829353,6.277957696,-1.89756524,-2.301650409,0
36,Cs2CrRbCl6,Cs,Cs,Cr,Rb,Cl,7.862178879,7.785357991,0.98673546,-1.885565942,1.597836
37,Cs2CrSnBr6,Cs,Cs,Cr,Sn,Br,7.850228774,7.943075754,-1.168904627,-1.366995453,0
38,Cs2CrSrF6,Cs,Cs,Cr,Sr,F,6.4034883,6.462542455,-0.913791366,-3.135787555,0.011701
39,Cs2CuBaBr6,Cs,Cs,Cu,Ba,Br,7.974679568,8.159944314,-2.270416793,-1.603352715,0.060692
40,Cs2CuBiBr6,Cs,Cs,Cu,Bi,Br,7.442157451,7.903843839,-5.841289345,-1.281243779,0.741862
41,Cs2CuBiCl6,Cs,Cs,Cu,Bi,Cl,7.248410193,7.511531779,-3.502901855,-1.521261191,1.015185
42,Cs2CuCdCl6,Cs,Cs,Cu,Cd,Cl,7.029984908,7.294271092,-3.623202108,-1.469126956,0.072453
43,Cs2CuCdF6,Cs,Cs,Cu,Cd,F,6.246510594,6.222706521,0.382535685,-2.411932226,0.029082
44,Cs2CuMoF6,Cs,Cs,Cu,Mo,F,6.21058957,6.277807113,-1.070716921,-2.445836925,1.399306
45,Cs2CuPbBr6,Cs,Cs,Cu,Pb,Br,7.693251069,7.897726148,-2.58903734,-1.286951966,0.09743
46,Cs2CuPbCl6,Cs,Cs,Cu,Pb,Cl,7.522131228,7.49972668,0.298738193,-1.526229231,0.099495
47,Cs2CuSbF6,Cs,Cs,Cu,Sb,F,6.375840425,6.438528755,-0.973643706,-2.451738365,1.187772
48,Cs2CuSnBr6,Cs,Cs,Cu,Sn,Br,7.573042916,7.802824551,-2.944852002,-1.295138569,0.158426
49,Cs2CuSnF6,Cs,Cs,Cu,Sn,F,6.262066944,6.348578407,-1.362690314,-2.490232239,0.137302
50,Cs2CuSrCl6,Cs,Cs,Cu,Sr,Cl,7.499503811,7.55786193,-0.772151166,-1.869938284,0.040047
51,Cs2CuZnF6,Cs,Cs,Cu,Zn,F,6.09377553,6.051424645,0.699849829,-2.412970805,0.031754
52,Cs2FeAgF6,Cs,Cs,Fe,Ag,F,6.353213008,6.354167218,-0.015017074,-2.465174375,0.94226
53,Cs2FeCdCl6,Cs,Cs,Fe,Cd,Cl,7.061097606,7.341425296,-3.818436866,-1.530103806,0
54,Cs2FeCdF6,Cs,Cs,Fe,Cd,F,6.288937001,6.266911045,0.351464315,-2.545808529,0.000537
55,Cs2FePbBr6,Cs,Cs,Fe,Pb,Br,7.942152656,7.993619744,-0.643852093,-1.30103745,0
56,Cs2FePtF6,Cs,Cs,Fe,Pt,F,6.144687218,6.247946626,-1.652693504,-2.150257212,0
57,Cs2FeSrBr6,Cs,Cs,Fe,Sr,Br,8.005792266,8.011123642,-0.066549666,-1.659956557,0
58,Cs2FeSrCl6,Cs,Cs,Fe,Sr,Cl,7.570214489,7.594962683,-0.325850107,-1.961305621,0.003307
59,Cs2FeSrF6,Cs,Cs,Fe,Sr,F,6.38368931,6.437755208,-0.839825316,-3.051349915,0.004871
60,Cs2FeZnF6,Cs,Cs,Fe,Zn,F,6.113574519,6.086556951,0.443889184,-2.547628848,0
61,Cs2GaRbCl6,Cs,Cs,Ga,Rb,Cl,7.848036743,7.838391832,0.123047064,-1.855851172,3.332762
62,Cs2GaRbI6,Cs,Cs,Ga,Rb,I,8.897383206,8.935014175,-0.421162947,-1.135362795,0.956032
63,Cs2InAuCl6,Cs,Cs,In,Au,Cl,7.39831683,7.52716391,-1.711761316,-1.460907117,0.113593
64,Cs2K_BiF6,Cs,Cs,K,Bi,F,6.81848927,6.902772838,-1.22101031,-2.885718637,4.959152
65,Cs2K_CoCl6,Cs,Cs,K,Co,Cl,7.657117912,7.539461545,1.560540714,-1.642556692,1.01764
66,Cs2K_CoF6,Cs,Cs,K,Co,F,6.428166326,6.474830396,-0.720699496,-2.664137291,0.000966
67,Cs2K_CrBr6,Cs,Cs,K,Cr,Br,8.159163727,8.075292997,1.038609126,-1.591158835,1.319355
68,Cs2K_CuCl6,Cs,Cs,K,Cu,Cl,7.691059038,7.651124767,0.521939874,-1.514709065,0.007869
69,Cs2K_CuF6,Cs,Cs,K,Cu,F,6.394225201,6.45470723,-0.937022034,-2.470997644,0.003756
70,Cs2K_FeBr6,Cs,Cs,K,Fe,Br,8.094109903,8.137684244,-0.535463649,-1.448475032,0.698736
71,Cs2K_GaF6,Cs,Cs,K,Ga,F,6.428166326,6.473525478,-0.700687008,-3.027555576,6.01354
72,Cs2K_InCl6,Cs,Cs,K,In,Cl,7.95410276,7.891763839,0.789923802,-1.893513867,3.463792
73,Cs2K_MnF6,Cs,Cs,K,Mn,F,6.462107452,6.488357774,-0.404575748,-2.925985858,0
74,Cs2K_MoF6,Cs,Cs,K,Mo,F,6.544343971,6.613006813,-1.038299883,-2.888489447,2.106413
75,Cs2K_NiF6,Cs,Cs,K,Ni,F,6.394225201,6.417618832,-0.364521976,-2.58810635,0
76,Cs2K_RuF6,Cs,Cs,K,Ru,F,6.988194897,6.692526009,4.417896734,-2.483119806,0.339967
77,Cs2K_SbBr6,Cs,Cs,K,Sb,Br,8.475947565,8.470335513,0.066255368,-1.548032274,2.882399
78,Cs2K_SbF6,Cs,Cs,K,Sb,F,6.689795835,6.820314527,-1.913675557,-2.869731739,4.202038
79,Cs2K_SbI6,Cs,Cs,K,Sb,I,9.140627939,9.081655863,0.649353784,-1.158144302,2.352377
80,Cs2K_ScBr6,Cs,Cs,K,Sc,Br,8.292099802,8.259890214,0.389951769,-1.991640921,3.240658
81,Cs2K_ScI6,Cs,Cs,K,Sc,I,8.897383206,8.893260688,0.046355529,-1.520669012,2.362806
82,Cs2K_TiF6,Cs,Cs,K,Ti,F,6.520090208,6.537188677,-0.261556915,-3.274473592,0.000949
83,Cs2LiBiBr6,Cs,Cs,Li,Bi,Br,7.795710841,8.02029542,-2.800203325,-1.553706454,2.934548
84,Cs2LiMoF6,Cs,Cs,Li,Mo,F,5.975830118,6.206028763,-3.709274542,-2.85902219,2.091334
85,Cs2LiNbF6,Cs,Cs,Li,Nb,F,5.964304278,6.237300694,-4.376835901,-2.964382497,0
86,Cs2LiRuF6,Cs,Cs,Li,Ru,F,6.360284075,6.253727182,1.703894172,-2.466114414,0.308458
87,Cs2MgBaBr6,Cs,Cs,Mg,Ba,Br,8.362174084,8.28597537,0.919610675,-2.014017662,3.988202
88,Cs2MgBaI6,Cs,Cs,Mg,Ba,I,8.967457488,8.9324755,0.391627024,-1.550101612,3.157665
89,Cs2MgCaCl6,Cs,Cs,Mg,Ca,Cl,7.437278414,7.477636183,-0.539712925,-2.331181336,5.136898
90,Cs2MgCdF6,Cs,Cs,Mg,Cd,F,6.235196886,6.201431035,0.544484826,-3.037710956,4.734775
91,Cs2MgCuF6,Cs,Cs,Mg,Cu,F,6.082461821,6.027777196,0.907210456,-2.758217665,0.01179
92,Cs2MgPbBr6,Cs,Cs,Mg,Pb,Br,8.027005469,8.083230633,-0.695577877,-1.645438795,3.004817
93,Cs2MgPbCl6,Cs,Cs,Mg,Pb,Cl,7.61829775,7.662020661,-0.57064465,-1.939932475,3.808635
94,Cs2MgPtF6,Cs,Cs,Mg,Pt,F,6.107917665,6.175424378,-1.093150994,-2.583312835,1.145154
95,Cs2MgSnCl6,Cs,Cs,Mg,Sn,Cl,7.466906188,7.606702174,-1.837800177,-1.904696403,3.107214
96,Cs2MgSnF6,Cs,Cs,Mg,Sn,F,6.247924808,6.365546703,-1.847789365,-3.058528341,4.470501
97,Cs2MgSrBr6,Cs,Cs,Mg,Sr,Br,8.093473507,8.086047441,0.091838022,-2.014889316,3.92033
98,Cs2MnBaBr6,Cs,Cs,Mn,Ba,Br,7.731434835,8.284417754,-6.674976268,-1.803622008,2.292621
99,Cs2MnBaF6,Cs,Cs,Mn,Ba,F,6.721686351,6.68353424,0.570837369,-3.166414908,2.446298
100,Cs2MnCdCl6,Cs,Cs,Mn,Cd,Cl,6.93947524,7.401918948,-6.247619182,-1.683266452,1.14486
101,Cs2MnPtF6,Cs,Cs,Mn,Pt,F,6.232368459,6.279821838,-0.755648492,-2.251516484,0
102,Cs2MnRbCl6,Cs,Cs,Mn,Rb,Cl,7.941374838,7.819593903,1.557381835,-1.809724949,0.006046
103,Cs2MnRbF6,Cs,Cs,Mn,Rb,F,6.620499371,6.611497584,0.136153525,-2.908667684,0.011648
104,Cs2MnSrBr6,Cs,Cs,Mn,Sr,Br,7.53910179,8.084379602,-6.744831871,-1.804432114,2.360756
105,Cs2MnSrCl6,Cs,Cs,Mn,Sr,Cl,7.278886495,7.664645789,-5.032969619,-2.108907601,2.554224
106,Cs2MoAgF6,Cs,Cs,Mo,Ag,F,6.394437333,6.468963958,-1.15206431,-2.497798961,1.077306
107,Cs2NaFeF6,Cs,Cs,Na,Fe,F,6.210377438,6.272458996,-0.989748327,-2.842282346,1.705651
108,Cs2NaNbF6,Cs,Cs,Na,Nb,F,6.245732777,6.398435754,-2.386567325,-2.990971704,0
109,Cs2NaRuCl6,Cs,Cs,Na,Ru,Cl,7.483169644,7.395522781,1.185134109,-1.618338662,0.001404
110,Cs2NaSbCl6,Cs,Cs,Na,Sb,Cl,7.587821448,7.747238996,-2.057733705,-1.801720457,3.091084
111,Cs2NaScBr6,Cs,Cs,Na,Sc,Br,7.887634723,7.9702456,-1.036490983,-1.980255427,3.118642
112,Cs2NaScF6,Cs,Cs,Na,Sc,F,6.307958174,6.349547767,-0.655000868,-3.541592318,6.818488
113,Cs2NaTiF6,Cs,Cs,Na,Ti,F,6.261289126,6.29637141,-0.557182569,-3.271299511,0.000366
114,Cs2NbAgCl6,Cs,Cs,Nb,Ag,Cl,7.387003122,7.48455147,-1.303329243,-1.580770809,0.00359
115,Cs2NbAuCl6,Cs,Cs,Nb,Au,Cl,7.338919861,7.493351229,-2.060911911,-1.446909929,0
116,Cs2NiAgF6,Cs,Cs,Ni,Ag,F,6.300887106,6.199552704,1.634543762,-2.238364495,0
117,Cs2NiBaI6,Cs,Cs,Ni,Ba,I,8.885433102,8.715577898,1.948869094,-1.216897651,0.555803
118,Cs2NiCdF6,Cs,Cs,Ni,Cd,F,6.246510594,6.203867306,0.687366217,-2.473461519,0.994592
119,Cs2NiPbF6,Cs,Cs,Ni,Pb,F,6.342677117,6.414315955,-1.116858579,-2.53257079,1.200073
120,Cs2NiSnBr6,Cs,Cs,Ni,Sn,Br,7.782346523,7.804338113,-0.281786741,-1.251504253,0
121,Cs2NiSnCl6,Cs,Cs,Ni,Sn,Cl,7.404680791,7.439562186,-0.468863545,-1.502575864,0
122,Cs2NiSrCl6,Cs,Cs,Ni,Sr,Cl,7.522131228,7.519614117,0.033473938,-1.91533409,1.102285
123,Cs2PdBaBr6,Cs,Cs,Pd,Ba,Br,8.251865426,8.217948669,0.41271561,-1.582581413,0
124,Cs2PdCdCl6,Cs,Cs,Pd,Cd,Cl,7.055440752,7.362283958,-4.167771954,-1.449694478,0.042209
125,Cs2PdPbBr6,Cs,Cs,Pd,Pb,Br,7.92801052,7.959147951,-0.391215633,-1.27159541,0
126,Cs2PdPbF6,Cs,Cs,Pd,Pb,F,6.484098473,6.566187106,-1.250172005,-2.354303491,0
127,Cs2PdPbI6,Cs,Cs,Pd,Pb,I,8.33671824,8.498714289,-1.906124191,-0.940854537,0
128,Cs2PdSnBr6,Cs,Cs,Pd,Sn,Br,7.782346523,7.854139401,-0.914076951,-1.271875989,0.056759
129,Cs2PdSnI6,Cs,Cs,Pd,Sn,I,8.339546667,8.39819911,-0.698393099,-0.938477358,0
130,Cs2PtPbF6,Cs,Cs,Pt,Pb,F,6.421873076,6.643712658,-3.339090557,-2.248192802,0.56947
131,Cs2RbMoBr6,Cs,Cs,Rb,Mo,Br,8.402408459,8.322756888,0.957033493,-1.5024628,1.60521
132,Cs2RbNbCl6,Cs,Cs,Rb,Nb,Cl,8.026227652,7.970184832,0.703155839,-1.88590916,0.008896
133,Cs2RbNbF6,Cs,Cs,Rb,Nb,F,6.677067913,6.810675115,-1.96173213,-2.962950587,0.003864
134,Cs2RbRhBr6,Cs,Cs,Rb,Rh,Br,8.289483507,8.174105147,1.411510593,-1.429084622,1.567318
135,Cs2RbRhCl6,Cs,Cs,Rb,Rh,Cl,7.862178879,7.767195407,1.222879907,-1.683171792,1.853696
136,Cs2RbRhF6,Cs,Cs,Rb,Rh,F,6.677067913,6.645999991,0.467467981,-2.603196865,2.279132
137,Cs2RbRuCl6,Cs,Cs,Rb,Ru,Cl,8.094109903,7.782801003,3.999959653,-1.628901436,0.007824
138,Cs2RbRuF6,Cs,Cs,Rb,Ru,F,7.217297494,6.665022197,8.286173409,-2.595327888,0.001928
139,Cs2RhAgCl6,Cs,Cs,Rh,Ag,Cl,7.302150308,7.286698968,0.212048557,-1.369531679,0.635986
140,Cs2RhAuCl6,Cs,Cs,Rh,Au,Cl,7.27103761,7.249044659,0.303391026,-1.257005891,0.063834
141,Cs2RuAgCl6,Cs,Cs,Ru,Ag,Cl,7.429429529,7.310472804,1.627209733,-1.315162125,0
142,Cs2RuAgF6,Cs,Cs,Ru,Ag,F,6.747778592,6.384978201,5.682092868,-2.220376748,0
143,Cs2SbAuCl6,Cs,Cs,Sb,Au,Cl,7.4577138,7.645706821,-2.458804992,-1.402059701,0.402177
144,Cs2ScAgBr6,Cs,Cs,Sc,Ag,Br,7.777326065,7.879771033,-1.300100822,-1.699305547,2.800575
145,Cs2ScAgF6,Cs,Cs,Sc,Ag,F,6.405538909,6.455851233,-0.779329049,-3.155442722,3.624129
146,Cs2ScRbBr6,Cs,Cs,Sc,Rb,Br,8.458977002,8.408562933,0.599556302,-1.982230805,3.284823
147,Cs2SnBaF6,Cs,Cs,Sn,Ba,F,6.892806192,7.029013592,-1.937788257,-3.103295921,3.723254
148,Cs2SnPbCl6,Cs,Cs,Sn,Pb,Cl,8.029763186,8.03712546,-0.091603323,-1.694295057,1.578712
149,Cs2SrCdI6,Cs,Cs,Sr,Cd,I,7.988821703,8.841390164,-9.642923174,-1.377399719,1.789306
150,Cs2SrPbF6,Cs,Cs,Sr,Pb,F,6.810781806,6.883631047,-1.058296711,-3.177910944,4.869625
151,Cs2SrPdBr6,Cs,Cs,Sr,Pd,Br,7.99165013,8.03539794,-0.544438624,-1.57622425,0.002004
152,Cs2SrPdF6,Cs,Cs,Sr,Pd,F,6.474198978,6.543687985,-1.061924211,-2.775383646,0.0008
153,Cs2SrPtCl6,Cs,Cs,Sr,Pt,Cl,7.55890078,7.667374924,-1.414749443,-1.765959495,0.578868
154,Cs2TiAuCl6,Cs,Cs,Ti,Au,Cl,7.353061996,7.404349111,-0.692662032,-1.633285377,0
155,Cs2TiAuI6,Cs,Cs,Ti,Au,I,8.190276425,8.318109473,-1.536804107,-0.964997333,0
156,Cs2TiCdCl6,Cs,Cs,Ti,Cd,Cl,7.213832671,7.647268052,-5.66784606,-1.74780139,0
157,Cs2TiCoF6,Cs,Cs,Ti,Co,F,6.501069036,6.297358797,3.234852032,-2.537752379,0
158,Cs2TiPbF6,Cs,Cs,Ti,Pb,F,6.981901647,6.544313357,6.68654244,-2.866782498,0
159,Cs2TiSnCl6,Cs,Cs,Ti,Sn,Cl,7.738435192,7.606910075,1.729021583,-1.74631447,0.004884
160,Cs2TiSrBr6,Cs,Cs,Ti,Sr,Br,8.376316219,8.064898969,3.861390591,-1.859949331,0.016515
161,Cs2V_BaF6,Cs,Cs,V,Ba,F,7.213832671,6.6231676,8.918165849,-3.203966975,0.805005
162,Cs2V_RbCl6,Cs,Cs,V,Rb,Cl,8.012085516,7.820651154,2.447805921,-1.92242602,0.005156
163,Cs2V_RbF6,Cs,Cs,V,Rb,F,6.668582632,6.618936334,0.750064595,-3.087026668,0.002535
164,Cs2V_SnCl6,Cs,Cs,V,Sn,Cl,7.908140819,7.548101197,4.76993634,-1.681151118,0.680968
165,Cs2ZnBaF6,Cs,Cs,Zn,Ba,F,6.520868025,6.605498561,-1.28121345,-3.132768406,5.136151
166,Cs2ZnCdCl6,Cs,Cs,Zn,Cd,Cl,7.035641762,7.353428313,-4.321610784,-1.646459772,1.54736
167,Cs2ZnPbCl6,Cs,Cs,Zn,Pb,Cl,7.533444936,7.612143267,-1.033852468,-1.686968414,2.584866
168,Cs2ZnPdF6,Cs,Cs,Zn,Pd,F,6.164486208,6.165712194,-0.019883932,-2.318075764,0.007217
169,Cs2ZnPtF6,Cs,Cs,Zn,Pt,F,6.130545082,6.217104401,-1.39227707,-2.215668184,0.505599
170,CsBaAgCdF6,Cs,Ba,Ag,Cd,F,6.558344685,6.482798967,1.165325631,-2.640502985,1.466793
171,CsBaCaCuF6,Cs,Ba,Ca,Cu,F,6.261359837,6.283008023,-0.344551303,-3.152426664,0.856332
172,CsBaCoCuF6,Cs,Ba,Co,Cu,F,6.111453199,6.050212154,1.012213183,-2.564032372,0
173,CsBaCrAgF6,Cs,Ba,Cr,Ag,F,6.275501972,6.336657309,-0.965104061,-2.712557755,0
174,CsBaCrCuF6,Cs,Ba,Cr,Cu,F,6.131252189,6.123662314,0.123943395,-2.708206301,0.000428
175,CsBaCuCdF6,Cs,Ba,Cu,Cd,F,6.320756806,6.272845223,0.763793483,-2.661107075,0.081122
176,CsBaCuSnF6,Cs,Ba,Cu,Sn,F,6.34197001,6.426116,-1.309437769,-2.631325718,0.962199
177,CsBaCuSrF6,Cs,Ba,Cu,Sr,F,6.457935522,6.452197096,0.08893755,-3.06829078,0.366644
178,CsBaCuZnF6,Cs,Ba,Cu,Zn,F,6.100139491,6.090308904,0.161413602,-2.738386256,0.377247
179,CsBaFeCuF6,Cs,Ba,Fe,Cu,F,6.117110053,6.101280272,0.259450153,-2.610647306,0
180,CsBaLiFeF6,Cs,Ba,Li,Fe,F,5.964374989,5.964844911,-0.007878193,-3.046397478,0
181,CsBaLiPtF6,Cs,Ba,Li,Pt,F,5.989830833,6.082240049,-1.519328656,-2.683216884,1.12759
182,CsBaLiSnF6,Cs,Ba,Li,Sn,F,6.132666403,6.260412389,-2.040536279,-3.067481981,3.278692
183,CsBaLiTiF6,Cs,Ba,Li,Ti,F,6.309443098,5.991805915,5.301192787,-3.298908139,0
184,CsBaMgK_F6,Cs,Ba,Mg,K,F,6.368840067,6.31363044,0.874451356,-3.447237841,6.252057
185,CsBaMnAgF6,Cs,Ba,Mn,Ag,F,6.397124339,6.337371504,0.94286464,-2.750776069,0.701286
186,CsBaNaFeF6,Cs,Ba,Na,Fe,F,6.160950674,6.129281359,0.516688877,-3.018068822,0
187,CsBaNaPdF6,Cs,Ba,Na,Pd,F,6.231661352,6.225060927,0.106029886,-2.726876291,0.000582
188,CsBaNaV_F6,Cs,Ba,Na,V,F,6.73512138,6.127130461,9.922930854,-3.216410224,1.186016
189,CsBaNiCuF6,Cs,Ba,Ni,Cu,F,6.085997355,6.026092464,0.994091799,-2.590126163,0.392356
190,CsBaPdAgF6,Cs,Ba,Pd,Ag,F,6.343384223,6.354382144,-0.173076166,-2.362125901,0
191,CsK_AgAuCl6,Cs,K,Ag,Au,Cl,7.296493454,7.30849668,-0.164236594,-1.218424758,0.02167
192,CsK_AgInF6,Cs,K,Ag,In,F,6.351798794,6.450715379,-1.533420391,-2.551140677,1.871779
193,CsK_AgSbCl6,Cs,K,Ag,Sb,Cl,7.485998071,7.615014463,-1.694236992,-1.469606631,1.462967
194,CsK_AgSbF6,Cs,K,Ag,Sb,F,6.443722676,6.590148698,-2.221892536,-2.46300526,2.240044
195,CsK_AlAgCl6,Cs,K,Al,Ag,Cl,7.177699514,7.25469608,-1.061334137,-1.705545124,2.206459
196,CsK_AsRbF6,Cs,K,As,Rb,F,6.643126788,6.71364908,-1.050431608,-2.716325048,4.283296
197,CsK_BaPtF6,Cs,K,Ba,Pt,F,6.560466005,6.76643173,-3.043934133,-2.605972249,1.251566
198,CsK_BeBaCl6,Cs,K,Be,Ba,Cl,6.974830579,7.525597566,-7.318581444,-2.023664088,4.617655
199,CsK_BeBaF6,Cs,K,Be,Ba,F,6.211155255,6.219265901,-0.130411629,-3.267893582,6.189443
200,CsK_BeSnF6,Cs,K,Be,Sn,F,6.003265862,6.037636246,-0.569268876,-2.826488669,4.278805
201,CsK_BeSrCl6,Cs,K,Be,Sr,Cl,6.85603664,7.329894509,-6.464729723,-2.036901187,4.759581
202,CsK_BeSrF6,Cs,K,Be,Sr,F,6.065491258,6.035453208,0.497693362,-3.316243547,6.620002
203,CsK_CaCdCl6,Cs,K,Ca,Cd,Cl,7.202518962,7.58396947,-5.029694667,-2.043366533,3.843512
204,CsK_CaCdF6,Cs,K,Ca,Cd,F,6.416216222,6.390177771,0.40747616,-3.152099959,5.047755
205,CsK_CaCoF6,Cs,K,Ca,Co,F,6.147515645,6.153697144,-0.100451791,-2.997701179,0
206,CsK_CaCrF6,Cs,K,Ca,Cr,F,6.172971489,6.220593218,-0.76554964,-3.14798783,0.005113
207,CsK_CaCuF6,Cs,K,Ca,Cu,F,6.107917665,6.151771151,-0.712859515,-2.917634062,0.001986
208,CsK_CaFeF6,Cs,K,Ca,Fe,F,6.156000926,6.194236,-0.617268603,-3.065559842,0.003976
209,CsK_CaMnCl6,Cs,K,Ca,Mn,Cl,7.092210305,7.438110243,-4.650373908,-2.062555205,2.542229
210,CsK_CaPdF6,Cs,K,Ca,Pd,F,6.24085374,6.305820851,-1.03027207,-2.781294343,0.01567
211,CsK_CaSnCl6,Cs,K,Ca,Sn,Cl,7.806317443,7.830600503,-0.310104697,-2.022424467,3.644201
212,CsK_CaSnF6,Cs,K,Ca,Sn,F,6.440257852,6.575113602,-2.051002586,-3.152525067,4.167777
213,CsK_CaSrF6,Cs,K,Ca,Sr,F,6.553394937,6.587029223,-0.510613888,-3.634193595,6.081699
214,CsK_CaTiCl6,Cs,K,Ca,Ti,Cl,7.694665282,7.422212251,3.670779301,-2.1308588,0.010518
215,CsK_CdPbCl6,Cs,K,Cd,Pb,Cl,7.377881444,7.776902654,-5.130850002,-1.651181616,2.572396
216,CsK_CdPtF6,Cs,K,Cd,Pt,F,6.24085374,6.359301386,-1.862588967,-2.177624057,0.378672
217,CsK_CdSnCl6,Cs,K,Cd,Sn,Cl,7.234975164,7.708727294,-6.145659483,-1.622794071,1.870463
218,CsK_CoAgCl6,Cs,K,Co,Ag,Cl,7.19184165,7.097495599,1.329286502,-1.304847668,0.499387
219,CsK_CoAuCl6,Cs,K,Co,Au,Cl,7.146586816,7.075287111,1.007728787,-1.200701665,0
220,CsK_CoBaCl6,Cs,K,Co,Ba,Cl,7.749819611,7.698465247,0.667072752,-1.845624878,0.007913
221,CsK_CoPbCl6,Cs,K,Co,Pb,Cl,7.540516004,7.497979662,0.567304046,-1.471355523,0
222,CsK_CoPbF6,Cs,K,Co,Pb,F,6.328534981,6.37891694,-0.789819956,-2.508242917,0.003473
223,CsK_CoPtF6,Cs,K,Co,Pt,F,6.025893279,6.091930406,-1.084009872,-2.058750545,0
224,CsK_CoRbF6,Cs,K,Co,Rb,F,6.541303411,6.522603743,0.286690235,-2.609235102,0
225,CsK_CoSnF6,Cs,K,Co,Sn,F,6.222468964,6.313991454,-1.44951875,-2.487983174,0.002749
226,CsK_CoSrCl6,Cs,K,Co,Sr,Cl,7.51506016,7.494545596,0.273726589,-1.861670033,0.000342
227,CsK_CoSrF6,Cs,K,Co,Sr,F,6.315807059,6.327256977,-0.180961798,-2.965359861,0
228,CsK_CrAgCl6,Cs,K,Cr,Ag,Cl,7.214469067,7.237180735,-0.313819273,-1.546260809,0.744496
229,CsK_CrAuCl6,Cs,K,Cr,Au,Cl,7.166385806,7.225747082,-0.821524409,-1.423719825,0.302345
230,CsK_CrBaCl6,Cs,K,Cr,Ba,Cl,7.827601357,7.782910595,0.574216567,-1.979563657,0
231,CsK_CrCdF6,Cs,K,Cr,Cd,F,6.232368459,6.245461371,-0.209638828,-2.661205665,0
232,CsK_CrCoF6,Cs,K,Cr,Co,F,6.020236424,5.961237,0.989717805,-2.521381921,0
233,CsK_CrFeCl6,Cs,K,Cr,Fe,Cl,7.092210305,7.07340879,0.265805576,-1.46759118,0
234,CsK_CrMnCl6,Cs,K,Cr,Mn,Cl,6.902705687,7.164665741,-3.656277396,-1.611989277,0.037125
235,CsK_CrMnF6,Cs,K,Cr,Mn,F,6.130545082,6.072684779,0.952796088,-2.708514451,0.000591
236,CsK_CrSnCl6,Cs,K,Cr,Sn,Cl,7.444278771,7.496597108,-0.697894475,-1.594955209,0
237,CsK_CrSnF6,Cs,K,Cr,Sn,F,6.250753235,6.373753464,-1.929792699,-2.65442212,0.014843
238,CsK_CrSrCl6,Cs,K,Cr,Sr,Cl,7.587185051,7.576765814,0.137515627,-1.995673683,0
239,CsK_CrZnF6,Cs,K,Cr,Zn,F,6.008922716,6.006562423,0.039295238,-2.670827397,0.004289
240,CsK_CuAuCl6,Cs,K,Cu,Au,Cl,7.166385806,7.130230148,0.50707561,-1.235252889,0.022148
241,CsK_CuGaF6,Cs,K,Cu,Ga,F,6.023701248,6.052280247,-0.472202176,-2.573838032,0.372538
242,CsK_CuInCl6,Cs,K,Cu,In,Cl,6.979709616,7.25963763,-3.855950231,-1.519813314,0.110098
243,CsK_CuNbF6,Cs,K,Cu,Nb,F,6.134009905,6.228926347,-1.523801001,-2.535319784,0
244,CsK_CuPtF6,Cs,K,Cu,Pt,F,5.997609007,6.086611014,-1.46225883,-2.066676836,0
245,CsK_CuRbCl6,Cs,K,Cu,Rb,Cl,7.853693597,7.702275424,1.96588884,-1.458493425,0
246,CsK_CuSbF6,Cs,K,Cu,Sb,F,6.271188621,6.347075947,-1.195626563,-2.436137994,1.042192
247,CsK_CuSnCl6,Cs,K,Cu,Sn,Cl,7.339626967,7.346068039,-0.087680538,-1.499464509,0.088427
248,CsK_CuSnF6,Cs,K,Cu,Sn,F,6.17721413,6.267148711,-1.435015908,-2.484129469,0.14455
249,CsK_CuSrCl6,Cs,K,Cu,Sr,Cl,7.474047966,7.502798257,-0.383194243,-1.829651748,0.042452
250,CsK_CuSrF6,Cs,K,Cu,Sr,F,6.267723798,6.323386141,-0.880261647,-2.887484993,0.001547
251,CsK_FeAuCl6,Cs,K,Fe,Au,Cl,7.17204266,7.239484724,-0.931586523,-1.285714592,0
252,CsK_FeBaCl6,Cs,K,Fe,Ba,Cl,7.788003377,7.751365355,0.472665399,-1.902033253,0
253,CsK_FeCdCl6,Cs,K,Fe,Cd,Cl,6.953617376,7.280752242,-4.49314652,-1.499450466,0.001284
254,CsK_FeNiF6,Cs,K,Fe,Ni,F,5.980638445,5.963358247,0.289772931,-2.38943438,0
255,CsK_FePbF6,Cs,K,Fe,Pb,F,6.339848689,6.423093535,-1.296024191,-2.574734925,0
256,CsK_FeRbCl6,Cs,K,Fe,Rb,Cl,7.87066416,7.798324081,0.927636223,-1.668983139,0.877584
257,CsK_FeSnCl6,Cs,K,Fe,Sn,Cl,7.410337645,7.484074469,-0.985249737,-1.498055971,0
258,CsK_FeSnF6,Cs,K,Fe,Sn,F,6.230954245,6.359378086,-2.019440254,-2.553514888,0
259,CsK_FeSrCl6,Cs,K,Fe,Sr,Cl,7.550415499,7.544269787,0.081461986,-1.919271805,0.004808
260,CsK_FeSrF6,Cs,K,Fe,Sr,F,6.327120767,6.371214639,-0.692079525,-3.031565036,0.005746
261,CsK_GaAgF6,Cs,K,Ga,Ag,F,6.207549011,6.243757493,-0.579914932,-2.61857385,2.441425
262,CsK_GaRbF6,Cs,K,Ga,Rb,F,6.541303411,6.515270858,0.399562099,-2.976151909,5.715896
263,CsK_LiAsF6,Cs,K,Li,As,F,5.856824047,6.082913352,-3.716793121,-2.753473515,4.587364
264,CsK_LiAuCl6,Cs,K,Li,Au,Cl,7.157900525,7.244866294,-1.200377833,-1.407610194,0.021062
265,CsK_LiBiBr6,Cs,K,Li,Bi,Br,7.750456007,7.960103518,-2.63372845,-1.5055975,2.93814
266,CsK_LiBiCl6,Cs,K,Li,Bi,Cl,7.429429529,7.532571044,-1.36927371,-1.777636135,3.635691
267,CsK_LiCrF6,Cs,K,Li,Cr,F,5.818640281,5.945145871,-2.127880337,-3.013233495,1.85144
268,CsK_LiFeF6,Cs,K,Li,Fe,F,5.838439271,5.971336411,-2.22558454,-2.82019728,1.61206
269,CsK_LiInF6,Cs,K,Li,In,F,5.944505288,6.105113813,-2.630721227,-2.941796931,5.180989
270,CsK_LiRhF6,Cs,K,Li,Rh,F,5.865309329,5.98318554,-1.970124614,-2.591210651,1.988681
271,CsK_MgBaF6,Cs,K,Mg,Ba,F,6.436015212,6.489595781,-0.825638003,-3.480199405,5.992259
272,CsK_MgPbF6,Cs,K,Mg,Pb,F,6.26065273,6.342912454,-1.296876231,-3.075451404,5.215699
273,CsK_MgPdF6,Cs,K,Mg,Pd,F,6.023064851,6.041746029,-0.309201643,-2.673560131,0.001926
274,CsK_MgSnF6,Cs,K,Mg,Sn,F,6.163071994,6.285228935,-1.943555951,-3.050235089,4.333162
275,CsK_MnAgF6,Cs,K,Mn,Ag,F,6.235833282,6.220323576,0.249339215,-2.548932111,0
276,CsK_MnBaF6,Cs,K,Mn,Ba,F,6.704715789,6.634886014,1.052463823,-3.130231615,1.913515
277,CsK_MnCdF6,Cs,K,Mn,Cd,F,6.356819252,6.234558732,1.961013205,-2.707551446,1.165084
278,CsK_MnCoF6,Cs,K,Mn,Co,F,6.105089238,6.015855081,1.483316267,-2.53582635,0
279,CsK_MnPbCl6,Cs,K,Mn,Pb,Cl,7.247773796,7.622806955,-4.919882679,-1.671901205,1.843641
280,CsK_MnPbF6,Cs,K,Mn,Pb,F,6.503897463,6.473093938,0.475870199,-2.735443244,2.266682
281,CsK_MnSrCl6,Cs,K,Mn,Sr,Cl,7.225146379,7.617867947,-5.15526878,-2.064012205,2.509015
282,CsK_MnSrF6,Cs,K,Mn,Sr,F,6.491169541,6.42402092,1.045274009,-3.18997672,2.356838
283,CsK_MnZnF6,Cs,K,Mn,Zn,F,6.088118675,6.029409715,0.973709912,-2.735673585,1.987321
284,CsK_NaAsF6,Cs,K,Na,As,F,6.189164234,6.268334999,-1.263027024,-2.765661798,4.562829
285,CsK_NaCoCl6,Cs,K,Na,Co,Cl,7.237096484,7.204219994,0.456350445,-1.588678605,1.050358
286,CsK_NaCrCl6,Cs,K,Na,Cr,Cl,7.265380755,7.304430627,-0.534605283,-1.843644547,1.281854
287,CsK_NaCrF6,Cs,K,Na,Cr,F,6.148152041,6.100862963,0.775121131,-3.035972974,1.914768
288,CsK_NaInF6,Cs,K,Na,In,F,6.251389631,6.296459344,-0.715794553,-2.95242355,5.242238
289,CsK_NaMnCl6,Cs,K,Na,Mn,Cl,7.321949298,7.331686418,-0.132808735,-1.775992875,0
290,CsK_NaNbCl6,Cs,K,Na,Nb,Cl,7.384174695,7.458387784,-0.995028566,-1.849740479,0.009317
291,CsK_NaRuF6,Cs,K,Na,Ru,F,6.573830323,6.163618171,6.655379042,-2.603029591,0.000544
292,CsK_NaSbCl6,Cs,K,Na,Sb,Cl,7.559537176,7.686055132,-1.646071409,-1.753856077,3.094842
293,CsK_NbAgF6,Cs,K,Nb,Ag,F,6.278259689,6.456296242,-2.757564807,-2.56593111,0
294,CsK_NiBaCl6,Cs,K,Ni,Ba,Cl,7.731434835,7.663855637,0.881791114,-1.863396556,1.101712
295,CsK_NiPbF6,Cs,K,Ni,Pb,F,6.28045172,6.345495499,-1.025038612,-2.516864462,1.420668
296,CsK_PdCdF6,Cs,K,Pd,Cd,F,6.303079137,6.289882597,0.209805824,-2.289203723,0.013197
297,CsK_PdPbCl6,Cs,K,Pd,Pb,Cl,7.561729207,7.535627571,0.346376407,-1.444452321,0.032858
298,CsK_PdPtCl6,Cs,K,Pd,Pt,Cl,7.049783898,7.108428439,-0.82500009,-1.25339161,0
299,CsK_RuAgF6,Cs,K,Ru,Ag,F,6.727979602,6.300646193,6.782374314,-2.201234887,0
300,CsK_SbAuCl6,Cs,K,Sb,Au,Cl,7.409630539,7.600976568,-2.517387434,-1.356853947,0.37671
301,CsK_ScAgCl6,Cs,K,Sc,Ag,Cl,7.500140207,7.434445585,0.883651931,-1.961316014,3.280661
302,CsK_SnPbF6,Cs,K,Sn,Pb,F,6.675017304,6.812121735,-2.012653859,-2.664306133,2.307104
303,CsK_SrCdCl6,Cs,K,Sr,Cd,Cl,7.355254027,7.768035597,-5.31384756,-2.044811739,3.979623
304,CsK_SrPbF6,Cs,K,Sr,Pb,F,6.799468097,6.84005094,-0.593312,-3.135261226,4.645466
305,CsK_SrPdF6,Cs,K,Sr,Pd,F,6.431772571,6.487054165,-0.852183327,-2.746885509,0
306,CsK_TiCdF6,Cs,K,Ti,Cd,F,6.806539165,6.838264234,-0.46393453,-2.960132814,0.8907
307,CsK_TiCoCl6,Cs,K,Ti,Co,Cl,7.280300708,7.059763099,3.12386699,-1.600674817,0
308,CsK_TiCoF6,Cs,K,Ti,Co,F,6.464299483,6.02907334,7.218789994,-2.740268186,0
309,CsK_TiCrF6,Cs,K,Ti,Cr,F,6.501069036,6.130089619,6.051778034,-2.835388138,0
310,CsK_TiCuF6,Cs,K,Ti,Cu,F,6.169365244,6.0986032,1.160299198,-2.829508566,0
311,CsK_TiNiF6,Cs,K,Ti,Ni,F,6.413387795,6.04646635,6.068361647,-2.73970148,0
312,CsK_TiPbF6,Cs,K,Ti,Pb,F,6.97907322,6.483649444,7.641125269,-2.842696391,0
313,CsK_TiRbF6,Cs,K,Ti,Rb,F,6.672825273,6.597355455,1.143940455,-3.216644302,0.002575
314,CsK_TiZnCl6,Cs,K,Ti,Zn,Cl,7.253430651,7.186519897,0.931059191,-1.689861783,0
315,CsK_TiZnF6,Cs,K,Ti,Zn,F,6.441672066,6.027592191,6.86973939,-2.826944607,0
316,CsK_V_AgF6,Cs,K,V,Ag,F,6.269774407,6.260359915,0.1503826,-2.69775514,0
317,CsK_V_AuCl6,Cs,K,V,Au,Cl,7.25123862,7.271570075,-0.279601995,-1.454346233,0
318,CsK_V_BaF6,Cs,K,V,Ba,F,7.213832671,6.574322289,9.727396283,-3.170193598,0.227552
319,CsK_V_CdCl6,Cs,K,V,Cd,Cl,7.276058068,7.296789467,-0.284116721,-1.638151236,0.043766
320,CsK_V_CoF6,Cs,K,V,Co,F,6.478441619,5.974143426,8.44134727,-2.6078789,0.0005
321,CsK_V_FeF6,Cs,K,V,Fe,F,6.489755327,5.994492355,8.261966863,-2.661980341,0.000114
322,CsK_V_RbCl6,Cs,K,V,Rb,Cl,8.012085516,7.765883229,3.170306322,-1.871049079,0.006389
323,CsK_V_RbF6,Cs,K,V,Rb,F,6.645955215,6.54499789,1.542511192,-3.050948172,0.001372
324,CsK_V_SrF6,Cs,K,V,Sr,F,6.977659006,6.368391515,9.567054563,-3.22832938,0.707884
325,CsK_ZnBaCl6,Cs,K,Zn,Ba,Cl,7.720121126,7.764472357,-0.571207275,-2.020229942,4.221409
326,CsK_ZnBaF6,Cs,K,Zn,Ba,F,6.4869269,6.551675385,-0.988273704,-3.100932618,4.737254
327,CsK_ZnPbCl6,Cs,K,Zn,Pb,Cl,7.510817519,7.565686135,-0.725229874,-1.643751323,2.588113
328,CsK_ZnSrCl6,Cs,K,Zn,Sr,Cl,7.485361675,7.556464499,-0.94095359,-2.03660515,4.040492
329,CsK_ZnSrF6,Cs,K,Zn,Sr,F,6.296008069,6.34544002,-0.779015338,-3.15889765,5.136337
330,CsRbAgAuBr6,Cs,Rb,Ag,Au,Br,7.678331116,7.716221349,-0.491046476,-1.053026181,0
331,CsRbAgBiF6,Cs,Rb,Ag,Bi,F,6.57241611,6.696280667,-1.849751573,-2.489705209,2.632819
332,CsRbAgInCl6,Cs,Rb,Ag,In,Cl,7.420944247,7.500976779,-1.066961469,-1.563777858,1.006944
333,CsRbAgInF6,Cs,Rb,Ag,In,F,6.371597784,6.477633524,-1.636951822,-2.566107014,1.960804
334,CsRbAgSbF6,Cs,Rb,Ag,Sb,F,6.457864811,6.614268621,-2.364642547,-2.47972754,2.289554
335,CsRbAsAuCl6,Cs,Rb,As,Au,Cl,7.254067047,7.412845337,-2.141934477,-1.297896549,0.117898
336,CsRbBeCdF6,Cs,Rb,Be,Cd,F,6.030135919,5.919148069,1.875064599,-2.798384187,4.172595
337,CsRbBeSnCl6,Cs,Rb,Be,Sn,Cl,6.868693851,7.306366231,-5.990288006,-1.625672416,2.545758
338,CsRbCaCdCl6,Cs,Rb,Ca,Cd,Cl,7.222317952,7.601257918,-4.985227052,-2.063987611,3.817548
339,CsRbCaCoCl6,Cs,Rb,Ca,Co,Cl,7.359496668,7.34430005,0.206917172,-1.874208873,0.0018
340,CsRbCaCrCl6,Cs,Rb,Ca,Cr,Cl,7.423136278,7.421918246,0.016411283,-2.01037732,0
341,CsRbCaFeF6,Cs,Rb,Ca,Fe,F,6.18145677,6.223148901,-0.669952329,-3.071988582,0.004253
342,CsRbCaPdBr6,Cs,Rb,Ca,Pd,Br,7.768204387,7.846006306,-0.991611732,-1.534740314,0.033223
343,CsRbCaSnCl6,Cs,Rb,Ca,Sn,Cl,7.80914587,7.844259115,-0.447629846,-2.045849819,3.65836
344,CsRbCaTiCl6,Cs,Rb,Ca,Ti,Cl,7.697493709,7.442153582,3.430997818,-2.149105401,0.010635
345,CsRbCdSnF6,Cs,Rb,Cd,Sn,F,6.525110666,6.580175755,-0.836833104,-2.655294896,2.723177
346,CsRbCoBaCl6,Cs,Rb,Co,Ba,Cl,7.752648038,7.71403747,0.50052347,-1.867485009,0.004062
347,CsRbCoBaF6,Cs,Rb,Co,Ba,F,6.518039598,6.550991837,-0.50301145,-2.923701001,0
348,CsRbCoCdCl6,Cs,Rb,Co,Cd,Cl,6.977659006,7.25927368,-3.879378109,-1.45501056,0.00235
349,CsRbCoCuF6,Cs,Rb,Co,Cu,F,6.011751143,5.97571325,0.603072662,-2.299608958,0
350,CsRbCoPbCl6,Cs,Rb,Co,Pb,Cl,7.546172858,7.515905346,0.402712789,-1.490870869,0
351,CsRbCoPtF6,Cs,Rb,Co,Pt,F,6.065491258,6.12028449,-0.895272631,-2.062297647,0
352,CsRbCrAgCl6,Cs,Rb,Cr,Ag,Cl,7.242753338,7.264345584,-0.297235942,-1.561704286,0.740639
353,CsRbCrAgF6,Cs,Rb,Cr,Ag,F,6.26270334,6.256990774,0.091298936,-2.650350166,1.365922
354,CsRbCrMnCl6,Cs,Rb,Cr,Mn,Cl,6.93947524,7.189405657,-3.476371051,-1.625410555,0.036456
355,CsRbCrPbF6,Cs,Rb,Cr,Pb,F,6.376618242,6.459845207,-1.288373983,-2.688219457,0.042523
356,CsRbCrPtF6,Cs,Rb,Cr,Pt,F,6.082461821,6.218569218,-2.188725288,-2.300676891,0
357,CsRbCuAgF6,Cs,Rb,Cu,Ag,F,6.213205865,6.122750001,1.477373141,-2.187242691,0
358,CsRbCuNbF6,Cs,Rb,Cu,Nb,F,6.145323614,6.263440304,-1.885811699,-2.544167618,0
359,CsRbCuPbF6,Cs,Rb,Cu,Pb,F,6.297422283,6.37268834,-1.181072304,-2.475878223,0
360,CsRbCuSbF6,Cs,Rb,Cu,Sb,F,6.299472892,6.377906363,-1.229768305,-2.446831084,1.096032
361,CsRbCuSnCl6,Cs,Rb,Cu,Sn,Cl,7.353769103,7.367292912,-0.183565513,-1.516562866,0.08733
362,CsRbCuSrBr6,Cs,Rb,Cu,Sr,Br,7.717292699,7.950025704,-2.927449717,-1.573894463,0.046151
363,CsRbCuSrF6,Cs,Rb,Cu,Sr,F,6.287522788,6.347979241,-0.952373199,-2.8983589,0.001547
364,CsRbFeBaF6,Cs,Rb,Fe,Ba,F,6.532181734,6.595757985,-0.963896055,-2.990079439,0.006051
365,CsRbFeCdF6,Cs,Rb,Fe,Cd,F,6.235196886,6.216286041,0.304214524,-2.549121932,0
366,CsRbFeNiF6,Cs,Rb,Fe,Ni,F,6.017407997,6.003201223,0.236653303,-2.385995153,0
367,CsRbFePbBr6,Cs,Rb,Fe,Pb,Br,7.925182093,7.967903134,-0.536164161,-1.275131504,0
368,CsRbFeSnCl6,Cs,Rb,Fe,Sn,Cl,7.421651354,7.502120879,-1.072623679,-1.517452531,0
369,CsRbFeSrBr6,Cs,Rb,Fe,Sr,Br,7.994478557,7.983508525,0.137408659,-1.634143111,0.000491
370,CsRbGaAgF6,Cs,Rb,Ga,Ag,F,6.238661709,6.276560726,-0.603818216,-2.628538609,2.521143
371,CsRbK_AsBr6,Cs,Rb,K,As,Br,8.249673395,8.236411166,0.161019511,-1.434699676,2.930588
372,CsRbK_AsF6,Cs,Rb,K,As,F,6.459279025,6.59095092,-1.997767797,-2.760623748,4.633742
373,CsRbK_AuCl6,Cs,Rb,K,Au,Cl,7.801367695,7.783985683,0.223304779,-1.427030146,0.011059
374,CsRbK_AuF6,Cs,Rb,K,Au,F,6.679896341,6.628086623,0.781669295,-2.262470852,0.004954
375,CsRbK_BiF6,Cs,Rb,K,Bi,F,6.807175561,6.86302029,-0.813704851,-2.862252585,4.893363
376,CsRbK_CrCl6,Cs,Rb,K,Cr,Cl,7.679745329,7.609504775,0.923063407,-1.870084744,1.556276
377,CsRbK_CrF6,Cs,Rb,K,Cr,F,6.412609977,6.402168781,0.163088421,-3.034827975,2.055297
378,CsRbK_CuCl6,Cs,Rb,K,Cu,Cl,7.679745329,7.604943346,0.983596847,-1.490699144,0.014625
379,CsRbK_FeBr6,Cs,Rb,K,Fe,Br,8.085624622,8.102895155,-0.213140275,-1.419564002,0.683078
380,CsRbK_FeF6,Cs,Rb,K,Fe,F,6.435237394,6.446190417,-0.169914667,-2.833520075,1.689746
381,CsRbK_MnCl6,Cs,Rb,K,Mn,Cl,7.758941289,7.645229982,1.487349724,-1.793986202,0.006921
382,CsRbK_MoBr6,Cs,Rb,K,Mo,Br,8.235531259,8.148090249,1.073147294,-1.48003994,1.574199
383,CsRbK_MoCl6,Cs,Rb,K,Mo,Cl,7.869249946,7.729086318,1.813456626,-1.784925322,1.6359
384,CsRbK_MoF6,Cs,Rb,K,Mo,F,6.510402845,6.563328049,-0.806377551,-2.870821739,1.981522
385,CsRbK_NbBr6,Cs,Rb,K,Nb,Br,8.249673395,8.199624392,0.610381654,-1.564161138,0.012102
386,CsRbK_NbCl6,Cs,Rb,K,Nb,Cl,7.840965675,7.787589656,0.685398453,-1.870459448,0.010927
387,CsRbK_RhBr6,Cs,Rb,K,Rh,Br,8.122606306,8.007336172,1.439556571,-1.405470782,1.343733
388,CsRbK_V_F6,Cs,Rb,K,V,F,6.462107452,6.431903255,0.469599678,-3.092908034,0.001716
389,CsRbLiAuCl6,Cs,Rb,Li,Au,Cl,7.19184165,7.277484345,-1.176817303,-1.422940193,0.020684
390,CsRbLiAuF6,Cs,Rb,Li,Au,F,6.068956082,6.14660805,-1.263330399,-2.278689615,0.006493
391,CsRbLiBiBr6,Cs,Rb,Li,Bi,Br,7.758941289,7.982384497,-2.799203773,-1.52753452,2.93656
392,CsRbLiCuF6,Cs,Rb,Li,Cu,F,5.808740786,6.000111435,-3.189451581,-2.445306527,0.007037
393,CsRbLiMnF6,Cs,Rb,Li,Mn,F,5.856824047,6.023562189,-2.768098623,-2.898119405,0.007001
394,CsRbLiRhF6,Cs,Rb,Li,Rh,F,5.8935936,6.041078362,-2.441364822,-2.590578018,1.988879
395,CsRbLiTiF6,Cs,Rb,Li,Ti,F,5.906321522,6.054787805,-2.452047665,-3.248042483,0
396,CsRbLiV_F6,Cs,Rb,Li,V,F,5.887936746,6.023735356,-2.254392034,-3.075408989,0
397,CsRbMgBaCl6,Cs,Rb,Mg,Ba,Cl,7.816287649,7.824435293,-0.104130761,-2.301480487,4.748889
398,CsRbMgSnBr6,Cs,Rb,Mg,Sn,Br,7.853057201,8.000072936,-1.837679933,-1.586857524,2.390117
399,CsRbMgTiCl6,Cs,Rb,Mg,Ti,Cl,7.343940319,7.213095082,1.813995733,-1.965248714,0.005536
400,CsRbMgTiF6,Cs,Rb,Mg,Ti,F,6.402074086,6.010716195,6.511002654,-3.201141485,0
401,CsRbMgZnF6,Cs,Rb,Mg,Zn,F,5.991952153,5.958238966,0.565824687,-3.057347426,5.256497
402,CsRbMnAgCl6,Cs,Rb,Mn,Ag,Cl,7.290836599,7.262573482,0.389161185,-1.529497405,0.01177
403,CsRbMnBaF6,Cs,Rb,Mn,Ba,F,6.707544216,6.651543229,0.841924724,-3.14818921,2.110647
404,CsRbMnCdCl6,Cs,Rb,Mn,Cd,Cl,6.882906697,7.365002236,-6.54576229,-1.666534055,1.156104
405,CsRbMnCdF6,Cs,Rb,Mn,Cd,F,6.370961388,6.260332948,1.767133488,-2.715308908,1.238397
406,CsRbMnCoCl6,Cs,Rb,Mn,Co,Cl,6.915433609,7.107247876,-2.698854329,-1.460658299,0
407,CsRbMnCuF6,Cs,Rb,Mn,Cu,F,6.187750021,6.024080314,2.716924385,-2.563844493,0
408,CsRbMnPbBr6,Cs,Rb,Mn,Pb,Br,7.452834763,8.041109533,-7.315840775,-1.417635506,1.635872
409,CsRbMnPbF6,Cs,Rb,Mn,Pb,F,6.512382744,6.494179814,0.280296058,-2.749385555,2.366367
410,CsRbMnPtCl6,Cs,Rb,Mn,Pt,Cl,6.922504677,7.165550454,-3.391864708,-1.383081342,0.07456
411,CsRbMnPtF6,Cs,Rb,Mn,Pt,F,6.167314635,6.201275814,-0.547648258,-2.25441857,0
412,CsRbMnSnBr6,Cs,Rb,Mn,Sn,Br,7.346768746,7.976346944,-7.893064362,-1.389297259,1.271079
413,CsRbMnSnCl6,Cs,Rb,Mn,Sn,Cl,7.147293923,7.575242055,-5.64929977,-1.66226056,1.516674
414,CsRbMnSnF6,Cs,Rb,Mn,Sn,F,6.395003018,6.432305224,-0.579919713,-2.725591766,2.243797
415,CsRbNaAuBr6,Cs,Rb,Na,Au,Br,7.791468201,7.898825916,-1.359160414,-1.229133575,0
416,CsRbNaCoF6,Cs,Rb,Na,Co,F,6.115625129,6.155109328,-0.641486558,-2.661789988,0.001335
417,CsRbNaFeCl6,Cs,Rb,Na,Fe,Cl,7.296493454,7.385545486,-1.205761066,-1.703071663,0.826459
418,CsRbNaGaF6,Cs,Rb,Na,Ga,F,6.115625129,6.160140922,-0.722642445,-3.020773682,5.812385
419,CsRbNaInCl6,Cs,Rb,Na,In,Cl,7.485998071,7.560056657,-0.979603584,-1.861172066,2.980492
420,CsRbNaNiF6,Cs,Rb,Na,Ni,F,6.067541868,6.116060846,-0.793304371,-2.581841158,0.000511
421,CsRbNaScCl6,Cs,Rb,Na,Sc,Cl,7.576507739,7.498891269,1.035039277,-2.286245044,3.913289
422,CsRbNbAgBr6,Cs,Rb,Nb,Ag,Br,7.709443814,7.824550054,-1.471090851,-1.275859909,0.014235
423,CsRbNiBaBr6,Cs,Rb,Ni,Ba,Br,8.249036999,8.095534013,1.896144044,-1.602078965,0.8279
424,CsRbNiPbBr6,Cs,Rb,Ni,Pb,Br,7.913868384,7.879757467,0.432892981,-1.248344269,0.071115
425,CsRbNiSrBr6,Cs,Rb,Ni,Sr,Br,7.980336422,7.906467251,0.934287953,-1.600474737,0.786078
426,CsRbNiSrCl6,Cs,Rb,Ni,Sr,Cl,7.505160665,7.484353396,0.278010242,-1.895422681,1.056683
427,CsRbPdCdF6,Cs,Rb,Pd,Cd,F,6.3200497,6.313057419,0.110759027,-2.29931922,0.013864
428,CsRbPdPbCl6,Cs,Rb,Pd,Pb,Cl,7.567386062,7.552206891,0.200989872,-1.464579565,0.030681
429,CsRbPdPbF6,Cs,Rb,Pd,Pb,F,6.452985774,6.529368687,-1.169836115,-2.341861759,0
430,CsRbPdPtCl6,Cs,Rb,Pd,Pt,Cl,7.080896596,7.131408119,-0.708296625,-1.265681753,0.033135
431,CsRbPtPbCl6,Cs,Rb,Pt,Pb,Cl,7.567386062,7.566008348,0.018209258,-1.382677767,0
432,CsRbRhAgF6,Cs,Rb,Rh,Ag,F,6.303715533,6.297862874,0.092930874,-2.226098717,1.462908
433,CsRbRuAgF6,Cs,Rb,Ru,Ag,F,6.730808029,6.329110141,6.346830424,-2.21310731,0
434,CsRbSbAuCl6,Cs,Rb,Sb,Au,Cl,7.423772674,7.617034664,-2.537233957,-1.378104725,0.385967
435,CsRbSnPbF6,Cs,Rb,Sn,Pb,F,6.677845731,6.828480658,-2.205980137,-2.683613568,2.297006
436,CsRbSnPtBr6,Cs,Rb,Sn,Pt,Br,7.756890679,7.843290276,-1.10157337,-1.168886421,0
437,CsRbSnPtF6,Cs,Rb,Sn,Pt,F,6.281865933,6.532704835,-3.839740327,-2.221119526,0.084242
438,CsRbSrPdCl6,Cs,Rb,Sr,Pd,Cl,7.541930217,7.604487919,-0.822641875,-1.803132966,0
439,CsRbSrPtBr6,Cs,Rb,Sr,Pt,Br,7.980336422,8.042378333,-0.771437359,-1.485090843,0.280984
440,CsRbSrPtF6,Cs,Rb,Sr,Pt,F,6.375204028,6.568017405,-2.93564047,-2.681902907,1.340865
441,CsRbSrSnCl6,Cs,Rb,Sr,Sn,Cl,7.998650487,8.037184011,-0.479440609,-2.046032038,3.610612
442,CsRbSrSnF6,Cs,Rb,Sr,Sn,F,6.665117809,6.784412704,-1.758367308,-3.133896614,3.937049
443,CsRbTiAgCl6,Cs,Rb,Ti,Ag,Cl,7.361547278,7.359601471,0.026439027,-1.746899455,0.001339
444,CsRbTiBaF6,Cs,Rb,Ti,Ba,F,7.199690535,6.637643211,8.467573597,-3.253739251,0
445,CsRbTiCdF6,Cs,Rb,Ti,Cd,F,6.806539165,6.878036521,-1.039502419,-2.981843771,0.96578
446,CsRbTiCrCl6,Cs,Rb,Ti,Cr,Cl,7.355254027,7.228552307,1.75279523,-1.713184496,0
447,CsRbTiFeCl6,Cs,Rb,Ti,Fe,Cl,7.324141329,7.126577612,2.772210278,-1.648623918,0
448,CsRbTiMnCl6,Cs,Rb,Ti,Mn,Cl,7.072411315,7.195270665,-1.707501437,-1.758367728,0.014191
449,CsRbTiMnF6,Cs,Rb,Ti,Mn,F,6.659460955,6.069456753,9.720873317,-2.868122552,0
450,CsRbTiNiF6,Cs,Rb,Ti,Ni,F,6.424701503,6.074323833,5.768175679,-2.739705662,0
451,CsRbTiPbCl6,Cs,Rb,Ti,Pb,Cl,7.912454171,7.638970385,3.580113186,-1.754951051,0.005061
452,CsRbTiSrBr6,Cs,Rb,Ti,Sr,Br,8.376316219,8.039299013,4.192121794,-1.833034059,0.016769
453,CsRbTiSrF6,Cs,Rb,Ti,Sr,F,6.96351687,6.435290094,8.208282273,-3.304017261,0
454,CsRbV_AgF6,Cs,Rb,V,Ag,F,6.298058679,6.292201429,0.093087452,-2.708677914,0
455,CsRbV_BaCl6,Cs,Rb,V,Ba,Cl,8.31691925,7.766175069,7.091575661,-2.078748201,1.305258
456,CsRbV_CrF6,Cs,Rb,V,Cr,F,6.520868025,6.071133387,7.407754192,-2.734150444,0
457,CsRbV_PbF6,Cs,Rb,V,Pb,F,6.993215355,6.443236139,8.535760666,-2.77988685,0.673537
458,CsRbV_PtCl6,Cs,Rb,V,Pt,Cl,7.457077404,7.169835787,4.006250987,-1.350052387,0
459,CsRbV_SnF6,Cs,Rb,V,Sn,F,6.850379785,6.38065554,7.361692573,-2.754783525,0.766691
460,CsRbZnBaBr6,Cs,Rb,Zn,Ba,Br,8.181154748,8.205971628,-0.302424638,-1.753534346,3.100257
461,CsRbZnBaCl6,Cs,Rb,Zn,Ba,Cl,7.722949553,7.779880973,-0.731777519,-2.042844947,4.2381
462,CsRbZnCdCl6,Cs,Rb,Zn,Cd,Cl,6.964931084,7.315465348,-4.791687847,-1.631502233,1.602379
463,CsRbZnCdF6,Cs,Rb,Zn,Cd,F,6.206912615,6.192120116,0.238892314,-2.672313557,3.314593
464,CsRbZnPbBr6,Cs,Rb,Zn,Pb,Br,7.84881456,7.992533783,-1.798168477,-1.39656246,1.835192
465,CsRbZnPdCl6,Cs,Rb,Zn,Pd,Cl,7.052612325,7.144039269,-1.279765418,-1.414144234,0.039759
466,K_2AgAuF6,K,K,Ag,Au,F,6.38573992,6.267429576,1.887701211,-1.961056483,0
467,K_2AsAgF6,K,K,As,Ag,F,6.136838333,6.31949008,-2.890292487,-2.359310821,2.265682
468,K_2CaPtF6,K,K,Ca,Pt,F,6.07397654,6.293934805,-3.494765545,-2.68728545,1.335618
469,K_2CaZnF6,K,K,Ca,Zn,F,6.000437434,6.073106063,-1.196564464,-3.200661451,5.292678
470,K_2CrCoF6,K,K,Cr,Co,F,5.82790338,5.830039093,-0.03663291,-2.56263066,0
471,K_2CrFeF6,K,K,Cr,Fe,F,5.839217088,5.893693512,-0.92431722,-2.582729581,0
472,K_2CuCdF6,K,K,Cu,Cd,F,6.042863841,6.041779366,0.017949596,-2.426824712,0.032317
473,K_2CuNbF6,K,K,Cu,Nb,F,5.93319158,6.121318639,-3.073309365,-2.532896619,0
474,K_2CuPtF6,K,K,Cu,Pt,F,5.791133827,5.988687587,-3.298782198,-2.083628279,0
475,K_2FeCoF6,K,K,Fe,Co,F,5.80810439,5.841287301,-0.568075311,-2.457930502,0.025242
476,K_2FePbF6,K,K,Fe,Pb,F,6.277623293,6.352519383,-1.178998213,-2.558585419,0
477,K_2LiInF6,K,K,Li,In,F,5.786113369,5.929266444,-2.414347143,-2.966507375,5.281517
478,K_2LiScF6,K,K,Li,Sc,F,5.763485952,5.847937701,-1.444128739,-3.552913919,6.789738
479,K_2MgCaF6,K,K,Mg,Ca,F,5.949525746,6.006450873,-0.947733166,-3.586631771,6.601011
480,K_2MgCdF6,K,K,Mg,Cd,F,6.023064851,6.006019912,0.283797577,-3.062131166,4.997559
481,K_2MgCrF6,K,K,Mg,Cr,F,5.765677983,5.834674088,-1.182518577,-3.075054964,0
482,K_2MgFeF6,K,K,Mg,Fe,F,5.745878993,5.806663593,-1.046807672,-2.992323962,0
483,K_2MgMnF6,K,K,Mg,Mn,F,5.890128777,5.854939934,0.60101117,-3.148817739,2.893452
484,K_2MnAgF6,K,K,Mn,Ag,F,6.085926644,6.114000761,-0.459177519,-2.546787041,0
485,K_2MnFeF6,K,K,Mn,Fe,F,5.97498159,5.9476126,0.460167665,-2.634139055,0
486,K_2MnSrF6,K,K,Mn,Sr,F,6.451571561,6.354763533,1.523393081,-3.17157588,1.877659
487,K_2NaAsF6,K,K,Na,As,F,5.994002763,6.131031208,-2.234998328,-2.765860092,4.526685
488,K_2NaCoF6,K,K,Na,Co,F,5.909149949,5.946851041,-0.633967317,-2.671263044,0
489,K_2NaCrF6,K,K,Na,Cr,F,5.947333715,5.936806896,0.177314492,-3.053394728,1.949979
490,K_2NaCuF6,K,K,Na,Cu,F,5.866723542,5.929657296,-1.061338807,-2.483782971,0
491,K_2NaFeF6,K,K,Na,Fe,F,5.969961132,5.979772913,-0.164082836,-2.849759669,1.629473
492,K_2NaInF6,K,K,Na,In,F,6.101482994,6.169176388,-1.097284139,-2.947217847,5.229267
493,K_2NaNiF6,K,K,Na,Ni,F,5.866723542,5.887380973,-0.35087641,-2.602657378,0
494,K_2NaRhF6,K,K,Na,Rh,F,6.005316471,6.007793453,-0.04122948,-2.617102942,2.145574
495,K_2NaTiF6,K,K,Na,Ti,F,6.02087282,6.016206705,0.077559087,-3.273516909,0.000373
496,K_2NbAgF6,K,K,Nb,Ag,F,6.148152041,6.38571964,-3.720294852,-2.539977202,0
497,K_2NiAgF6,K,K,Ni,Ag,F,5.992588549,5.976563308,0.268134715,-2.255802839,0
498,K_2PdPtF6,K,K,Pd,Pt,F,5.949525746,6.160015039,-3.417025635,-1.965615286,0.005165
499,K_2PdSnF6,K,K,Pd,Sn,F,6.256410089,6.351660248,-1.499610421,-2.34783487,0
500,K_2RuAgF6,K,K,Ru,Ag,F,6.708180612,6.210582101,8.012107447,-2.189482207,0
501,K_2ScCuF6,K,K,Sc,Cu,F,5.986931695,6.042471386,-0.919155217,-3.10169069,1.205839
502,K_2TiFeF6,K,K,Ti,Fe,F,6.438843639,5.919424991,8.774815946,-2.808235648,0.003838
503,K_2TiMnF6,K,K,Ti,Mn,F,6.63400511,5.980320905,10.93058743,-2.909665483,0
504,K_2TiNiF6,K,K,Ti,Ni,F,6.365304534,5.910039101,7.703255854,-2.767692894,0
505,K_2TiSnF6,K,K,Ti,Sn,F,6.824923941,6.341504006,7.623111718,-2.804667872,0
506,K_2V_CrF6,K,K,V,Cr,F,6.481270046,5.931476362,9.269086656,-2.762805707,0
507,K_2V_MnF6,K,K,V,Mn,F,6.648147246,5.939150723,11.9376752,-2.836928224,1.037958
508,K_2V_SnF6,K,K,V,Sn,F,6.839066077,6.279915712,8.903787736,-2.736484518,0.801126
509,K_2ZnBaF6,K,K,Zn,Ba,F,6.450157347,6.493502305,-0.667512784,-3.072155684,4.394152
510,K_2ZnPdF6,K,K,Zn,Pd,F,5.881643495,5.979096678,-1.629898097,-2.346313797,0
511,K_2ZnPtF6,K,K,Zn,Pt,F,5.819418098,6.052592799,-3.852476265,-2.226471918,0.388448
512,K_BaCoAgF6,K,Ba,Co,Ag,F,6.134080616,6.167910529,-0.548482551,-2.543681125,0
513,K_BaCrCuF6,K,Ba,Cr,Cu,F,5.961546562,6.023348067,-1.026032438,-2.723625485,0
514,K_BaCuAgF6,K,Ba,Cu,Ag,F,6.080340501,6.129989078,-0.80992929,-2.519720562,0.042491
515,K_BaCuCdF6,K,Ba,Cu,Cd,F,6.281158827,6.190543449,1.463770972,-2.660322261,0.128995
516,K_BaFeCuF6,K,Ba,Fe,Cu,F,5.941747572,5.998320884,-0.943152477,-2.628523678,0.000565
517,K_BaLiCaF6,K,Ba,Li,Ca,F,5.888007456,5.984251352,-1.608286323,-3.62435621,6.757817
518,K_BaLiTiF6,K,Ba,Li,Ti,F,6.272673545,5.848363136,7.255199432,-3.341177247,0
519,K_BaLiV_F6,K,Ba,Li,V,F,6.286815681,5.811063176,8.187013126,-3.290103347,1.740746
520,K_BaLiZnF6,K,Ba,Li,Zn,F,5.732443964,5.797000494,-1.113619536,-3.22538801,5.558909
521,K_BaMgAgF6,K,Ba,Mg,Ag,F,6.060541511,6.123941851,-1.035286447,-3.115517599,2.641767
522,K_BaMgCuF6,K,Ba,Mg,Cu,F,5.873865321,5.928804943,-0.92665592,-3.136905445,0.962282
523,K_BaNaCoF6,K,Ba,Na,Co,F,6.025186172,5.971798875,0.893990205,-2.982534581,0.001377
524,K_BaNaFeF6,K,Ba,Na,Fe,F,6.039328307,6.011821844,0.457539556,-3.034430016,0
525,K_BaNaMnF6,K,Ba,Na,Mn,F,6.220347643,6.058750934,2.667162106,-3.176282579,2.115252
526,K_BaNaNiF6,K,Ba,Na,Ni,F,5.971446056,5.945601234,0.434688116,-2.999932612,1.552032
527,K_BaNaZnF6,K,Ba,Na,Zn,F,5.999730328,5.990807287,0.148945552,-3.169280175,5.15212
528,K_BaV_CuF6,K,Ba,V,Cu,F,6.586628956,6.00194123,9.741643638,-2.81760557,0.211855
529,Rb2AgBiF6,Rb,Rb,Ag,Bi,F,6.541303411,6.656124938,-1.725050657,-2.472000171,2.561169
530,Rb2AgSbCl6,Rb,Rb,Ag,Sb,Cl,7.469027508,7.600287027,-1.72703371,-1.467479259,1.453661
531,Rb2AgSbF6,Rb,Rb,Ag,Sb,F,6.40978155,6.567190496,-2.396899345,-2.4660207,2.205888
532,Rb2AlAgF6,Rb,Rb,Al,Ag,F,6.073198722,6.108501615,-0.577930485,-3.002618798,3.207743
533,Rb2AlCsF6,Rb,Rb,Al,Cs,F,6.644541001,6.555934334,1.351549032,-3.324282946,5.856559
534,Rb2AlK_Cl6,Rb,Rb,Al,K,Cl,7.603377797,7.553948977,0.654344107,-2.017542062,4.501717
535,Rb2AlK_F6,Rb,Rb,Al,K,F,6.234419068,6.232807439,0.025857192,-3.387362995,6.449748
536,Rb2AsCsF6,Rb,Rb,As,Cs,F,6.860915676,6.883597044,-0.329498776,-2.684334489,3.764776
537,Rb2BePbF6,Rb,Rb,Be,Pb,F,6.018822211,6.055742595,-0.609675583,-2.872472647,5.080001
538,Rb2CaCdF6,Rb,Rb,Ca,Cd,F,6.393588805,6.366720662,0.422009138,-3.15895296,5.006338
539,Rb2CaMnCl6,Rb,Rb,Ca,Mn,Cl,7.058269179,7.420631488,-4.883173482,-2.062845154,2.507872
540,Rb2CaNiF6,Rb,Rb,Ca,Ni,F,6.05417755,6.092126433,-0.622916865,-3.019286094,1.570826
541,Rb2CaPbF6,Rb,Rb,Ca,Pb,F,6.551980724,6.624476145,-1.094357039,-3.175932704,4.984011
542,Rb2CaPdCl6,Rb,Rb,Ca,Pd,Cl,7.349597173,7.399652256,-0.676451829,-1.778096846,0
543,Rb2CaPtCl6,Rb,Rb,Ca,Pt,Cl,7.349597173,7.431517757,-1.102339881,-1.716410574,0.475752
544,Rb2CdPtF6,Rb,Rb,Cd,Pt,F,6.204084187,6.339459962,-2.135446486,-2.184425384,0.359418
545,Rb2CoCdF6,Rb,Rb,Co,Cd,F,6.158829353,6.1191626,0.648238257,-2.488004741,0
546,Rb2CoSrCl6,Rb,Rb,Co,Sr,Cl,7.503746451,7.478091682,0.343065719,-1.861054619,0.001186
547,Rb2CoSrF6,Rb,Rb,Co,Sr,F,6.287522788,6.302569152,-0.238733818,-2.973331394,0
548,Rb2CrAgF6,Rb,Rb,Cr,Ag,F,6.166536817,6.190603448,-0.388760663,-2.650258761,1.406984
549,Rb2CrAuCl6,Rb,Rb,Cr,Au,Cl,7.112645691,7.205265316,-1.285443643,-1.426963116,0.307544
550,Rb2CrBaF6,Rb,Rb,Cr,Ba,F,6.535010161,6.588638869,-0.813957314,-3.057086679,0
551,Rb2CrMnF6,Rb,Rb,Cr,Mn,F,6.076804967,6.039120502,0.624005846,-2.727015867,0
552,Rb2CrPbCl6,Rb,Rb,Cr,Pb,Cl,7.606984041,7.55347989,0.70833777,-1.618496352,0
553,Rb2CrSrF6,Rb,Rb,Cr,Sr,F,6.321463913,6.375714779,-0.850898572,-3.119912034,0.010588
554,Rb2CuAgF6,Rb,Rb,Cu,Ag,F,6.10006878,6.055298785,0.739352369,-2.200353955,0
555,Rb2CuAuCl6,Rb,Rb,Cu,Au,Cl,7.112645691,7.108381322,0.059990718,-1.240890272,0.02264
556,Rb2CuBaF6,Rb,Rb,Cu,Ba,F,6.436015212,6.506287766,-1.08007141,-2.835356798,0.008372
557,Rb2CuBiCl6,Rb,Rb,Cu,Bi,Cl,7.104160409,7.440655335,-4.52238292,-1.481839265,0.927317
558,Rb2CuNbF6,Rb,Rb,Cu,Nb,F,6.068956082,6.195247484,-2.038520694,-2.545599353,0
559,Rb2CuSnF6,Rb,Rb,Cu,Sn,F,6.131959296,6.238363673,-1.705645624,-2.496620044,0.147755
560,Rb2FeAgF6,Rb,Rb,Fe,Ag,F,6.189164234,6.227024279,-0.607995783,-2.45713307,0.694304
561,Rb2FeBaF6,Rb,Rb,Fe,Ba,F,6.50672589,6.560565802,-0.820659584,-2.974458212,0.007324
562,Rb2FeNiF6,Rb,Rb,Fe,Ni,F,5.901442485,5.922621088,-0.35758835,-2.413825521,0
563,Rb2FePbF6,Rb,Rb,Fe,Pb,F,6.311564418,6.400455306,-1.388821322,-2.58112387,0
564,Rb2FeSrF6,Rb,Rb,Fe,Sr,F,6.298836496,6.347928333,-0.773352099,-3.038286933,0.005422
565,Rb2GaAuCl6,Rb,Rb,Ga,Au,Cl,7.106988836,7.2691868,-2.231308239,-1.397812918,0.16057
566,Rb2K_AsF6,Rb,Rb,K,As,F,6.414024191,6.535963079,-1.8656606,-2.746246874,4.576784
567,Rb2K_CrF6,Rb,Rb,K,Cr,F,6.361698289,6.336714266,0.394274098,-3.026383483,2.080611
568,Rb2K_GaF6,Rb,Rb,K,Ga,F,6.317857669,6.342192179,-0.38369241,-3.008154239,5.858946
569,Rb2K_MnF6,Rb,Rb,K,Mn,F,6.36594093,6.363532989,0.037839688,-2.903893619,0.003528
570,Rb2K_MoF6,Rb,Rb,K,Mo,F,6.473633292,6.510996294,-0.573844621,-2.854974805,1.751761
571,Rb2K_RuF6,Rb,Rb,K,Ru,F,6.979709616,6.423718149,8.655290505,-2.587647312,0
572,Rb2LiInF6,Rb,Rb,Li,In,F,5.910564163,6.04956215,-2.297653674,-2.960274523,5.239659
573,Rb2LiNbF6,Rb,Rb,Li,Nb,F,5.820054495,6.038602952,-3.619189053,-2.984620368,0
574,Rb2LiSbF6,Rb,Rb,Li,Sb,F,6.019458607,6.175884049,-2.532842922,-2.863937711,4.230522
575,Rb2LiScF6,Rb,Rb,Li,Sc,F,5.876623037,5.983439275,-1.785197996,-3.538619197,6.713997
576,Rb2MgCaF6,Rb,Rb,Mg,Ca,F,6.037206987,6.082331503,-0.741895044,-3.585075134,6.791638
577,Rb2MgMnF6,Rb,Rb,Mg,Mn,F,5.991952153,5.941820367,0.843710898,-3.131413961,3.057228
578,Rb2MgPdF6,Rb,Rb,Mg,Pd,F,5.952354173,6.005735807,-0.888844194,-2.693409603,0.001792
579,Rb2MgSrCl6,Rb,Rb,Mg,Sr,Cl,7.564557634,7.581837752,-0.227914637,-2.295493101,4.815812
580,Rb2MnCdF6,Rb,Rb,Mn,Cd,F,6.328534981,6.208180372,1.938645493,-2.719201248,1.091947
581,Rb2MnSnCl6,Rb,Rb,Mn,Sn,Cl,7.087896953,7.543798473,-6.043394738,-1.640175505,1.473345
582,Rb2MoAgCl6,Rb,Rb,Mo,Ag,Cl,7.316292444,7.343829011,-0.374961985,-1.454892578,0.85217
583,Rb2NaAlF6,Rb,Rb,Na,Al,F,5.989760122,5.964107888,0.43011016,-3.407216871,6.81379
584,Rb2NaCoF6,Rb,Rb,Na,Co,F,6.050571305,6.057182061,-0.109139133,-2.671736328,0
585,Rb2NaNbF6,Rb,Rb,Na,Nb,F,6.115625129,6.25056686,-2.158871892,-2.982371462,0
586,Rb2NaRhF6,Rb,Rb,Na,Rh,F,6.115625129,6.106557177,0.148495326,-2.622389224,2.102625
587,Rb2NaRuF6,Rb,Rb,Na,Ru,F,6.551202906,6.117244996,7.094008991,-2.616830365,0.001067
588,Rb2NaSbF6,Rb,Rb,Na,Sb,F,6.275431262,6.399147463,-1.933323176,-2.861283335,4.150927
589,Rb2NbAgF6,Rb,Rb,Nb,Ag,F,6.218862719,6.435278197,-3.362954504,-2.568941316,0
590,Rb2NiAgF6,Rb,Rb,Ni,Ag,F,6.10006878,6.053767204,0.764839057,-2.255769112,0
591,Rb2NiPbF6,Rb,Rb,Ni,Pb,F,6.246510594,6.321255966,-1.182444951,-2.525317933,1.407594
592,Rb2NiSnF6,Rb,Rb,Ni,Sn,F,6.134787723,6.250111052,-1.845140479,-2.510256844,0.658206
593,Rb2NiSrCl6,Rb,Rb,Ni,Sr,Cl,7.488190102,7.447180041,0.550679059,-1.876551509,1.046944
594,Rb2PdSnF6,Rb,Rb,Pd,Sn,F,6.296008069,6.409741449,-1.774383271,-2.370023544,0
595,Rb2RhAgF6,Rb,Rb,Rh,Ag,F,6.218862719,6.236035599,-0.275381366,-2.223296944,1.500095
596,Rb2ScAgCl6,Rb,Rb,Sc,Ag,Cl,7.480341217,7.415281157,0.877378195,-1.96125827,3.259164
597,Rb2ScAgF6,Rb,Rb,Sc,Ag,F,6.269774407,6.344879771,-1.18371611,-3.137655109,3.239674
598,Rb2SrPtCl6,Rb,Rb,Sr,Pt,Cl,7.524959655,7.610747488,-1.127193264,-1.718869105,0.558283
599,Rb2TiPtF6,Rb,Rb,Ti,Pt,F,6.498240608,6.397718196,1.571222879,-2.574715043,0.033245
600,Rb2TiZnF6,Rb,Rb,Ti,Zn,F,6.419044649,5.994037578,7.090497273,-2.847953681,0
601,Rb2V_AgF6,Rb,Rb,V,Ag,F,6.210377438,6.228570155,-0.292084966,-2.706321553,0
602,Rb2V_CdF6,Rb,Rb,V,Cd,F,6.812196019,6.167321767,10.4563095,-2.744287665,0.09281
603,Rb2V_CoF6,Rb,Rb,V,Co,F,6.458642629,5.938297143,8.762537028,-2.631804535,0.000647
604,Rb2V_FeF6,Rb,Rb,V,Fe,F,6.472784764,5.958248023,8.635705312,-2.684632738,0.003328
605,Rb2V_NiF6,Rb,Rb,V,Ni,F,6.402074086,5.928082865,7.995691555,-2.625691049,0
606,Rb2V_PtF6,Rb,Rb,V,Pt,F,6.509554317,6.231934355,4.454795994,-2.353924736,0
607,Rb2V_SnF6,Rb,Rb,V,Sn,F,6.841894504,6.33266061,8.041389321,-2.753161828,0.797864
608,Rb2V_SrCl6,Rb,Rb,V,Sr,Cl,8.062360808,7.532170869,7.039005729,-2.070141677,1.245536
609,Rb2V_SrF6,Rb,Rb,V,Sr,F,6.972002152,6.346289476,9.859504177,-3.234933131,0.596835
610,Rb2ZnSrF6,Rb,Rb,Zn,Sr,F,6.262066944,6.320513211,-0.924707615,-3.166607025,5.072615
611,RbBaBeAgF6,Rb,Ba,Be,Ag,F,5.920534368,5.921701352,-0.019706904,-2.970108438,3.086054
612,RbBaCaCuF6,Rb,Ba,Ca,Cu,F,6.184992304,6.22609083,-0.660101613,-3.154591664,0.622178
613,RbBaCuPtF6,Rb,Ba,Cu,Pt,F,6.023771958,6.162669258,-2.253849658,-2.290115866,0.041638
614,RbBaCuSnF6,Rb,Ba,Cu,Sn,F,6.319342593,6.376438801,-0.8954247,-2.629135799,0.897431
615,RbBaCuSrF6,Rb,Ba,Cu,Sr,F,6.443793386,6.406596638,0.580600748,-3.060472695,0.131285
616,RbBaCuZnF6,Rb,Ba,Cu,Zn,F,5.97286027,6.021894489,-0.814265662,-2.756543679,0.243339
617,RbBaLiCaF6,Rb,Ba,Li,Ca,F,5.95306128,6.030462377,-1.283501864,-3.62129547,6.841011
618,RbBaLiCoF6,Rb,Ba,Li,Co,F,5.837095768,5.834532081,0.04393989,-3.025168585,0.001073
619,RbBaLiFeF6,Rb,Ba,Li,Fe,F,5.842752622,5.867033498,-0.413852691,-3.080819584,0
620,RbBaLiMgF6,Rb,Ba,Li,Mg,F,5.808811497,5.810613452,-0.031011442,-3.587800519,7.37823
621,RbBaLiPbF6,Rb,Ba,Li,Pb,F,6.131252189,6.2472571,-1.8568935,-3.073722559,4.165942
622,RbBaLiSrF6,Rb,Ba,Li,Sr,F,6.11569584,6.193440745,-1.255278095,-3.528775123,6.239341
623,RbBaLiV_F6,Rb,Ba,Li,V,F,6.295300962,5.863542609,7.363438484,-3.276510395,1.789115
624,RbBaLiZnF6,Rb,Ba,Li,Zn,F,5.828610487,5.852601336,-0.409917704,-3.211702021,5.570477
625,RbBaMgCuF6,Rb,Ba,Mg,Cu,F,5.941747572,5.970218072,-0.476875378,-3.13148654,1.058914
626,RbBaNaCdF6,Rb,Ba,Na,Cd,F,6.378739562,6.23938038,2.233542011,-3.065643659,4.671324
627,RbBaNaCoF6,Rb,Ba,Na,Co,F,6.044985162,6.014901466,0.500152765,-2.979086074,0.000791
628,RbBaNaCrF6,Rb,Ba,Na,Cr,F,6.081754714,6.079246614,0.041256757,-3.109498471,0
629,RbBaNaCuF6,Rb,Ba,Na,Cu,F,6.005387182,6.014619579,-0.153499268,-2.90324756,0.007208
630,RbBaNaFeF6,Rb,Ba,Na,Fe,F,6.05629887,6.052861739,0.056785222,-3.032920641,0
631,RbBaNaMgF6,Rb,Ba,Na,Mg,F,5.991245046,5.9784544,0.213945698,-3.549495669,6.798233
632,RbBaNiAgF6,Rb,Ba,Ni,Ag,F,6.11993848,6.162505551,-0.690742923,-2.570724694,0.820051
633,RbBaTiCuF6,Rb,Ba,Ti,Cu,F,6.578143675,6.093427136,7.954744156,-2.869401204,0
634,RbBaV_AgF6,Rb,Ba,V,Ag,F,6.863814814,6.246453098,9.883396326,-2.795723837,0.033855
635,RbBaZnAgF6,Rb,Ba,Zn,Ag,F,6.145394325,6.218668373,-1.178291615,-2.736017906,1.880079
636,RbK_AlAgCl6,Rb,K,Al,Ag,Cl,7.090018274,7.200824741,-1.538802443,-1.693783573,2.197086
637,RbK_AlAgF6,Rb,K,Al,Ag,F,6.01663018,6.06877185,-0.859179934,-2.99819762,3.121048
638,RbK_AlAuCl6,Rb,K,Al,Au,Cl,7.027792877,7.208711798,-2.509726094,-1.558732559,0.520821
639,RbK_AsAgCl6,Rb,K,As,Ag,Cl,7.225782776,7.368241826,-1.933419849,-1.370327376,1.217362
640,RbK_AsAgF6,Rb,K,As,Ag,F,6.173607885,6.351272727,-2.797310864,-2.370708328,2.314986
641,RbK_BeBaCl6,Rb,K,Be,Ba,Cl,6.906948328,7.491049187,-7.797317097,-2.002837486,4.5242
642,RbK_BePbCl6,Rb,K,Be,Pb,Cl,6.765526972,7.301154044,-7.336197384,-1.62552427,3.246295
643,RbK_CaCdCl6,Rb,K,Ca,Cd,Cl,7.157264128,7.551525402,-5.220948789,-2.021656765,3.892205
644,RbK_CaFeCl6,Rb,K,Ca,Fe,Cl,7.349597173,7.325533046,0.3284966,-1.901727662,0
645,RbK_CaFeF6,Rb,K,Ca,Fe,F,6.07397654,6.133190338,-0.965464868,-3.074350042,0.001431
646,RbK_CaMnCl6,Rb,K,Ca,Mn,Cl,7.027156481,7.39928651,-5.029269086,-2.044948703,2.485891
647,RbK_CaNiCl6,Rb,K,Ca,Ni,Cl,7.298685485,7.248999848,0.685413685,-1.858096878,1.018337
648,RbK_CaNiF6,Rb,K,Ca,Ni,F,6.01457957,6.058211887,-0.720217744,-3.01803726,1.503225
649,RbK_CaPtF6,Rb,K,Ca,Pt,F,6.107917665,6.317979309,-3.324823234,-2.697992339,1.340827
650,RbK_CaSnF6,Rb,K,Ca,Sn,F,6.406316727,6.531939268,-1.923204363,-3.142042702,4.015938
651,RbK_CaTiF6,Rb,K,Ca,Ti,F,6.710372643,6.17927627,8.594798967,-3.330810611,0
652,RbK_CaV_Cl6,Rb,K,Ca,V,Cl,7.86437091,7.333042621,7.245672996,-2.051379937,1.154706
653,RbK_CaV_F6,Rb,K,Ca,V,F,6.724514778,6.13212721,9.660392678,-3.27047433,0.987072
654,RbK_CaZnF6,Rb,K,Ca,Zn,F,6.040035414,6.10671295,-1.091872773,-3.202289318,5.387046
655,RbK_CdPbF6,Rb,K,Cd,Pb,F,6.631176683,6.594184619,0.560980108,-2.643068485,3.461389
656,RbK_CdSnF6,Rb,K,Cd,Sn,F,6.488341113,6.51626282,-0.428492646,-2.630636367,2.534288
657,RbK_CoAuCl6,Rb,K,Co,Au,Cl,7.04476344,7.027572329,0.24462375,-1.197143024,0
658,RbK_CoNiF6,Rb,K,Co,Ni,F,5.830731807,5.835262139,-0.077637163,-2.3314057,0
659,RbK_CoSrF6,Rb,K,Co,Sr,F,6.267723798,6.276592743,-0.141301903,-2.963718693,0
660,RbK_CoZnF6,Rb,K,Co,Zn,F,5.850530797,5.869564098,-0.324271116,-2.532813541,0.00028
661,RbK_CrAgCl6,Rb,K,Cr,Ag,Cl,7.138101535,7.185312073,-0.657042276,-1.535058643,0.752243
662,RbK_CrCuF6,Rb,K,Cr,Cu,F,5.965718492,5.908799519,0.96329166,-2.636709363,0.479149
663,RbK_CrFeF6,Rb,K,Cr,Fe,F,5.901442485,5.933815273,-0.545564473,-2.576053483,0
664,RbK_CrMnF6,Rb,K,Cr,Mn,F,6.040035414,6.004948113,0.584306481,-2.728430154,0
665,RbK_CrNiF6,Rb,K,Cr,Ni,F,5.856187651,5.878475754,-0.379147655,-2.547929639,0
666,RbK_CrSnCl6,Rb,K,Cr,Sn,Cl,7.418822927,7.461823263,-0.576271167,-1.575036675,0
667,RbK_CuAsF6,Rb,K,Cu,As,F,5.998245403,6.102198932,-1.703542119,-2.358711963,1.047724
668,RbK_CuCdF6,Rb,K,Cu,Cd,F,6.079633394,6.075255561,0.072060063,-2.427535662,0.031682
669,RbK_CuGaF6,Rb,K,Cu,Ga,F,5.938848434,5.955258947,-0.275563383,-2.596261493,0.215881
670,RbK_CuPtF6,Rb,K,Cu,Pt,F,5.861844505,6.022243204,-2.663437752,-2.08289462,0
671,RbK_CuRhF6,Rb,K,Cu,Rh,F,6.006730685,5.934313896,1.220306008,-2.239064107,0.721946
672,RbK_CuRuF6,Rb,K,Cu,Ru,F,6.453622171,5.973600498,8.035717708,-2.206147205,0
673,RbK_CuSnCl6,Rb,K,Cu,Sn,Cl,7.305685842,7.304296223,0.01902468,-1.484716025,0.09074
674,RbK_FeCdCl6,Rb,K,Fe,Cd,Cl,6.848965572,7.238894168,-5.38657683,-1.486916283,0.004687
675,RbK_FeCoF6,Rb,K,Fe,Co,F,5.875986641,5.883242003,-0.123322515,-2.448241043,0.028034
676,RbK_FePbF6,Rb,K,Fe,Pb,F,6.294593855,6.377265877,-1.296355266,-2.569495399,0
677,RbK_FeSrF6,Rb,K,Fe,Sr,F,6.281865933,6.323036304,-0.651117106,-3.027326539,0.004104
678,RbK_FeZnF6,Rb,K,Fe,Zn,F,5.859016078,5.909627776,-0.856427848,-2.599898119,0
679,RbK_LiBiCl6,Rb,K,Li,Bi,Cl,7.395488403,7.483063034,-1.170304601,-1.75731255,3.62264
680,RbK_LiCoF6,Rb,K,Li,Co,F,5.689946847,5.803301472,-1.953278243,-2.674907985,0
681,RbK_LiGaF6,Rb,K,Li,Ga,F,5.689946847,5.809682535,-2.060967829,-3.030476193,6.001537
682,RbK_LiNbF6,Rb,K,Li,Nb,F,5.788941796,5.981117172,-3.213034797,-2.986096318,0.002466
683,RbK_LiRhF6,Rb,K,Li,Rh,F,5.788941796,5.852287872,-1.082415585,-2.622822792,2.022752
684,RbK_LiV_F6,Rb,K,Li,V,F,5.780456515,5.81876569,-0.658372876,-3.113709108,0
685,RbK_MgBaCl6,Rb,K,Mg,Ba,Cl,7.810630794,7.783623993,0.346969497,-2.25154781,4.511807
686,RbK_MgCaCl6,Rb,K,Mg,Ca,Cl,7.375053017,7.377771608,-0.036848403,-2.278173768,4.940131
687,RbK_MgCrF6,Rb,K,Mg,Cr,F,5.842045515,5.879765868,-0.641528147,-3.064040896,0
688,RbK_MgCuF6,Rb,K,Mg,Cu,F,5.785476973,5.815373473,-0.514094239,-2.833351733,0
689,RbK_MgMnF6,Rb,K,Mg,Mn,F,5.946697319,5.899957543,0.792205294,-3.138879424,3.019434
690,RbK_MgPbCl6,Rb,K,Mg,Pb,Cl,7.587185051,7.585712199,0.019416133,-1.872157716,3.831029
691,RbK_MgPbF6,Rb,K,Mg,Pb,F,6.204084187,6.290271497,-1.370168363,-3.075352128,5.084225
692,RbK_MgSnCl6,Rb,K,Mg,Sn,Cl,7.407509218,7.523804497,-1.545697779,-1.840578738,3.092421
693,RbK_MgSnF6,Rb,K,Mg,Sn,F,6.083876035,6.225098033,-2.268590748,-3.055583803,4.178219
694,RbK_MgSrCl6,Rb,K,Mg,Sr,Cl,7.561729207,7.56327469,-0.020434046,-2.275319567,4.727707
695,RbK_MgSrF6,Rb,K,Mg,Sr,F,6.191356265,6.229809262,-0.617241963,-3.540004141,6.219469
696,RbK_MnAgF6,Rb,K,Mn,Ag,F,6.131181478,6.150291403,-0.310715765,-2.552400529,0
697,RbK_MnCdF6,Rb,K,Mn,Cd,F,6.314392845,6.18059364,2.16482773,-2.713290272,1.015508
698,RbK_MnFeCl6,Rb,K,Mn,Fe,Cl,6.764112758,7.101712508,-4.753779453,-1.502166336,0
699,RbK_MnNiF6,Rb,K,Mn,Ni,F,5.963667882,5.918501432,0.763139969,-2.564533253,0.060713
700,RbK_MnPbF6,Rb,K,Mn,Pb,F,6.475613191,6.429059162,0.724118846,-2.727791868,2.102277
701,RbK_MoAuCl6,Rb,K,Mo,Au,Cl,7.214469067,7.320213323,-1.444551563,-1.305865643,0.125914
702,RbK_NaAuF6,Rb,K,Na,Au,F,6.254218058,6.226939135,0.438079166,-2.27338777,0.001674
703,RbK_NaCrCl6,Rb,K,Na,Cr,Cl,7.200326931,7.238585619,-0.52853817,-1.830250073,1.286008
704,RbK_NaRhCl6,Rb,K,Na,Rh,Cl,7.200326931,7.237745263,-0.516988795,-1.620489019,1.419554
705,RbK_NaRhF6,Rb,K,Na,Rh,F,6.064713441,6.058414462,0.103970751,-2.618671367,2.123017
706,RbK_NaRuCl6,Rb,K,Na,Ru,Cl,7.403973684,7.240642145,2.255760411,-1.572614672,0.007571
707,RbK_NaSbCl6,Rb,K,Na,Sb,Cl,7.536909759,7.643920354,-1.399943878,-1.729456797,3.097996
708,RbK_NaV_Cl6,Rb,K,Na,V,Cl,7.330434579,7.261416533,0.950476339,-1.871788595,0.005078
709,RbK_NbAgCl6,Rb,K,Nb,Ag,Cl,7.27103761,7.384934879,-1.542292124,-1.523524204,0.00939
710,RbK_NbAgF6,Rb,K,Nb,Ag,F,6.184921594,6.410085312,-3.512647758,-2.554144111,0
711,RbK_NiBaCl6,Rb,K,Ni,Ba,Cl,7.725777981,7.634072816,1.201261335,-1.83954053,1.089339
712,RbK_NiBaF6,Rb,K,Ni,Ba,F,6.42752993,6.458185915,-0.474684151,-2.905386361,1.524543
713,RbK_NiCuF6,Rb,K,Ni,Cu,F,5.796790681,5.798432185,-0.028309446,-2.334472356,0
714,RbK_NiPbCl6,Rb,K,Ni,Pb,Cl,7.505160665,7.426978842,1.052673296,-1.47108082,0.146111
715,RbK_NiSnCl6,Rb,K,Ni,Sn,Cl,7.331141686,7.327374404,0.051413805,-1.451422751,0
716,RbK_NiSrCl6,Rb,K,Ni,Sr,Cl,7.479704821,7.426306919,0.719037101,-1.858466186,1.041189
717,RbK_NiZnF6,Rb,K,Ni,Zn,F,5.816589671,5.840333124,-0.406542786,-2.537780966,1.045644
718,RbK_PdCdF6,Rb,K,Pd,Cd,F,6.249339021,6.241582159,0.124277175,-2.289820354,0.011569
719,RbK_PdPbCl6,Rb,K,Pd,Pb,Cl,7.547587072,7.504068528,0.579932657,-1.423507363,0.037402
720,RbK_PdPtF6,Rb,K,Pd,Pt,F,5.997609007,6.186190904,-3.048433195,-1.972956046,0.008392
721,RbK_PdSnCl6,Rb,K,Pd,Sn,Cl,7.367911239,7.380426888,-0.169578931,-1.434415319,0.039191
722,RbK_PtPbCl6,Rb,K,Pt,Pb,Cl,7.547587072,7.521520383,0.346561435,-1.34079976,0
723,RbK_PtPbF6,Rb,K,Pt,Pb,F,6.331363408,6.559909701,-3.483985351,-2.201125436,0.504625
724,RbK_RhAuCl6,Rb,K,Rh,Au,Cl,7.070219284,7.137418041,-0.941499526,-1.222795799,0.166715
725,RbK_RuAgCl6,Rb,K,Ru,Ag,Cl,7.330434579,7.186219332,2.006830579,-1.275365508,0.006585
726,RbK_RuAgF6,Rb,K,Ru,Ag,F,6.711009039,6.241156567,7.528291703,-2.198667327,0
727,RbK_ScAgF6,Rb,K,Sc,Ag,F,6.241490136,6.316161166,-1.182221733,-3.125567498,3.127474
728,RbK_TiAgF6,Rb,K,Ti,Ag,F,6.200477943,6.248957528,-0.77580276,-2.861744331,0
729,RbK_TiCuF6,Rb,K,Ti,Cu,F,6.019458607,6.011153058,0.138168982,-2.844684641,0
730,RbK_TiFeF6,Rb,K,Ti,Fe,F,6.450157347,5.957854258,8.263093854,-2.80294504,0.004746
731,RbK_TiNiF6,Rb,K,Ti,Ni,F,6.376618242,5.958927833,7.009489303,-2.762357753,0
732,RbK_TiPtF6,Rb,K,Ti,Pt,F,6.489755327,6.3605977,2.030589468,-2.560313956,0.005311
733,RbK_TiSnF6,Rb,K,Ti,Sn,F,6.827752368,6.367368022,7.230371237,-2.813594295,0
734,RbK_V_AgCl6,Rb,K,V,Ag,Cl,7.259723901,7.225702384,0.470840275,-1.570826444,0.00453
735,RbK_V_CdCl6,Rb,K,V,Cd,Cl,7.239288515,7.256648677,-0.239231121,-1.62517244,0.054921
736,RbK_V_MnCl6,Rb,K,V,Mn,Cl,7.103524013,7.106168439,-0.037213106,-1.654098109,0.496065
737,RbK_V_MnF6,Rb,K,V,Mn,F,6.6538041,5.975483471,11.35172798,-2.832163141,1.182858
738,RbK_V_PbCl6,Rb,K,V,Pb,Cl,8.09064508,7.532157833,7.414704516,-1.649149621,0.756549
739,RbK_V_PtF6,Rb,K,V,Pt,F,6.503897463,6.174909697,5.327815015,-2.354320752,0
740,RbK_V_SrF6,Rb,K,V,Sr,F,6.972002152,6.322904843,10.2658086,-3.224031931,0.406524
741,RbK_ZnPbF6,Rb,K,Zn,Pb,F,6.257824303,6.351372031,-1.472874326,-2.697061981,3.860069
742,RbK_ZnPdF6,Rb,K,Zn,Pd,F,5.938212038,6.013305189,-1.2487833,-2.344556222,0.00432
743,Cs2TiCuF6,Cs,Cs,Ti,Cu,F,6.310786601,6.217359954,1.502673927,-2.828696248,0
744,RbK_LiAuCl6,Rb,K,Li,Au,Cl,7.056077148,7.178169666,-1.700886489,-1.397153668,0.021811
745,Rb2CaSnF6,Rb,Rb,Ca,Sn,F,6.417630435,6.554136104,-2.082740835,-3.156462029,4.143227
746,CsK_MoAgCl6,Cs,K,Mo,Ag,Cl,7.344576715,7.363546588,-0.2576187,-1.45408379,0.843306
747,CsK_BeSnCl6,Cs,K,Be,Sn,Cl,6.823439017,7.283302287,-6.313939088,-1.609499939,2.538137
748,RbBaLiSnF6,Rb,Ba,Li,Sn,F,6.01670089,6.189290674,-2.788522839,-3.076016663,3.307288
749,Cs2PdCdF6,Cs,Cs,Pd,Cd,F,6.365304534,6.357275422,0.126298005,-2.302590086,0.015174
750,CsRbZnSnBr6,Cs,Rb,Zn,Sn,Br,7.697493709,7.927377328,-2.899869774,-1.370234008,1.238438
751,K_BaNaPdF6,K,Ba,Na,Pd,F,6.15529382,6.124891076,0.496380158,-2.729275121,0.000839
752,CsRbSrPtCl6,Cs,Rb,Sr,Pt,Cl,7.541930217,7.63968565,-1.279574023,-1.742094482,0.568938
753,CsRbCoZnF6,Cs,Rb,Co,Zn,F,6.025893279,5.984944097,0.68420325,-2.493796516,0
754,Cs2CaBaF6,Cs,Cs,Ca,Ba,F,6.786740175,6.849747233,-0.919845008,-3.615509325,6.123764
755,RbK_CaCuCl6,Rb,K,Ca,Cu,Cl,7.273229641,7.289134601,-0.218200937,-1.810952237,0
756,CsBaTiAgF6,Cs,Ba,Ti,Ag,F,6.85815796,6.544627172,4.790659265,-2.881106457,0
757,Rb2AsAuCl6,Rb,Rb,As,Au,Cl,7.183356369,7.374997395,-2.598523304,-1.280114891,0.088037
758,CsRbAsAgF6,Cs,Rb,As,Ag,F,6.295230252,6.436679903,-2.197556087,-2.390300513,2.42653
759,Cs2PdSnCl6,Cs,Cs,Pd,Sn,Cl,7.43579349,7.468692141,-0.440487442,-1.48926557,0.056379
760,RbBaCuAgF6,Rb,Ba,Cu,Ag,F,6.117110053,6.159295805,-0.684911934,-2.524063755,0.041902
761,RbK_SrPdCl6,Rb,K,Sr,Pd,Cl,7.5193028,7.555661777,-0.481214989,-1.760689094,0
762,RbK_CaPdCl6,Rb,K,Ca,Pd,Cl,7.335455037,7.379252243,-0.593518212,-1.760613364,0
763,CsK_CuBiCl6,Cs,K,Cu,Bi,Cl,7.157900525,7.457153265,-4.012962177,-1.482071795,0.926676
764,RbK_MnAuCl6,Rb,K,Mn,Au,Cl,7.129616253,7.189511633,-0.83309386,-1.405741057,0.020372
765,Cs2CrCoF6,Cs,Cs,Cr,Co,F,6.133373509,6.078905098,0.896023381,-2.499257343,0
766,CsRbNaCuCl6,Cs,Rb,Na,Cu,Cl,7.285179745,7.325934774,-0.556311655,-1.494536868,0
767,Cs2AsAgF6,Cs,Cs,As,Ag,F,6.36594093,6.491323802,-1.931545488,-2.40024284,2.47572
768,Cs2NiPbBr6,Cs,Cs,Ni,Pb,Br,7.92801052,7.908172123,0.250859449,-1.272439177,0.097969
769,Rb2MgTiF6,Rb,Rb,Mg,Ti,F,6.368132961,5.93536914,7.291270531,-3.22904567,0
770,Cs2CuRbCl6,Cs,Cs,Cu,Rb,Cl,7.859350452,7.766331275,1.197723529,-1.50765473,0
771,CsRbCuPbBr6,Cs,Rb,Cu,Pb,Br,7.659309943,7.866489435,-2.633696946,-1.263014481,0.099883
772,K_2AgSbF6,K,K,Ag,Sb,F,6.375840425,6.516378527,-2.156690275,-2.435090769,2.08354
773,RbK_TiZnF6,Rb,K,Ti,Zn,F,6.410559368,5.959914564,7.561262819,-2.852503624,0
774,Cs2CuBaF6,Cs,Cs,Cu,Ba,F,6.492583754,6.580858225,-1.341382354,-2.863492775,0.007741
775,CsK_CaNiCl6,Cs,K,Ca,Ni,Cl,7.329798183,7.295100463,0.475630462,-1.870277592,1.028298
776,Cs2GaAgBr6,Cs,Cs,Ga,Ag,Br,7.627631559,7.764891683,-1.767701722,-1.284157426,0.006852
777,RbK_AsCsF6,Rb,K,As,Cs,F,6.863744104,6.862887219,0.01248578,-2.662283619,3.603417
778,Cs2PdCdBr6,Cs,Cs,Pd,Cd,Br,7.335455037,7.753118756,-5.387041424,-1.236419415,0
779,CsRbCoPbF6,Cs,Rb,Co,Pb,F,6.345505544,6.402132426,-0.884500323,-2.519983985,0.003048
780,RbBaLiTiF6,Rb,Ba,Li,Ti,F,6.281158827,5.898529557,6.486858569,-3.330153575,0
781,Cs2CaBaCl6,Cs,Cs,Ca,Ba,Cl,8.2179243,8.12933034,1.089806371,-2.494050733,4.927563
782,Rb2TiBaF6,Rb,Rb,Ti,Ba,F,7.196862108,6.607014478,8.927597056,-3.239590297,0
783,Cs2CdPtCl6,Cs,Cs,Cd,Pt,Cl,7.055440752,7.385848208,-4.473520802,-1.377490468,0
784,Rb2K_CoF6,Rb,Rb,K,Co,F,6.317857669,6.350235432,-0.509867128,-2.641692181,0.000738
785,CsK_TiCrCl6,Cs,K,Ti,Cr,Cl,7.343940319,7.202761986,1.960058284,-1.698720902,0
786,Rb2TiCdCl6,Rb,Rb,Ti,Cd,Cl,7.114837722,7.373295085,-3.505316958,-1.709652569,0
787,Cs2TiSnBr6,Cs,Cs,Ti,Sn,Br,8.133071487,8.005491702,1.593653329,-1.462336486,0.001155
788,K_2CoZnF6,K,K,Co,Zn,F,5.776991692,5.826508343,-0.849851199,-2.544015931,0.000113
789,Cs2NaScCl6,Cs,Cs,Na,Sc,Cl,7.599135156,7.54842834,0.671753294,-2.307638619,3.911737
790,CsRbK_NbF6,Cs,Rb,K,Nb,F,6.470592733,6.623607879,-2.310148016,-2.965078421,0
791,RbK_MnPbCl6,Rb,K,Mn,Pb,Cl,7.208175817,7.593083584,-5.069189121,-1.64863436,1.796338
792,Rb2CuPbCl6,Rb,Rb,Cu,Pb,Cl,7.488190102,7.430569596,0.775452073,-1.486486316,0.105005
793,Cs2MgCrF6,Cs,Cs,Mg,Cr,F,6.105089238,6.070954075,0.562270157,-3.004673735,0.000816
794,Rb2MgPtF6,Rb,Rb,Mg,Pt,F,5.909927766,6.056081618,-2.413340196,-2.607468215,1.124515
795,CsRbNiCdCl6,Cs,Rb,Ni,Cd,Cl,6.970587938,7.233963796,-3.640823557,-1.466089597,0.247796
796,K_2CuBiF6,K,K,Cu,Bi,F,6.26694598,6.33527073,-1.078481929,-2.433841889,0.840666
797,CsK_NaCuF6,Cs,K,Na,Cu,F,6.053399732,6.098892393,-0.745916768,-2.464418726,0.001344
798,Rb2MgSnF6,Rb,Rb,Mg,Sn,F,6.114988733,6.256638609,-2.263993253,-3.061623232,4.280887
799,Cs2MgTiF6,Cs,Cs,Mg,Ti,F,6.436015212,6.078972933,5.873398071,-3.180298733,0
800,Cs2V_AgBr6,Cs,Cs,V,Ag,Br,7.723798082,7.729191909,-0.069785135,-1.329547876,0
801,RbK_MgPdF6,Rb,K,Mg,Pd,F,5.898614058,5.969056974,-1.180134757,-2.695970946,0
802,CsRbBeSrF6,Cs,Rb,Be,Sr,F,6.096603957,6.069687592,0.443455525,-3.316973868,6.763385
803,CsRbNiPbF6,Cs,Rb,Ni,Pb,F,6.30025071,6.369667866,-1.089808095,-2.527703394,1.40877
804,Cs2NaBiF6,Cs,Cs,Na,Bi,F,6.491805937,6.602657069,-1.678886709,-2.895711977,5.042322
805,CsRbMnAuCl6,Cs,Rb,Mn,Au,Cl,7.239924911,7.254865813,-0.205943189,-1.432274653,0.01751
806,CsRbTiAuCl6,Cs,Rb,Ti,Au,Cl,7.302150308,7.363965626,-0.839429747,-1.615127216,0
807,CsRbV_FeCl6,Cs,Rb,V,Fe,Cl,7.468391112,7.104242005,5.125798174,-1.528318153,0
808,CsRbZnPbF6,Cs,Rb,Zn,Pb,F,6.322878127,6.421349214,-1.533495278,-2.712698235,4.03612
809,K_2MnPbF6,K,K,Mn,Pb,F,6.46712791,6.405571853,0.960976762,-2.715511547,1.99404
810,Cs2AuBiCl6,Cs,Cs,Au,Bi,Cl,7.587821448,7.727340845,-1.805529221,-1.430309623,0.773656
811,CsRbAlK_F6,Cs,Rb,Al,K,F,6.307958174,6.309575879,-0.025638887,-3.390624627,6.556534
812,RbK_FeSrCl6,Rb,K,Fe,Sr,Cl,7.533444936,7.509859892,0.314054381,-1.898513347,0.001986
813,Rb2FeCuF6,Rb,Rb,Fe,Cu,F,5.901442485,5.977304045,-1.269160134,-2.455808601,0.038816
814,RbK_TiCrCl6,Rb,K,Ti,Cr,Cl,7.31282762,7.156010453,2.191404946,-1.68929668,0
815,CsRbCaTiF6,Cs,Rb,Ca,Ti,F,6.727343206,6.260670969,7.454029118,-3.333457527,0
816,CsRbScAgCl6,Cs,Rb,Sc,Ag,Cl,7.508625488,7.456579681,0.697984991,-1.980315835,3.29237
817,RbK_ZnSrCl6,Rb,K,Zn,Sr,Cl,7.465562685,7.522195712,-0.752878935,-2.015709395,4.08435
818,CsK_MgCaCl6,Cs,K,Mg,Ca,Cl,7.400508861,7.418463315,-0.242023897,-2.294727353,4.998294
819,Rb2CaTiF6,Rb,Rb,Ca,Ti,F,6.71320107,6.207344861,8.149316984,-3.336780812,0
820,Rb2CuCsF6,Rb,Rb,Cu,Cs,F,6.691210049,6.609826587,1.231249579,-2.404198833,0
821,CsBaLiMgF6,Cs,Ba,Li,Mg,F,5.916291728,5.91911679,-0.047727762,-3.545098485,7.06412
822,CsK_TiMnF6,Cs,K,Ti,Mn,F,6.6538041,6.07969013,9.443145255,-2.888833944,0
823,CsK_TiAgCl6,Cs,K,Ti,Ag,Cl,7.344576715,7.335713773,0.120819081,-1.729446626,0
824,CsRbNaBiBr6,Cs,Rb,Na,Bi,Br,8.137950523,8.206198185,-0.831659929,-1.545368098,3.083657
825,K_BaLiMnF6,K,Ba,Li,Mn,F,5.842752622,5.857209938,-0.246829397,-3.234263802,2.637835
826,K_BaCaCuF6,K,Ba,Ca,Cu,F,6.151051179,6.194943007,-0.708510602,-3.148261228,0.483415
827,CsK_AgInCl6,Cs,K,Ag,In,Cl,7.406802112,7.480152377,-0.98059854,-1.544357769,0.992968
828,CsK_SrSnF6,Cs,K,Sr,Sn,F,6.659460955,6.767406668,-1.595082404,-3.115018759,3.829506
829,Cs2CdPbF6,Cs,Cs,Cd,Pb,F,6.667946236,6.680783196,-0.192147532,-2.690496665,3.67207
830,K_2V_NiF6,K,K,V,Ni,F,6.379446669,5.841406672,9.210795057,-2.644084769,0
831,RbK_TiSrCl6,Rb,K,Ti,Sr,Cl,7.878513045,7.569001052,4.089205311,-2.110228809,0.019902
832,Cs2MgMnF6,Cs,Cs,Mg,Mn,F,6.170143062,6.089873554,1.318081686,-3.084026804,3.177334
833,Rb2CoPtF6,Rb,Rb,Co,Pt,F,5.9551826,6.063247339,-1.782291451,-2.074915786,0
834,K_2CuPbF6,K,K,Cu,Pb,F,6.204084187,6.270519331,-1.05948392,-2.456058811,0
835,CsK_MnZnCl6,Cs,K,Mn,Zn,Cl,6.863107708,7.154374328,-4.071168304,-1.632345631,1.192986
836,CsK_BaPtCl6,Cs,K,Ba,Pt,Cl,7.773861242,7.828269717,-0.695025554,-1.708470157,0.578726
837,CsRbNiPtF6,Cs,Rb,Ni,Pt,F,6.037206987,6.090513815,-0.875243528,-2.071907091,0.796036
838,CsRbCdPtF6,Cs,Rb,Cd,Pt,F,6.263481157,6.380129915,-1.828313209,-2.189959079,0.395812
839,CsBaNaMnF6,Cs,Ba,Na,Mn,F,6.274087759,6.171321598,1.665221288,-3.164491664,2.474511
840,RbK_SrPdF6,Rb,K,Sr,Pd,F,6.395003018,6.446858831,-0.804357818,-2.735959623,0
841,CsK_ZnCdF6,Cs,K,Zn,Cd,F,6.184285198,6.163795263,0.332424004,-2.66709407,3.301163
842,CsK_V_SnF6,Cs,K,V,Sn,F,6.847551358,6.356770791,7.720595616,-2.744407904,0.773259
843,Cs2K_AuF6,Cs,Cs,K,Au,F,6.69969533,6.675878327,0.356762089,-2.28161475,0
844,Rb2FeSnF6,Rb,Rb,Fe,Sn,F,6.191356265,6.334025548,-2.252426706,-2.56243012,0
845,RbK_MgBaF6,Rb,K,Mg,Ba,F,6.404902513,6.446404976,-0.643807877,-3.469695882,5.80621
846,Cs2V_SrCl6,Cs,Cs,V,Sr,Cl,8.065189236,7.596647096,6.167749194,-2.113788221,1.14492
847,Rb2FeSnCl6,Rb,Rb,Fe,Sn,Cl,7.393367083,7.468036758,-0.999856822,-1.497456546,0
848,RbK_ZnCdF6,Rb,K,Zn,Cd,F,6.107917665,6.104635583,0.053763766,-2.678440878,3.258805
849,K_BaLiCrF6,K,Ba,Li,Cr,F,5.760728236,5.837934857,-1.322498844,-3.168416895,0
850,CsRbAlK_Br6,Cs,Rb,Al,K,Br,8.046026642,8.051669273,-0.070080263,-1.698903191,3.132074
851,Rb2V_MnF6,Rb,Rb,V,Mn,F,6.656632527,6.019412495,10.58608348,-2.824236899,0.832278
852,Cs2BePbF6,Cs,Cs,Be,Pb,F,6.174385703,6.179973506,-0.090417912,-2.849220792,5.006022
853,Rb2NaInCl6,Rb,Rb,Na,In,Cl,7.454885373,7.51067026,-0.742741794,-1.840139652,3.010278
854,CsRbBePbCl6,Cs,Rb,Be,Pb,Cl,6.904119901,7.364009716,-6.245100601,-1.65810035,3.235321
855,CsRbMnZnF6,Cs,Rb,Mn,Zn,F,6.122059801,6.062960536,0.97475919,-2.735038521,2.061474
856,CsK_MnFeF6,Cs,K,Mn,Fe,F,6.113574519,6.054325502,0.97862292,-2.608458892,0.006367
857,Cs2MnPbI6,Cs,Cs,Mn,Pb,I,7.816287649,8.641527978,-9.549703838,-1.033881636,1.167914
858,CsBaLiNiF6,Cs,Ba,Li,Ni,F,5.927605436,5.917539375,0.170105518,-2.997613574,1.457758
859,CsRbV_CdCl6,Cs,Rb,V,Cd,Cl,7.29302863,7.317772688,-0.338136467,-1.654297033,0.038895
860,Cs2AgInBr6,Cs,Cs,Ag,In,Br,7.896332136,7.928477845,-0.40544616,-1.331365016,0.215855
861,CsK_AsAgF6,Cs,K,As,Ag,F,6.269774407,6.408745036,-2.168453078,-2.376629964,2.389651
862,RbK_CoCdF6,Rb,K,Co,Cd,F,6.130545082,6.088794931,0.685688243,-2.485328122,0
863,RbK_NaTiF6,Rb,K,Na,Ti,F,6.077441363,6.069231129,0.135276344,-3.274902869,0.00031
864,CsK_AsAuCl6,Cs,K,As,Au,Cl,7.225782776,7.392816334,-2.259403595,-1.279555739,0.102606
865,Rb2SnPtF6,Rb,Rb,Sn,Pt,F,6.225297391,6.4916876,-4.103558665,-2.211209591,0.029344
866,CsRbMgCdF6,Cs,Rb,Mg,Cd,F,6.172971489,6.141689262,0.509342392,-3.046954993,4.836785
867,Cs2PtPbBr6,Cs,Cs,Pt,Pb,Br,7.92801052,7.965943441,-0.476188681,-1.199813136,0
868,K_2PdPbF6,K,K,Pd,Pb,F,6.399245659,6.448749976,-0.767657564,-2.302951818,0
869,RbK_PdBaF6,Rb,K,Pd,Ba,F,6.622691402,6.665472796,-0.64183585,-2.672025876,0
870,Cs2CuBiF6,Cs,Cs,Cu,Bi,F,6.439480035,6.501100264,-0.94784308,-2.471491128,1.171735
871,RbK_NaGaF6,Rb,K,Na,Ga,F,5.985517481,5.999781076,-0.237735258,-3.032531131,5.882725
872,CsK_CuBiBr6,Cs,K,Cu,Bi,Br,7.408216325,7.85923277,-5.738682874,-1.236406792,0.740773
873,CsK_MgTiCl6,Cs,K,Mg,Ti,Cl,7.33262661,7.188810439,2.000555895,-1.951451269,0.006465
874,Cs2CaCdCl6,Cs,Cs,Ca,Cd,Cl,7.261915932,7.63173084,-4.845754073,-2.086873301,3.770915
875,Cs2ScRbF6,Cs,Cs,Sc,Rb,F,6.736464883,6.733833423,0.039078187,-3.521647634,6.526582
876,Cs2K_AsCl6,Cs,Cs,K,As,Cl,7.792882414,7.848910218,-0.713829085,-1.719065113,3.448708
877,CsRbMgPbCl6,Cs,Rb,Mg,Pb,Cl,7.604155614,7.632734121,-0.374420313,-1.916067194,3.818644
878,CsRbV_CdF6,Cs,Rb,V,Cd,F,6.820681301,6.219164597,9.671985596,-2.737441506,0.079017
879,CsK_MnBaCl6,Cs,K,Mn,Ba,Cl,7.43162156,7.830316969,-5.091689271,-2.045397926,2.434529
880,Cs2NaInF6,Cs,Cs,Na,In,F,6.347556153,6.408995866,-0.958648036,-2.968507504,5.284675
881,CsK_RbMoF6,Cs,K,Rb,Mo,F,6.70273589,6.687069504,0.234278797,-2.825003636,1.510438
882,Cs2K_AuCl6,Cs,Cs,K,Au,Cl,7.80702455,7.821542753,-0.185618151,-1.454454028,0.009724
883,CsRbLiBiF6,Cs,Rb,Li,Bi,F,6.182093167,6.332818506,-2.380067246,-2.875089526,4.975511
884,CsK_NaRuCl6,Cs,K,Na,Ru,Cl,7.440743237,7.304446319,1.86594455,-1.585581279,0.003965
885,RbK_ZnSrF6,Rb,K,Zn,Sr,F,6.242267954,6.294857584,-0.835437963,-3.156668692,4.953028
886,Cs2V_CdF6,Cs,Cs,V,Cd,F,6.829166582,6.26665799,8.976213364,-2.734082753,0.033871
887,CsK_RbInF6,Cs,K,Rb,In,F,6.764749154,6.750176106,0.215891375,-2.902022354,5.159668
888,K_BaLiCuF6,K,Ba,Li,Cu,F,5.718301829,5.776094602,-1.000551012,-2.96849193,0
889,Cs2SrPdI6,Cs,Cs,Sr,Pd,I,8.495110158,8.605653509,-1.284543363,-1.207142335,0.042659
890,RbBaNaPdF6,Rb,Ba,Na,Pd,F,6.166607528,6.159694941,0.112222879,-2.733132697,0.000751
891,CsRbTiCrF6,Cs,Rb,Ti,Cr,F,6.509554317,6.165924752,5.57304182,-2.839918869,0
892,Cs2NaAuF6,Cs,Cs,Na,Au,F,6.415438404,6.411349111,0.063782098,-2.292137822,0.000984
893,CsK_PdPbF6,Cs,K,Pd,Pb,F,6.444500493,6.509830621,-1.003561103,-2.326736891,0
894,CsRbCuRhF6,Cs,Rb,Cu,Rh,F,6.145323614,6.050186922,1.572458723,-2.215554243,0.67622
895,CsK_MgTiF6,Cs,K,Mg,Ti,F,6.390760378,5.974947419,6.959273946,-3.204898377,0.00065
896,CsBaBeRbF6,Cs,Ba,Be,Rb,F,6.324999447,6.197216493,2.061941101,-3.228605151,6.171198
897,Cs2NaBiBr6,Cs,Cs,Na,Bi,Br,8.146435805,8.236355267,-1.091738507,-1.575074863,3.076348
898,RbK_NaCuF6,Rb,K,Na,Cu,F,5.954404783,5.98903311,-0.578195618,-2.481419856,0
899,CsK_V_MnCl6,Cs,K,V,Mn,Cl,7.154435701,7.154963435,-0.007375775,-1.660866993,0.51047
900,Rb2ZnSnCl6,Rb,Rb,Zn,Sn,Cl,7.331141686,7.485662336,-2.064221482,-1.614211582,1.802159
901,CsRbPdCdCl6,Cs,Rb,Pd,Cd,Cl,6.987558501,7.32513947,-4.608526164,-1.434156548,0.043476
902,CsK_CuZnF6,Cs,K,Cu,Zn,F,5.960839455,5.94088199,0.335934379,-2.441862804,0
903,RbK_FeAgCl6,Rb,K,Fe,Ag,Cl,7.149415243,7.231745238,-1.138452646,-1.382484648,0
904,RbK_BePbF6,Rb,K,Be,Pb,F,5.979224231,6.020294666,-0.682199747,-2.873133651,5.033058
905,K_2RhAgF6,K,K,Rh,Ag,F,6.148152041,6.17128459,-0.374841715,-2.205904565,1.531457
906,Ba2LiNaF6,Ba,Ba,Li,Na,F,5.87591593,5.868134105,0.132611574,-3.619652042,6.316686
907,CsRbNaGaCl6,Cs,Rb,Na,Ga,Cl,7.279522891,7.38887025,-1.479892802,-1.831193597,2.695073
908,CsK_V_PbF6,Cs,K,V,Pb,F,6.993215355,6.422157237,8.891998388,-2.767210523,0.66803
909,CsK_CaPbF6,Cs,K,Ca,Pb,F,6.568951287,6.642818706,-1.111989086,-3.173929024,4.992087
910,CsRbK_V_Br6,Cs,Rb,K,V,Br,8.204630693,8.064673884,1.735430484,-1.595105526,0.007112
911,Rb2RuAgF6,Rb,Rb,Ru,Ag,F,6.713837466,6.271168879,7.058789128,-2.208827708,0
912,Rb2MnSrF6,Rb,Rb,Mn,Sr,F,6.471370551,6.40195665,1.084260716,-3.195526661,2.239471
913,RbK_CoCdCl6,Rb,K,Co,Cd,Cl,6.827752368,7.191408357,-5.056811836,-1.429400592,0.003539
914,CsK_CrSrF6,Cs,K,Cr,Sr,F,6.349748184,6.398207947,-0.757395874,-3.114009616,0.010728
915,CsK_NaBiF6,Cs,K,Na,Bi,F,6.42958054,6.513201801,-1.283873332,-2.867566935,4.965864
916,RbK_V_CdF6,Rb,K,V,Cd,F,6.812196019,6.140087125,10.9462436,-2.74007518,0.012329
917,Cs2TiRbCl6,Cs,Cs,Ti,Rb,Cl,8.051683496,7.880787234,2.168517648,-2.069190205,0.005872
918,CsRbCdBaCl6,Cs,Rb,Cd,Ba,Cl,7.581528197,7.996988946,-5.195214747,-2.051475538,4.135748
919,Cs2NaInCl6,Cs,Cs,Na,In,Cl,7.511453915,7.606795146,-1.253369246,-1.883477096,2.957278
920,K_2NaScF6,K,K,Na,Sc,F,6.061885014,6.082529058,-0.33939902,-3.533650087,6.759307
921,K_2CuSnF6,K,K,Cu,Sn,F,6.069733899,6.175478477,-1.71233012,-2.487100202,0.155076
922,CsK_LiCuF6,Cs,K,Li,Cu,F,5.763485952,5.935904737,-2.904675743,-2.448536276,0
923,RbK_CoAgF6,Rb,K,Co,Ag,F,6.088755071,6.107826923,-0.312252659,-2.279115921,0
924,Rb2MnZnF6,Rb,Rb,Mn,Zn,F,6.028721706,5.993183102,0.592983785,-2.756867945,1.912413
925,CsK_CaV_F6,Cs,K,Ca,V,F,6.735828487,6.191179447,8.797177414,-3.261297757,1.299778
926,CsRbNaCrF6,Cs,Rb,Na,Cr,F,6.15946575,6.149796992,0.157220767,-3.040765906,1.901051
927,CsRbK_CoF6,Cs,Rb,K,Co,F,6.377254638,6.414843061,-0.585960134,-2.651438647,0.002482
928,CsRbAgInBr6,Cs,Rb,Ag,In,Br,7.870876292,7.897326136,-0.334921511,-1.306878532,0.196481
929,Rb2CoBaF6,Rb,Rb,Co,Ba,F,6.495412181,6.51344757,-0.276894668,-2.909957097,0
930,Rb2K_InF6,Rb,Rb,K,In,F,6.529989703,6.574124863,-0.671346543,-2.930558803,5.304043
931,RbK_MnZnF6,Rb,K,Mn,Zn,F,5.986295299,5.956377965,0.502273935,-2.760920704,1.826027
932,CsK_PdBaF6,Cs,K,Pd,Ba,F,6.639661965,6.696120656,-0.843155222,-2.69152874,0
933,CsK_CaCrCl6,Cs,K,Ca,Cr,Cl,7.414650997,7.401397182,0.179071798,-1.992568212,0
934,RbK_CuZnF6,Rb,K,Cu,Zn,F,5.813761244,5.858419887,-0.762298433,-2.47758354,0
935,RbK_AgAuCl6,Rb,K,Ag,Au,Cl,7.237096484,7.269355763,-0.443770811,-1.204759678,0.02315
936,Cs2NaRhF6,Cs,Cs,Na,Rh,F,6.245732777,6.282408252,-0.583780511,-2.614898033,2.042375
937,CsRbK_V_Cl6,Cs,Rb,K,V,Cl,7.82682354,7.639295971,2.454775541,-1.908200077,0.007205
938,Cs2SrPtBr6,Cs,Cs,Sr,Pt,Br,7.99165013,8.067227697,-0.936846831,-1.511810113,0.290283
939,CsRbK_SbF6,Cs,Rb,K,Sb,F,6.669996846,6.775185684,-1.552560224,-2.849009405,4.147917
940,CsBaMnCuF6,Cs,Ba,Mn,Cu,F,6.21893343,6.14814981,1.151299532,-2.755748035,0.477584
941,K_BaNaV_F6,K,Ba,Na,V,F,6.729464526,6.013285297,11.90994928,-3.23374482,0.867404
942,CsRbCuBiBr6,Cs,Rb,Cu,Bi,Br,7.416701607,7.8760504,-5.83222262,-1.257195287,0.742568
943,Cs2FeAuCl6,Cs,Cs,Fe,Au,Cl,7.276694464,7.312861189,-0.494563264,-1.31639321,0
944,CsK_NaMnF6,Cs,K,Na,Mn,F,6.152394682,6.124008132,0.46352894,-2.918655955,0.001008
945,CsRbAgBiBr6,Cs,Rb,Ag,Bi,Br,7.996529167,8.090551786,-1.162128635,-1.286307889,1.427674
946,Cs2FePbF6,Cs,Cs,Fe,Pb,F,6.393588805,6.486888594,-1.438282586,-2.596077453,0
947,Cs2CuNbF6,Cs,Cs,Cu,Nb,F,6.173607885,6.328774487,-2.451763802,-2.546373588,0
948,K_2AgInF6,K,K,Ag,In,F,6.255632272,6.370465895,-1.802593796,-2.528581073,1.589238
949,Rb2BeBaCl6,Rb,Rb,Be,Ba,Cl,6.940889453,7.510635446,-7.585856045,-2.022264161,4.621304
950,RbK_MnPtF6,Rb,K,Mn,Pt,F,6.048520696,6.137458067,-1.449091302,-2.25521048,0.610726
951,Cs2MnPbF6,Cs,Cs,Mn,Pb,F,6.537838588,6.53393919,0.059679129,-2.759921442,2.411245
952,K_2SrPtF6,K,K,Sr,Pt,F,6.301664923,6.497159106,-3.008917895,-2.634927235,1.335607
953,CsK_MgSrF6,Cs,K,Mg,Sr,F,6.250753235,6.286869665,-0.574473974,-3.538106024,6.379362
954,Cs2K_RhCl6,Cs,Cs,K,Rh,Cl,7.691059038,7.641294508,0.651257846,-1.689319641,1.781766
955,K_2MnZnF6,K,K,Mn,Zn,F,5.938212038,5.917331782,0.352866068,-2.766992332,1.727114
956,RbBaCrCuF6,Rb,Ba,Cr,Cu,F,6.015286677,6.058527546,-0.713719112,-2.722772378,0
957,CsRbCdSnBr6,Cs,Rb,Cd,Sn,Br,7.442935268,8.120449051,-8.3433044,-1.394103872,1.286891
958,Cs2AgInCl6,Cs,Cs,Ag,In,Cl,7.454885373,7.5383386,-1.107050657,-1.584631885,1.034904
959,Cs2CoAgCl6,Cs,Cs,Co,Ag,Cl,7.285179745,7.186390416,1.374672447,-1.325168445,0.491028
960,RbK_ZnPbCl6,Rb,K,Zn,Pb,Cl,7.493846956,7.53409382,-0.53419648,-1.622175948,2.589693
961,K_2TiAgF6,K,K,Ti,Ag,F,6.166536817,6.21649138,-0.803581312,-2.852282493,0
962,Cs2BaPtF6,Cs,Cs,Ba,Pt,F,6.588750276,6.804181216,-3.166155238,-2.649400866,1.256152
963,RbK_CaCuF6,Rb,K,Ca,Cu,F,6.011751143,6.085662416,-1.214514837,-2.930171976,0.001662
964,Rb2ZnPtF6,Rb,Rb,Zn,Pt,F,5.941040465,6.111310111,-2.786139844,-2.231410459,0.433455
965,CsRbCuMoF6,Cs,Rb,Cu,Mo,F,6.187962153,6.207005699,-0.30680729,-2.447279957,1.467802
966,Cs2CaCdF6,Cs,Cs,Ca,Cd,F,6.461471056,6.455894742,0.086375541,-3.171984593,5.204451
967,Rb2TiAgCl6,Rb,Rb,Ti,Ag,Cl,7.316292444,7.315264617,0.014050442,-1.730661294,0
968,CsK_TiAuCl6,Cs,K,Ti,Au,Cl,7.279522891,7.341078126,-0.838504017,-1.597344876,0
969,RbK_CrSnF6,Rb,K,Cr,Sn,F,6.191356265,6.323394954,-2.088098086,-2.652927512,0.009076
970,Cs2AsRbBr6,Cs,Cs,As,Rb,Br,8.416550595,8.409810584,0.080144623,-1.457587495,2.946231
971,Rb2CaMnF6,Rb,Rb,Ca,Mn,F,6.257824303,6.215960023,0.673496609,-3.236469165,2.760085
972,RbK_CaCoF6,Rb,K,Ca,Co,F,6.062662831,6.089128138,-0.434632125,-3.009877868,0
973,Cs2AgAuBr6,Cs,Cs,Ag,Au,Br,7.726414377,7.748458637,-0.284498647,-1.073326565,0
974,Cs2TiSrCl6,Cs,Cs,Ti,Sr,Cl,7.889826754,7.646966731,3.175900086,-2.177087971,0.020977
975,Rb2CuMoF6,Rb,Rb,Cu,Mo,F,6.094624058,6.134267024,-0.646254326,-2.452632125,1.373957
976,RbK_MnSrCl6,Rb,K,Mn,Sr,Cl,7.1855484,7.586028879,-5.279184741,-2.041275198,2.477095
977,CsK_TiSnCl6,Cs,K,Ti,Sn,Cl,7.727121483,7.559947367,2.211313226,-1.703009773,0.006633
978,CsRbScAuCl6,Cs,Rb,Sc,Au,Cl,7.432257956,7.456577427,-0.326147904,-1.84581466,1.863969
979,CsK_CoCdF6,Cs,K,Co,Cd,F,6.20125576,6.148419591,0.859345531,-2.473298446,0
980,CsRbNiSnCl6,Cs,Rb,Ni,Sn,Cl,7.37639652,7.39964497,-0.314183317,-1.484651041,0
981,CsRbSrPdF6,Cs,Rb,Sr,Pd,F,6.443086279,6.506303135,-0.971624818,-2.762247793,0.000252
982,CsK_ScAuCl6,Cs,K,Sc,Au,Cl,7.41811582,7.436281844,-0.244289073,-1.826667172,1.869177
983,Cs2TiPtF6,Cs,Cs,Ti,Pt,F,6.54632387,6.542350302,0.060736094,-2.60557355,0.012153
984,Cs2MnSnCl6,Cs,Cs,Mn,Sn,Cl,7.198205611,7.60569084,-5.35763598,-1.68507295,1.56868
985,K_2NaV_F6,K,K,Na,V,F,5.99683119,5.96632472,0.511310923,-3.110807373,0.000989
986,K_2ScAgF6,K,K,Sc,Ag,F,6.213205865,6.285579,-1.151415566,-3.114354631,2.999018
987,Rb2NiSrF6,Rb,Rb,Ni,Sr,F,6.233782672,6.269913871,-0.576263083,-2.982081306,1.522308
988,CsK_LiAlF6,Cs,K,Li,Al,F,5.742272749,5.893282761,-2.56240907,-3.355135021,7.035982
989,Rb2TiV_F6,Rb,Rb,Ti,V,F,7.157264128,6.010590554,19.07755259,-2.923601862,0
990,Cs2NaAuCl6,Cs,Cs,Na,Au,Cl,7.409630539,7.536956184,-1.689351004,-1.456144524,0
991,Cs2V_MnF6,Cs,Cs,V,Mn,F,6.687745226,6.142599051,8.874845492,-2.790929555,0.860331
992,K_2NaRuF6,K,K,Na,Ru,F,6.534232344,6.022560148,8.495925046,-2.611760905,0.001202
993,Rb2CoZnF6,Rb,Rb,Co,Zn,F,5.912756194,5.909337758,0.057848039,-2.524122459,0
994,CsRbTiPbF6,Cs,Rb,Ti,Pb,F,6.97907322,6.390522533,9.209742771,-2.832294825,0
995,Rb2NaInF6,Rb,Rb,Na,In,F,6.186335807,6.255894788,-1.111894994,-2.961884993,5.239814
996,CsRbCoSnF6,Cs,Rb,Co,Sn,F,6.245096381,6.340035822,-1.497459063,-2.497246291,0.002197
997,CsRbTiSnBr6,Cs,Rb,Ti,Sn,Br,8.127414632,7.980206079,1.844671072,-1.436135918,0.001426
998,Cs2NaV_F6,Cs,Cs,Na,V,F,6.237247495,6.261039266,-0.379997154,-3.099323095,0.001681
999,Rb2AgInCl6,Rb,Rb,Ag,In,Cl,7.384174695,7.46235646,-1.047681995,-1.543979169,0.981996
1000,Cs2TiAgF6,Cs,Cs,Ti,Ag,F,6.381497279,6.397181458,-0.24517327,-2.885151555,0
1001,Rb2PdCdF6,Rb,Rb,Pd,Cd,F,6.271966438,6.266310198,0.090264283,-2.298571851,0.012374
1002,RbK_MgZnF6,Rb,K,Mg,Zn,F,5.802447536,5.829111996,-0.457436056,-3.104591539,5.484789
1003,CsRbTiZnCl6,Cs,Rb,Ti,Zn,Cl,7.270401213,7.215526547,0.76050813,-1.70384482,0
1004,CsBaK_NiF6,Cs,Ba,K,Ni,F,6.40560962,6.324059321,1.289524574,-2.89221859,1.618844
1005,Cs2AlK_Cl6,Cs,Cs,Al,K,Cl,7.634490495,7.64481896,-0.135104115,-2.064823029,4.503907
1006,Cs2MgPdF6,Cs,Cs,Mg,Pd,F,6.139030364,6.138809048,0.003605194,-2.660451819,1.00E-06
1007,CsK_TiSnF6,Cs,K,Ti,Sn,F,6.833409223,6.416009298,6.505600376,-2.816689471,0
1008,CsBaNaCuF6,Cs,Ba,Na,Cu,F,6.121352694,6.094802672,0.435617417,-2.884909403,0.007198
1009,Cs2AsRbF6,Cs,Cs,As,Rb,F,6.665754205,6.779789987,-1.681995788,-2.757518501,4.534633
1010,CsRbK_RuCl6,Cs,Rb,K,Ru,Cl,7.908847926,7.605400732,3.98989093,-1.613227129,0.010649
1011,Cs2K_FeCl6,Cs,Cs,K,Fe,Cl,7.705201173,7.711411423,-0.080533247,-1.732854299,0.933294
1012,RbK_BePdF6,Rb,K,Be,Pd,F,5.74446478,5.72363528,0.363920812,-2.491984167,0
1013,Cs2CaV_Cl6,Cs,Cs,Ca,V,Cl,7.875684618,7.432334045,5.965159401,-2.101650206,1.11275
1014,CsK_AlRbCl6,Cs,K,Al,Rb,Cl,7.791468201,7.720840176,0.914771235,-2.005412874,4.420912
1015,CsRbCaTiBr6,Cs,Rb,Ca,Ti,Br,8.141556768,7.8668536,3.491906447,-1.820091499,0.019485
1016,RbK_MgNiF6,Rb,K,Mg,Ni,F,5.785476973,5.786964609,-0.025706672,-2.915779687,1.287775
1017,Rb2K_NbF6,Rb,Rb,K,Nb,F,6.425337899,6.576417319,-2.297290647,-2.946668657,0
1018,Rb2CaTiCl6,Rb,Rb,Ca,Ti,Cl,7.686180001,7.404917754,3.798316961,-2.131133037,0.010368
1019,RbK_PdPtCl6,Rb,K,Pd,Pt,Cl,6.973416365,7.064458301,-1.288732018,-1.248157837,0
1020,CsRbMnSrF6,Cs,Rb,Mn,Sr,F,6.499654822,6.445763731,0.83606991,-3.203316971,2.557588
1021,RbK_MgCdF6,Rb,K,Mg,Cd,F,6.059834404,6.042611144,0.28503009,-3.06065837,4.979468
1022,Cs2BeSrF6,Cs,Cs,Be,Sr,F,6.167314635,6.133142936,0.557164562,-3.305384976,6.968379
1023,RbK_CaCrCl6,Rb,K,Ca,Cr,Cl,7.389195153,7.361473611,0.376575988,-1.976273123,0
1024,CsRbK_ScF6,Cs,Rb,K,Sc,F,6.524332849,6.546377862,-0.336751307,-3.52535983,6.565433
1025,CsK_TiCdCl6,Cs,K,Ti,Cd,Cl,7.14595042,7.393548971,-3.348845757,-1.708976633,0
1026,RbK_CaCoCl6,Rb,K,Ca,Co,Cl,7.314241834,7.277508803,0.504747325,-1.844609225,0.002275
1027,RbK_NaMnF6,Rb,K,Na,Mn,F,6.019458607,6.01982979,-0.006166005,-2.932158838,0.000755
1028,CsBaLiCaF6,Cs,Ba,Li,Ca,F,6.085997355,6.114632499,-0.468305233,-3.603605501,6.777281
1029,Rb2MoAgF6,Rb,Rb,Mo,Ag,F,6.255844404,6.367209045,-1.749033842,-2.476053896,0.956025
1030,CsK_ZnPtF6,Cs,K,Zn,Pt,F,6.01457957,6.139179472,-2.029585591,-2.216789185,0.454963
1031,RbK_MgPtF6,Rb,K,Mg,Pt,F,5.850530797,6.023284118,-2.868091852,-2.607237138,1.118168
1032,Rb2AgAuCl6,Rb,Rb,Ag,Au,Cl,7.262552328,7.290930418,-0.389224535,-1.220567258,0.022322
1033,RbK_BeCdF6,Rb,K,Be,Cd,F,5.863258719,5.792023653,1.229882167,-2.847416617,4.610628
1034,K_2CaMnF6,K,K,Ca,Mn,F,6.215397896,6.154753374,0.985328222,-3.22541777,2.376638
1035,K_2CuBaF6,K,K,Cu,Ba,F,6.416216222,6.464262982,-0.743267409,-2.805313064,0.008711
1036,RbK_CrZnF6,Rb,K,Cr,Zn,F,5.875986641,5.933255409,-0.965216632,-2.698348432,0
1037,Rb2K_CuF6,Rb,Rb,K,Cu,F,6.272602835,6.319879692,-0.748065775,-2.452811228,0.004466
1038,Cs2CaMnCl6,Cs,Cs,Ca,Mn,Cl,7.168577837,7.494277264,-4.345975142,-2.10035411,2.593546
1039,CsK_CaPtF6,Cs,K,Ca,Pt,F,6.184285198,6.362709496,-2.804218833,-2.702487562,1.356333
1040,RbK_LiAlF6,Rb,K,Li,Al,F,5.612165101,5.730251766,-2.060758756,-3.401441403,7.33942
1041,CsRbV_PtF6,Cs,Rb,V,Pt,F,6.535010161,6.307769993,3.60254366,-2.357325681,0
1042,CsRbFePbCl6,Cs,Rb,Fe,Pb,Cl,7.57869977,7.56826403,0.13788816,-1.547053781,0.004181
1043,CsRbCuBiF6,Cs,Rb,Cu,Bi,F,6.382911492,6.44799154,-1.00930728,-2.462464018,1.072785
1044,CsK_MgNiF6,Cs,K,Mg,Ni,F,5.938212038,5.879844663,0.992668656,-2.87069328,1.238285
1045,CsK_FeRbF6,Cs,K,Fe,Rb,F,6.61625673,6.558314033,0.883499886,-2.790958141,1.63798
1046,CsK_BePbF6,Cs,K,Be,Pb,F,6.075390753,6.088469157,-0.214806114,-2.856022219,5.07793
1047,Rb2CdSnF6,Rb,Rb,Cd,Sn,F,6.496826395,6.538757766,-0.641274268,-2.644645841,2.608076
1048,K_2TiCdF6,K,K,Ti,Cd,F,6.795225457,6.706784996,1.31867148,-2.918312984,0.64354
1049,CsBaLiCuF6,Cs,Ba,Li,Cu,F,5.927605436,5.934323831,-0.113212477,-2.914619957,0.008803
1050,CsK_TiPtCl6,Cs,K,Ti,Pt,Cl,7.298685485,7.203385271,1.322992044,-1.493923519,0
1051,CsK_AgBiF6,Cs,K,Ag,Bi,F,6.563930828,6.67630706,-1.68320946,-2.471087686,2.566439
1052,Cs2CuAgF6,Cs,Cs,Cu,Ag,F,6.300887106,6.185172152,1.870844516,-2.179081678,0
1053,K_2V_SrF6,K,K,V,Sr,F,6.974830579,6.298830123,10.73215887,-3.213814608,0.231901
1054,CsRbAlAgCl6,Cs,Rb,Al,Ag,Cl,7.208812213,7.282493282,-1.011756086,-1.72136225,2.212874
1055,CsK_MgSnCl6,Cs,K,Mg,Sn,Cl,7.432965062,7.557106425,-1.642710265,-1.861833145,3.099085
1056,CsK_MgCoF6,Cs,K,Mg,Co,F,5.963667882,5.903231083,1.023791855,-2.870647111,0.000681
1057,RbK_LiBiF6,Rb,K,Li,Bi,F,6.035014956,6.203275724,-2.712450252,-2.870708373,4.949795
1058,CsRbNaCuF6,Cs,Rb,Na,Cu,F,6.067541868,6.149210386,-1.328113902,-2.469027811,0.00146
1059,CsRbLiBiCl6,Cs,Rb,Li,Bi,Cl,7.443571664,7.558335183,-1.518370332,-1.797680017,3.633505
1060,RbK_CrMnCl6,Rb,K,Cr,Mn,Cl,6.783911748,7.11562505,-4.661759152,-1.604663222,0.03851
1061,CsK_CdPtCl6,Cs,K,Cd,Pt,Cl,6.947960521,7.328139787,-5.187936871,-1.343963944,0
1062,RbK_LiAuF6,Rb,K,Li,Au,F,5.958647424,5.990550916,-0.532563573,-2.293177712,0
1063,RbK_NiAgF6,Rb,K,Ni,Ag,F,6.049157092,6.01565717,0.556878842,-2.254642508,0
1064,RbK_NaNiF6,Rb,K,Na,Ni,F,5.954404783,5.949149334,0.088339504,-2.598320038,0
1065,Rb2SrPdF6,Rb,Rb,Sr,Pd,F,6.409145154,6.466943668,-0.893753169,-2.75054048,0
1066,RbK_CuBiF6,Rb,K,Cu,Bi,F,6.292401824,6.365462517,-1.147767233,-2.444452106,0.905255
1067,Cs2GaRbF6,Cs,Cs,Ga,Rb,F,6.575244537,6.59505847,-0.300436048,-3.010357737,5.91938
1068,CsRbCrFeF6,Cs,Rb,Cr,Fe,F,6.065491258,6.043161293,0.369508009,-2.548670655,0
1069,K_2NiBaF6,K,K,Ni,Ba,F,6.419044649,6.436716726,-0.274551107,-2.891212177,1.537153
1070,CsRbMgSrCl6,Cs,Rb,Mg,Sr,Cl,7.581528197,7.61465163,-0.434996039,-2.317872152,4.92372
1071,K_BaCuZnF6,K,Ba,Cu,Zn,F,5.919120155,5.984318111,-1.089480118,-2.759280878,0.173697
1072,CsRbK_MnF6,Cs,Rb,K,Mn,F,6.416852618,6.42811779,-0.175248375,-2.913465082,0
1073,RbBaBeK_F6,Rb,Ba,Be,K,F,6.084583141,6.007453429,1.28390029,-3.298676539,6.524274
1074,CsRbMgNiF6,Cs,Rb,Mg,Ni,F,5.980638445,5.920974655,1.00766839,-2.861811749,1.216881
1075,Cs2RbAuCl6,Cs,Cs,Rb,Au,Cl,7.983801245,7.944000063,0.501021925,-1.44651276,0.002913
1076,CsRbMoAgCl6,Cs,Rb,Mo,Ag,Cl,7.361547278,7.386756513,-0.341276106,-1.471939923,0.83148
1077,Cs2CrMnF6,Cs,Cs,Cr,Mn,F,6.223883177,6.162837089,0.990551707,-2.697930209,0.003805
1078,RbK_V_BaF6,Rb,K,V,Ba,F,7.213832671,6.540305308,10.29810278,-3.155051693,0
1079,CsRbMgSrBr6,Cs,Rb,Mg,Sr,Br,8.087816653,8.05945639,0.351888038,-1.987805172,3.865338
1080,CsRbLiFeF6,Cs,Rb,Li,Fe,F,5.869551969,6.032571373,-2.702320353,-2.818819653,1.631361
1081,CsRbK_GaF6,Cs,Rb,K,Ga,F,6.377254638,6.408908085,-0.493897659,-3.016249963,5.927541
1082,Cs2RbInBr6,Cs,Cs,Rb,In,Br,8.626066334,8.467164079,1.876688033,-1.605688867,2.466528
1083,CsK_CoCuF6,Cs,K,Co,Cu,F,5.972153163,5.934572139,0.633255829,-2.303814783,0
1084,Cs2BeBaBr6,Cs,Cs,Be,Ba,Br,7.331212397,8.017807019,-8.56337176,-1.751782277,3.72482
1085,RbK_CoSnF6,Rb,K,Co,Sn,F,6.154586713,6.259601812,-1.677664205,-2.490756232,0.00384
1086,CsRbBeSnF6,Cs,Rb,Be,Sn,F,6.042863841,6.072378925,-0.486054714,-2.826027237,4.293425
1087,Rb2MnCoF6,Rb,Rb,Mn,Co,F,6.048520696,5.977120664,1.19455564,-2.557387551,0
1088,CsK_BeCaF6,Cs,K,Be,Ca,F,5.959425241,5.886644502,1.23637055,-3.332538423,7.080974
1089,Rb2MgCdF6,Rb,Rb,Mg,Cd,F,6.096603957,6.077204642,0.319214444,-3.060870768,4.958087
1090,Rb2K_ScF6,Rb,Rb,K,Sc,F,6.487563296,6.489860418,-0.035395553,-3.511238401,6.377018
1091,CsK_CrPtCl6,Cs,K,Cr,Pt,Cl,7.083725023,7.101821032,-0.254808012,-1.32637128,0.002955
1092,Rb2CuSrF6,Rb,Rb,Cu,Sr,F,6.233782672,6.297733023,-1.015450334,-2.895696462,0.001533
1093,Cs2AgSbCl6,Cs,Cs,Ag,Sb,Cl,7.522767624,7.664977719,-1.855323006,-1.515164919,1.494911
1094,Cs2K_AuBr6,Cs,Cs,K,Au,Br,8.212903842,8.232633133,-0.239647397,-1.252468509,0
1095,CsK_MnSnCl6,Cs,K,Mn,Sn,Cl,7.124666506,7.557967122,-5.733031237,-1.641685229,1.49831
1096,RbK_AgAuF6,Rb,K,Ag,Au,F,6.402710482,6.291955795,1.760258505,-1.971114894,0
1097,CsRbCaCuF6,Cs,Rb,Ca,Cu,F,6.139030364,6.183439022,-0.718187045,-2.922536468,0.001969
1098,CsRbCuPtF6,Cs,Rb,Cu,Pt,F,6.037206987,6.115535532,-1.280812524,-2.069591888,0
1099,RbK_BeSrF6,Rb,K,Be,Sr,F,5.969324736,5.960912242,0.141127627,-3.336866955,6.515467
1100,CsK_NaCoF6,Cs,K,Na,Co,F,6.101482994,6.107683965,-0.101527372,-2.656371819,0.002735
1101,Rb2CoAuCl6,Rb,Rb,Co,Au,Cl,7.090018274,7.095473358,-0.076881185,-1.210158046,0
1102,CsRbFePtF6,Cs,Rb,Fe,Pt,F,6.071148113,6.191881058,-1.949858918,-2.152766961,0
1103,K_2CuSbF6,K,K,Cu,Sb,F,6.132595692,6.249265465,-1.866935781,-2.42886158,0.881319
1104,RbK_AlCsF6,Rb,K,Al,Cs,F,6.641712574,6.530566207,1.701940743,-3.306461491,5.743402
1105,CsRbLiMoF6,Cs,Rb,Li,Mo,F,5.916433149,6.105246908,-3.092647387,-2.867872358,2.07787
1106,Rb2PdPbF6,Rb,Rb,Pd,Pb,F,6.421873076,6.490465973,-1.056825462,-2.330992115,0
1107,RbK_CaPbF6,Rb,K,Ca,Pb,F,6.54632387,6.604934026,-0.887369287,-3.159384458,4.88006
1108,CsRbNaCoCl6,Cs,Rb,Na,Co,Cl,7.262552328,7.242698424,0.274123025,-1.60311309,1.047863
1109,CsRbTiPtF6,Cs,Rb,Ti,Pt,F,6.523696453,6.470372038,0.824132132,-2.588627122,0.067258
1110,K_BaNaCuF6,K,Ba,Na,Cu,F,5.968617629,5.970793975,-0.036449859,-2.906522137,0
1111,Cs2NaNiF6,Cs,Cs,Na,Ni,F,6.101482994,6.212498629,-1.786972386,-2.575340991,0.000856
1112,Cs2RbInF6,Cs,Cs,Rb,In,F,6.776062863,6.811038318,-0.513511353,-2.945741298,5.376666
1113,K_2NaAlF6,K,K,Na,Al,F,5.83419663,5.834494483,-0.005105035,-3.41870617,6.863689
1114,CsK_TiPtF6,Cs,K,Ti,Pt,F,6.515211171,6.432686766,1.282891706,-2.57237332,0.0326
1115,CsK_MnPtF6,Cs,K,Mn,Pt,F,6.139030364,6.150386068,-0.184634003,-2.299946588,0.590615
1116,CsK_MgCrF6,Cs,K,Mg,Cr,F,5.983466872,5.962583113,0.350246841,-3.03074675,0
1117,CsK_RhAuCl6,Cs,K,Rh,Au,Cl,7.166385806,7.18314184,-0.233268873,-1.231495873,0.089548
1118,CsRbV_FeF6,Cs,Rb,V,Fe,F,6.498240608,6.034800284,7.679464144,-2.643238321,0
1119,RbK_ZnBaF6,Rb,K,Zn,Ba,F,6.458642629,6.513567852,-0.843243277,-3.087452017,4.522228
1120,Rb2CuBiF6,Rb,Rb,Cu,Bi,F,6.317857669,6.394018337,-1.191123703,-2.455945333,0.967299
1121,CsRbRuAgCl6,Cs,Rb,Ru,Ag,Cl,7.392659976,7.263041313,1.784633426,-1.301358213,0
1122,CsRbCdPbBr6,Cs,Rb,Cd,Pb,Br,7.565971848,8.187103705,-7.586710507,-1.420147535,1.89464
1123,CsK_CoNiF6,Cs,K,Co,Ni,F,5.97498159,5.917962039,0.963499776,-2.293603112,0
1124,Cs2K_TiI6,Cs,Cs,K,Ti,I,8.801216684,8.776073422,0.286497854,-1.310127927,0.008481
1125,CsRbNaScF6,Cs,Rb,Na,Sc,F,6.259874912,6.266875645,-0.111710099,-3.539753171,6.866194
1126,Cs2SrBaF6,Cs,Cs,Sr,Ba,F,7.020085413,7.04701183,-0.382096946,-3.582896268,5.702077
1127,RbK_CaCdF6,Rb,K,Ca,Cd,F,6.379446669,6.342477595,0.58288064,-3.147811156,4.938972
1128,K_2CrMnF6,K,K,Cr,Mn,F,5.997609007,5.968547206,0.486915827,-2.731538443,0
1129,CsRbBeTiF6,Cs,Rb,Be,Ti,F,6.19701312,5.806064383,6.733455077,-2.933568663,0.001035
1130,Cs2TiAgCl6,Cs,Cs,Ti,Ag,Cl,7.403973684,7.403143814,0.011209697,-1.764608835,0
1131,CsRbMnPbCl6,Cs,Rb,Mn,Pb,Cl,7.261915932,7.638604222,-4.93137593,-1.693257047,1.8687
1132,CsK_CaSrCl6,Cs,K,Ca,Sr,Cl,7.966194286,7.874742711,1.161327784,-2.458501814,4.777667
1133,Cs2MnSnBr6,Cs,Cs,Mn,Sn,Br,7.417479424,8.002569229,-7.31127452,-1.415437215,1.308815
1134,RbK_CuAgCl6,Rb,K,Cu,Ag,Cl,7.135273108,7.083053925,0.737241076,-1.280589635,0.044433
1135,CsK_AlAgF6,Cs,K,Al,Ag,F,6.155223109,6.148696098,0.106152766,-2.990269023,3.278293
1136,CsK_NaBiBr6,Cs,K,Na,Bi,Br,8.137950523,8.188456095,-0.616789922,-1.521275828,3.087467
1137,K_2TiZnF6,K,K,Ti,Zn,F,6.399245659,5.922234052,8.054588907,-2.859128905,0
1138,CsK_NiBaF6,Cs,K,Ni,Ba,F,6.455814202,6.497914389,-0.647903073,-2.91693187,1.504213
1139,CsRbBeBaF6,Cs,Rb,Be,Ba,F,6.230954245,6.246489254,-0.248699844,-3.276142206,6.367998
1140,CsRbMgCdCl6,Cs,Rb,Mg,Cd,Cl,7.004529064,7.354767805,-4.762063879,-1.888955422,2.697492
1141,Rb2CaCuF6,Rb,Rb,Ca,Cu,F,6.051349123,6.119252228,-1.109663444,-2.932594884,0.001989
1142,K_2NiPtF6,K,K,Ni,Pt,F,5.793962254,5.968148838,-2.918603217,-2.089294927,0.751981
