,compound,OQMD_id,OQMD_hf,DFT_hf,DFT_corrected_hf,POTCAR,SPIN
0,AgCaF3,1711925,-2.80338359,-2.6171608699999993,-2.759360869999999,pp_mismatch,Non-magnetic
1,AgCdCl3,1722750,-0.75658198,-0.4841373160000002,-0.6971373160000001,pp_match,Non-magnetic
2,AgCdF3,1709249,-1.77538037,-1.5733770859999998,-1.7155770859999997,pp_match,Non-magnetic
3,AgCoCl3,1722751,-0.45203581,-0.2006956600000005,-0.4136956600000006,pp_match,Magnetic
4,AgCoF3,1706441,-1.58199568,-1.392847654,-1.535047654,pp_match,Magnetic
5,AgCrF3,1711926,-1.96081476,-1.7907345160000006,-1.9329345160000004,pp_mismatch,Magnetic
6,AgCuCl3,1722752,-0.49810942,-0.2681183979999995,-0.48111839799999956,pp_match,Non-magnetic
7,AgCuF3,1706442,-1.51052435,-1.3358244459999997,-1.4780244459999996,pp_match,Non-magnetic
8,AgDyF3,1711927,-3.02620364,-2.845837148,-2.988037148,pp_match,Magnetic
9,AgFeCl3,1722753,-0.57017168,-0.3165277879999997,-0.5295277879999998,pp_match,Magnetic
10,AgGeF3,1711918,-1.68592585,-1.5081529740000001,-1.650352974,pp_match,Non-magnetic
11,AgHgCl3,1722748,-0.40995396,-0.1528722119999999,-0.35027221200000014,pp_match,Non-magnetic
12,AgHgF3,1709252,-1.24713412,-1.066022794,-1.192622794,pp_match,Non-magnetic
13,AgMgCl3,1722758,-1.27875487,-1.0339791120000001,-1.2469791120000002,pp_match,Non-magnetic
14,AgMnCl3,1722759,-0.81002212,-0.563981278,-0.776981278,pp_mismatch,Magnetic
15,AgMnF3,1709251,-1.976957,-1.8105649719999999,-1.9527649719999998,pp_mismatch,Magnetic
16,AgNiCl3,1722760,-0.51607377,-0.2580440180000001,-0.4710440180000002,pp_match,Magnetic
17,AgNiF3,1709255,-1.57004326,-1.3705953920000002,-1.5127953920000001,pp_match,Magnetic
18,AgPdF3,1711873,-1.23008201,-1.0584051900000002,-1.20060519,pp_match,Non-magnetic
19,AgRhF3,1711919,-1.16852962,-0.9944992660000005,-1.1366992660000004,pp_mismatch,Magnetic
20,AgScBr3,1575261,-1.03752409,-0.8226048560000003,-0.9960048560000003,pp_match,Magnetic
21,AgSmF3,1711920,-2.98096005,-2.802319260000001,-2.9445192600000007,pp_match,Magnetic
22,AgSnF3,1711924,-1.76046148,-1.5663980220000004,-1.730998022,pp_match,Non-magnetic
23,AgTmCl3,1722761,-1.49767175,-1.265792964,-1.4787929640000002,pp_match,Magnetic
24,AgTmF3,1709256,-3.04978553,-2.87816922,-3.02036922,pp_match,Magnetic
25,AgVF3,1711921,-2.09415767,-1.9436362540000003,-2.085836254,pp_mismatch,Magnetic
26,AgYbCl3,1722762,-1.60649424,-1.3611935499999999,-1.57419355,pp_match,Non-magnetic
27,AgYbF3,1709258,-2.9961633,-2.829365194,-2.971565194,pp_match,Non-magnetic
28,AgZnCl3,1709259,-0.79250639,-0.5212778419999999,-0.734277842,pp_match,Non-magnetic
29,AgZnF3,5647,-1.95204356,-1.7545174280000007,-1.8967174280000005,pp_match,Non-magnetic
30,AuCdF3,1714540,-1.42614478,-1.2284478580000004,-1.3706478580000003,pp_match,Non-magnetic
31,AuCoF3,1714536,-1.24620076,-1.061851002000001,-1.2040510020000008,pp_match,Magnetic
32,AuCuF3,1714539,-1.14895273,-0.9806422440000002,-1.122842244,pp_match,Non-magnetic
33,AuHgF3,1718062,-0.90477655,-0.7261786320000001,-0.8527786320000001,pp_match,Non-magnetic
34,AuMgF3,1718063,-2.38890704,-2.198790234,-2.340990234,pp_match,Non-magnetic
35,AuMnF3,1714544,-1.68615686,-1.521257206000001,-1.6634572060000008,pp_mismatch,Magnetic
36,AuNiF3,1718065,-1.21059204,-1.0171755659999997,-1.1593755659999996,pp_match,Magnetic
37,AuTmF3,1718066,-2.95883079,-2.7932464080000003,-2.9354464080000002,pp_match,Magnetic
38,AuYbF3,1722763,-2.65435533,-2.490616548000001,-2.632816548000001,pp_match,Non-magnetic
39,AuZnCl3,1722765,-0.4733905,-0.208177976,-0.42117797600000006,pp_match,Non-magnetic
40,AuZnF3,1706443,-1.60330991,-1.4025773100000003,-1.5447773100000002,pp_match,Non-magnetic
41,BaAgCl3,1726024,-1.71745356,-1.4861827779999999,-1.6991827779999995,pp_match,Non-magnetic
42,BaAgF3,1710709,-2.58012574,-2.427129308,-2.569329308,pp_match,Non-magnetic
43,BaLiBr3,1713547,-2.05315491,-1.880175206,-2.0535752060000005,pp_match,Non-magnetic
44,BaLiCl3,1710710,-2.40363914,-2.1974431699999997,-2.4104431699999997,pp_match,Non-magnetic
45,BaNaF3,1440785,-3.49877587,-3.350992346,-3.5113923459999996,pp_match,Non-magnetic
46,BaVCl3,1535121,-1.61887845,-1.4153172519999995,-1.6283172519999995,pp_mismatch,Magnetic
47,CsAgBr3,1489057,-1.11892336,-0.9274231100000001,-1.10082311,pp_match,Non-magnetic
48,CsAgCl3,1547067,-1.30277127,-1.0768980799999996,-1.2898980799999997,pp_match,Non-magnetic
49,CsAgF3,1430835,-2.08720375,-1.938925963,-2.081125963,pp_match,Non-magnetic
50,CsAgI3,1709171,-0.81994765,-0.7012449519999997,-0.8002449519999997,pp_match,Non-magnetic
51,CsBaBr3,1386168,-2.19138855,-2.0189134380000002,-2.1923134380000002,pp_match,Non-magnetic
52,CsBaCl3,1385789,-2.47400025,-2.2656677459999996,-2.4786677459999997,pp_match,Non-magnetic
53,CsBaF3,1344290,-3.51249239,-3.384226032000001,-3.5264260320000007,pp_match,Non-magnetic
54,CsBaI3,1440784,-1.75346028,-1.6550424220000002,-1.754042422,pp_match,Non-magnetic
55,CsCaCl3,1344684,-2.51261902,-2.290015714,-2.503015714,pp_mismatch,Non-magnetic
56,CsCaI3,1384839,-1.71266056,-1.603322076,-1.702322076,pp_mismatch,Non-magnetic
57,CsCdBr3,1706428,-1.44602544,-1.239302422,-1.4127024220000002,pp_match,Non-magnetic
58,CsCdCl3,1345809,-1.69702521,-1.457350644,-1.6703506439999998,pp_match,Non-magnetic
59,CsCdF3,646364,-2.68997087,-2.5022262700000004,-2.6444262700000003,pp_match,Non-magnetic
60,CsCdI3,1709173,-1.050527,-0.9203769760000005,-1.0193769760000002,pp_match,Non-magnetic
61,CsCeBr3,1711895,-1.86166116,-1.882530456,-2.0559304559999996,pp_mismatch,Magnetic
62,CsCeCl3,1709261,-2.15270021,-2.1425838720000003,-2.3555838720000004,pp_mismatch,Magnetic
63,CsCeF3,1711953,-3.20044542,-3.3079915580000008,-3.4501915580000007,pp_mismatch,Magnetic
64,CsCeI3,1711867,-1.43596939,-1.5191794079999998,-1.6181794079999998,pp_mismatch,Magnetic
65,CsCoI3,1711862,-0.6083221,-0.4938730920000003,-0.592873092,pp_match,Magnetic
66,CsCrBr3,1706429,-1.32605532,-1.152348060000001,-1.325748060000001,pp_mismatch,Magnetic
67,CsCrCl3,1709221,-1.61723283,-1.4078447640000005,-1.6208447640000005,pp_mismatch,Magnetic
68,CsCrF3,1706425,-2.69401603,-2.5318956459999997,-2.6740956459999996,pp_mismatch,Magnetic
69,CsCrI3,1432912,-0.90191783,-0.8023251100000004,-0.9013251100000002,pp_mismatch,Magnetic
70,CsCuBr3,1709212,-1.08760139,-0.918629916,-1.0920299160000002,pp_match,Non-magnetic
71,CsCuCl3,1575757,-1.3048979,-1.1015624799999997,-1.3145624799999998,pp_match,Non-magnetic
72,CsCuF3,1576135,-2.20542233,-2.0777268179999995,-2.2199268179999994,pp_match,Non-magnetic
73,CsCuI3,1722739,-0.75009369,-0.6560117939999999,-0.7550117939999996,pp_match,Non-magnetic
74,CsDyBr3,1706422,-1.81680469,-1.6331401439999995,-1.8065401439999997,pp_match,Magnetic
75,CsDyF3,1706460,-3.21714358,-3.0698794840000003,-3.212079484,pp_match,Magnetic
76,CsDyI3,1706396,-1.36848102,-1.25928066,-1.3582806599999997,pp_match,Magnetic
77,CsEuBr3,1386802,-2.27297156,-2.097491702,-2.270891702,pp_match,Magnetic
78,CsEuCl3,6025,-2.59957464,-2.38806357,-2.60106357,pp_match,Magnetic
79,CsEuI3,1706456,-1.79026027,-1.6868679360000005,-1.7858679360000003,pp_match,Magnetic
80,CsFeBr3,1575236,-1.1240797,-0.9364666800000001,-1.10986668,pp_match,Magnetic
81,CsFeCl3,1709267,-1.41201271,-1.1885093620000005,-1.4015093620000005,pp_match,Magnetic
82,CsFeI3,1711863,-0.69998059,-0.5878426000000001,-0.6868425999999999,pp_match,Magnetic
83,CsGdBr3,1706405,-1.83867555,-1.6560952040000005,-1.8294952040000005,pp_match,Magnetic
84,CsGdCl3,1706452,-2.14953699,-1.9310212800000004,-2.1440212800000005,pp_match,Magnetic
85,CsGdF3,1706462,-3.22531254,-3.0804466340000007,-3.2226466340000006,pp_match,Magnetic
86,CsGeBr3,14503,-1.31213636,-1.1215131299999999,-1.2949131300000003,pp_match,Non-magnetic
87,CsGeCl3,1706432,-1.54889686,-1.3230122299999998,-1.5360122299999999,pp_match,Non-magnetic
88,CsGeF3,1709200,-2.57756861,-2.4090728120000007,-2.5512728120000006,pp_match,Non-magnetic
89,CsGeI3,1706397,-0.93535493,-0.820907686,-0.919907686,pp_match,Non-magnetic
90,CsHgBr3,4639,-1.17758174,-0.9901475659999999,-1.1479475660000003,pp_match,Non-magnetic
91,CsHgCl3,1383702,-1.37405126,-1.1487251199999997,-1.34612512,pp_match,Non-magnetic
92,CsHgF3,3031,-2.21662355,-2.0445795600000003,-2.1711795600000006,pp_match,Non-magnetic
93,CsHgI3,1706430,-0.85232586,-0.7425423959999999,-0.8259423959999999,pp_match,Non-magnetic
94,CsLaBr3,1711877,-1.90841958,-1.730724404,-1.9041244040000003,pp_match,Magnetic
95,CsLaCl3,1709262,-2.19835446,-1.9851449199999998,-2.19814492,pp_match,Magnetic
96,CsMgBr3,1709208,-1.80672158,-1.630544214,-1.8039442140000002,pp_match,Non-magnetic
97,CsMgCl3,1709269,-2.14159644,-1.928816768,-2.141816768,pp_match,Non-magnetic
98,CsMgF3,646366,-3.40771293,-3.250570316,-3.392770316,pp_match,Non-magnetic
99,CsMgI3,1711869,-1.32294597,-1.2213587280000002,-1.320358728,pp_match,Non-magnetic
100,CsMnBr3,1709199,-1.39770903,-1.2178463159999997,-1.3912463160000001,pp_mismatch,Magnetic
101,CsMnCl3,1709222,-1.68987226,-1.47474968,-1.68774968,pp_mismatch,Magnetic
102,CsMnF3,1346348,-2.78126189,-2.617556112,-2.759756112,pp_mismatch,Magnetic
103,CsMoBr3,1711882,-0.93988624,-0.7849146200000003,-0.9583146200000003,pp_mismatch,Magnetic
104,CsMoCl3,1709263,-1.20440657,-1.015068416,-1.2280684160000002,pp_mismatch,Magnetic
105,CsMoF3,1711954,-2.13958089,-2.0084330219999997,-2.1506330219999996,pp_mismatch,Magnetic
106,CsMoI3,1718069,-0.55576935,-0.47266701800000055,-0.5716670179999999,pp_mismatch,Magnetic
107,CsNdCl3,1706445,-2.15878748,-1.9424277719999994,-2.1554277719999995,pp_match,Magnetic
108,CsNdF3,1706447,-3.23866366,-3.075510942,-3.217710942,pp_match,Magnetic
109,CsNiBr3,1575196,-1.04922416,-0.8515482079999996,-1.024948208,pp_match,Magnetic
110,CsNiCl3,1709264,-1.27622654,-1.04582512,-1.25882512,pp_match,Magnetic
111,CsPbBr3,5672,-1.50140142,-1.3045519900000002,-1.4779519900000002,pp_match,Non-magnetic
112,CsPbCl3,5671,-1.74367291,-1.5098263159999998,-1.722826316,pp_match,Non-magnetic
113,CsPbI3,20436,-1.11882425,-0.9958043100000005,-1.0948043100000002,pp_match,Non-magnetic
114,CsPdBr3,1489054,-1.12554959,-0.9619343740000001,-1.1353343740000004,pp_match,Non-magnetic
115,CsPdCl3,1575826,-1.31032552,-1.1122530380000004,-1.3252530380000005,pp_match,Non-magnetic
116,CsPdF3,1440780,-2.06364637,-1.935677976,-2.077877976,pp_match,Non-magnetic
117,CsPdI3,1709174,-0.84730554,-0.7578869180000005,-0.8568869180000003,pp_match,Non-magnetic
118,CsPrBr3,1706407,-1.86257389,-1.6839309819999997,-1.8573309819999997,pp_match,Magnetic
119,CsPrCl3,1706454,-2.15756142,-1.9423614899999997,-2.1553614899999998,pp_match,Magnetic
120,CsPrF3,1706464,-3.2157687,-3.0703235540000002,-3.212523554,pp_match,Magnetic
121,CsPrI3,1714547,-1.43259966,-1.3271860100000001,-1.4261860099999997,pp_match,Magnetic
122,CsPtBr3,1709209,-0.99954874,-0.8350240179999999,-1.0084240180000004,pp_match,Magnetic
123,CsPtF3,1709201,-1.82560815,-1.6759980920000004,-1.8181980920000003,pp_match,Magnetic
124,CsPtI3,1718049,-0.74809156,-0.657613548,-0.7566135479999998,pp_match,Magnetic
125,CsRhBr3,1706423,-0.98836647,-0.8062030079999998,-0.9796030079999998,pp_mismatch,Magnetic
126,CsRhCl3,1549370,-1.20290089,-0.987254112,-1.200254112,pp_mismatch,Magnetic
127,CsRhI3,1706398,-0.69763335,-0.5863792360000004,-0.6853792360000002,pp_mismatch,Magnetic
128,CsSmBr3,1706424,-1.85125178,-1.6659941479999998,-1.8393941479999998,pp_match,Magnetic
129,CsSmCl3,6024,-2.15552289,-1.93461622,-2.14761622,pp_match,Magnetic
130,CsSmF3,1706459,-3.2219087,-3.0745521480000004,-3.2167521480000003,pp_match,Magnetic
131,CsSnBr3,2352,-1.45056354,-1.2325059779999998,-1.428305978,pp_match,Non-magnetic
132,CsSnCl3,5451,-1.68660515,-1.4316770420000005,-1.6670770420000003,pp_match,Non-magnetic
133,CsSnF3,1547166,-2.69887685,-2.516492864,-2.6810928639999996,pp_match,Non-magnetic
134,CsSnI3,12694,-1.07516857,-0.930312206,-1.0517122059999995,pp_match,Non-magnetic
135,CsSrBr3,1346547,-2.21029805,-2.031062936,-2.2044629360000005,pp_match,Non-magnetic
136,CsSrCl3,1709271,-2.51533167,-2.300231974,-2.513231974,pp_match,Non-magnetic
137,CsSrF3,646362,-3.65153321,-3.4920103620000003,-3.634210362,pp_match,Non-magnetic
138,CsTiCl3,1711935,-1.83998443,-1.6343674940000001,-1.8601674940000001,pp_mismatch,Magnetic
139,CsTiF3,1706465,-2.98391523,-2.836012236,-2.9910122359999995,pp_mismatch,Magnetic
140,CsTmBr3,1706446,-1.77260873,-1.6034545280000003,-1.7768545280000003,pp_match,Magnetic
141,CsTmCl3,6022,-2.09538795,-1.8896068539999997,-2.102606854,pp_match,Magnetic
142,CsTmF3,1706448,-3.22090751,-3.0666662360000005,-3.2088662360000004,pp_match,Magnetic
143,CsTmI3,1706449,-1.31841019,-1.2236862180000005,-1.3226862180000003,pp_match,Magnetic
144,CsVBr3,1706431,-1.33656886,-1.1828754779999997,-1.3562754780000001,pp_mismatch,Magnetic
145,CsVCl3,1706450,-1.65240357,-1.4636586280000001,-1.6766586280000002,pp_mismatch,Magnetic
146,CsVF3,1440783,-2.77970213,-2.6597251460000004,-2.8019251460000003,pp_mismatch,Magnetic
147,CsVI3,1709172,-0.8908545,-0.8110171199999994,-0.9100171199999996,pp_mismatch,Magnetic
148,CsYBr3,1711878,-1.83577817,-1.6657391439999998,-1.8391391440000002,pp_match,Magnetic
149,CsYCl3,1711936,-2.14759698,-1.9446762779999993,-2.1576762779999994,pp_match,Magnetic
150,CsYF3,1713487,-3.22009499,-3.0979735259999996,-3.2401735259999995,pp_match,Magnetic
151,CsYbBr3,13928,-2.22916085,-2.0482953239999997,-2.221695324,pp_match,Non-magnetic
152,CsYbCl3,6023,-2.5690885,-2.352854,-2.565854,pp_match,Non-magnetic
153,CsYbF3,646363,-3.87745172,-3.7216468939999996,-3.8638468939999995,pp_match,Non-magnetic
154,CsYbI3,1706455,-1.73156277,-1.6235003000000006,-1.7225003000000003,pp_match,Non-magnetic
155,CsZnBr3,1709210,-1.37284881,-1.1672377480000002,-1.3406377480000002,pp_match,Non-magnetic
156,CsZnCl3,1709265,-1.64398591,-1.4025537959999999,-1.615553796,pp_match,Non-magnetic
157,CsZnF3,1347968,-2.71307608,-2.5206115099999997,-2.6628115099999996,pp_match,Non-magnetic
158,CsZnI3,1711870,-0.96216313,-0.8334473080000007,-0.9324473080000004,pp_match,Non-magnetic
159,CuCdF3,1714541,-1.50598517,-1.336098634,-1.478298634,pp_match,Non-magnetic
160,CuCoF3,1714537,-1.36824049,-1.201556494,-1.343756494,pp_match,Magnetic
161,CuHgF3,1718060,-0.98335529,-0.8233612680000002,-0.9499612680000002,pp_match,Non-magnetic
162,CuMgF3,1718064,-2.53350283,-2.3706395160000007,-2.5128395160000006,pp_match,Non-magnetic
163,CuMnF3,1714545,-1.76400458,-1.615576204,-1.7577762039999998,pp_mismatch,Magnetic
164,CuNiF3,1718061,-1.34709698,-1.178178264,-1.320378264,pp_match,Magnetic
165,CuTmF3,1718067,-2.87338605,-2.7290598119999996,-2.8712598119999995,pp_match,Magnetic
166,CuYbF3,1722764,-2.72990706,-2.5944887340000005,-2.7366887340000003,pp_match,Non-magnetic
167,CuZnCl3,1722766,-0.52646606,-0.2871095699999997,-0.5001095699999993,pp_match,Non-magnetic
168,CuZnF3,1706444,-1.73614335,-1.5532114379999995,-1.6954114379999994,pp_match,Non-magnetic
169,EuLiF3,1347636,-3.87542486,-3.7499954740000003,-3.892195474,pp_match,Magnetic
170,HZnF3,1711922,-1.15187905,-0.9802531660000002,-1.1090531659999998,pp_match,Non-magnetic
171,HgScBr3,1546872,-1.36892514,-1.1760097239999996,-1.3338097239999995,pp_match,Magnetic
172,InAgBr3,1728484,-0.59253779,-0.3718886119999998,-0.5452886119999998,pp_match,Non-magnetic
173,InAgCl3,1728505,-0.77208336,-0.517613796,-0.7306137960000001,pp_match,Non-magnetic
174,InAgF3,1720324,-1.57409311,-1.396631024,-1.5388310239999996,pp_match,Non-magnetic
175,InCF3,1731055,-0.46822343,-0.30669387599999975,-0.44889387599999964,pp_match,Non-magnetic
176,InCaBr3,1711875,-1.63163739,-1.4141653899999997,-1.58756539,pp_mismatch,Non-magnetic
177,InCaCl3,1725979,-1.95217305,-1.6984799939999995,-1.9114799939999993,pp_mismatch,Non-magnetic
178,InCaF3,1710666,-3.18018193,-2.988160356,-3.1303603559999997,pp_mismatch,Non-magnetic
179,InCdBr3,1728479,-0.90140779,-0.6642770759999999,-0.8376770760000001,pp_match,Non-magnetic
180,InCdCl3,1725956,-1.15228332,-0.8797696479999997,-1.0927696479999995,pp_match,Non-magnetic
181,InCdF3,1710596,-2.16120163,-1.9544233820000003,-2.096623382,pp_match,Non-magnetic
182,InCoBr3,1728485,-0.51864095,-0.2995867459999997,-0.4729867460000001,pp_match,Magnetic
183,InCoCl3,1722736,-0.78693214,-0.5325284699999999,-0.7455284699999996,pp_match,Magnetic
184,InCrBr3,1549129,-0.82315136,-0.6186529159999998,-0.7920529159999998,pp_mismatch,Magnetic
185,InCrCl3,1549478,-1.11470522,-0.874852094,-1.087852094,pp_mismatch,Magnetic
186,InCrF3,1576298,-2.20829223,-2.0366502800000004,-2.1788502800000003,pp_mismatch,Magnetic
187,InCuCl3,1549458,-0.82128177,-0.5906612399999998,-0.8036612399999994,pp_match,Non-magnetic
188,InCuF3,1718047,-1.78428827,-1.6122879300000004,-1.7544879300000003,pp_match,Non-magnetic
189,InDyBr3,1728480,-1.3233058,-1.1088485919999993,-1.2822485919999997,pp_match,Magnetic
190,InDyCl3,1728503,-1.6509225,-1.4005179359999995,-1.6135179359999996,pp_match,Magnetic
191,InDyF3,1718007,-3.05384962,-2.8751129479999995,-3.0173129479999994,pp_match,Magnetic
192,InEuBr3,1728482,-1.70154838,-1.4941832739999996,-1.6675832739999998,pp_match,Magnetic
193,InEuCl3,1711945,-2.02668049,-1.7846656679999997,-1.9976656679999998,pp_match,Magnetic
194,InEuF3,1711951,-3.32720069,-3.14487717,-3.28707717,pp_match,Magnetic
195,InFeBr3,1728486,-0.62691532,-0.40766611600000013,-0.5810661160000001,pp_match,Magnetic
196,InFeCl3,1725952,-0.91345562,-0.6606271100000001,-0.8736271100000002,pp_match,Magnetic
197,InGdBr3,1728473,-1.33788946,-1.1239378959999997,-1.2973378959999997,pp_match,Magnetic
198,InGdF3,1728524,-3.04874392,-2.8707316140000003,-3.012931614,pp_match,Magnetic
199,InGeBr3,1728487,-0.76871922,-0.5473242879999995,-0.720724288,pp_match,Non-magnetic
200,InGeCl3,1728506,-0.99965859,-0.743227294,-0.9562272939999996,pp_match,Non-magnetic
201,InGeF3,1720323,-2.04173401,-1.852247396,-1.994447396,pp_match,Non-magnetic
202,InHgBr3,1711901,-0.6260542,-0.40717301399999983,-0.564973014,pp_match,Non-magnetic
203,InHgF3,1711896,-1.68532223,-1.4769988860000003,-1.6035988860000003,pp_match,Non-magnetic
204,InMgCl3,1725954,-1.631548,-1.3882243499999996,-1.6012243499999996,pp_match,Non-magnetic
205,InMgF3,1710593,-2.96162549,-2.7907773299999996,-2.9329773299999995,pp_match,Non-magnetic
206,InMnBr3,1575536,-0.88079595,-0.669434264,-0.8428342639999999,pp_mismatch,Magnetic
207,InMnCl3,1575943,-1.1721719,-0.9261285600000004,-1.1391285600000005,pp_mismatch,Magnetic
208,InMnF3,1710603,-2.29281475,-2.10955336,-2.25175336,pp_mismatch,Magnetic
209,InNdF3,1720352,-3.0110788,-2.836727432,-2.978927432,pp_match,Magnetic
210,InNiCl3,1575960,-0.81529866,-0.5559687779999996,-0.7689687779999996,pp_match,Magnetic
211,InNiF3,1710681,-1.82564252,-1.6379204500000002,-1.78012045,pp_match,Magnetic
212,InPbBr3,1711930,-0.91932324,-0.690258032,-0.863658032,pp_match,Non-magnetic
213,InPbCl3,1711928,-1.15682785,-0.8910865860000001,-1.1040865860000002,pp_match,Non-magnetic
214,InPbF3,1711933,-2.19227704,-1.9811990920000007,-2.1233990920000005,pp_match,Non-magnetic
215,InPdBr3,1728488,-0.62838028,-0.43455079800000007,-0.6079507980000001,pp_match,Non-magnetic
216,InPdCl3,1722704,-0.80835465,-0.5806666639999998,-0.7936666639999999,pp_match,Non-magnetic
217,InPdF3,1709178,-1.56905933,-1.4066102380000007,-1.5488102380000006,pp_match,Non-magnetic
218,InPrBr3,1728477,-1.3465109,-1.1369043139999997,-1.3103043139999997,pp_match,Magnetic
219,InPrCl3,1728521,-1.65716031,-1.4103956279999998,-1.623395628,pp_match,Magnetic
220,InPrF3,1728525,-3.00419123,-2.8278997320000006,-2.9700997320000004,pp_match,Magnetic
221,InPtF3,1718008,-1.30775873,-1.1415894179999997,-1.2837894179999996,pp_match,Magnetic
222,InRhBr3,1728489,-0.51222803,-0.3000372499999999,-0.4734372499999999,pp_mismatch,Magnetic
223,InRhCl3,1728507,-0.72103407,-0.4763114199999996,-0.6893114199999997,pp_mismatch,Magnetic
224,InRhF3,1728502,-1.52602932,-1.3270017579999998,-1.4692017579999996,pp_mismatch,Magnetic
225,InSmBr3,1728495,-1.34227806,-1.1260955119999996,-1.2994955119999996,pp_match,Magnetic
226,InSmCl3,1711943,-1.65969378,-1.4074794600000002,-1.6204794600000003,pp_match,Magnetic
227,InSmF3,1718054,-3.03718912,-2.8483829880000004,-2.9905829880000003,pp_match,Magnetic
228,InSnBr3,1711892,-0.87633353,-0.6262729279999997,-0.8220729279999999,pp_match,Non-magnetic
229,InSnCl3,1711906,-1.10647458,-0.8202722339999999,-1.0556722340000002,pp_match,Non-magnetic
230,InSnF3,1718053,-2.13594455,-1.9348349360000006,-2.099434936,pp_match,Non-magnetic
231,InSrF3,1713552,-3.09641121,-2.90353137,-3.04573137,pp_match,Non-magnetic
232,InTbCl3,1538890,-1.52498831,-1.4067696440000002,-1.6197696440000002,pp_match,Magnetic
233,InTiF3,1718048,-2.53203809,-2.360177254,-2.5151772539999997,pp_mismatch,Magnetic
234,InTmCl3,1711937,-1.6273505,-1.390105894,-1.603105894,pp_match,Magnetic
235,InTmF3,1720356,-3.06811039,-2.8949950240000004,-3.0371950240000003,pp_match,Magnetic
236,InVBr3,1728501,-0.83425269,-0.6483412039999998,-0.8217412039999998,pp_mismatch,Magnetic
237,InVCl3,1575955,-1.14944521,-0.929840408,-1.142840408,pp_mismatch,Magnetic
238,InVF3,1709225,-2.3269948,-2.1683237340000003,-2.310523734,pp_mismatch,Magnetic
239,InYbBr3,1711880,-1.67309164,-1.4611313640000003,-1.6345313640000003,pp_match,Non-magnetic
240,InYbCl3,1711940,-2.01344919,-1.7672898079999997,-1.9802898079999998,pp_match,Non-magnetic
241,InYbF3,1711955,-3.37377323,-3.1857193280000002,-3.327919328,pp_match,Non-magnetic
242,InZnCl3,1725986,-1.14093241,-0.8717887259999997,-1.0847887259999998,pp_match,Non-magnetic
243,InZnF3,1710674,-2.24049812,-2.039333022,-2.181533022,pp_match,Non-magnetic
244,KAgBr3,1428408,-1.05288754,-0.8523566839999999,-1.0257566839999999,pp_match,Non-magnetic
245,KAgF3,1706400,-2.07216145,-1.9185817860000003,-2.060781786,pp_match,Non-magnetic
246,KBaCl3,1385431,-2.3579622,-2.139507126,-2.352507126,pp_match,Non-magnetic
247,KBaF3,1347875,-3.41027622,-3.2721282260000004,-3.4143282260000003,pp_match,Non-magnetic
248,KCCl3,1731056,-0.17393173,0.042194980000000104,-0.17080501999999997,pp_match,Non-magnetic
249,KCF3,1713238,-1.09815801,-0.9361870560000005,-1.0783870560000004,pp_match,Non-magnetic
250,KCaBr3,1346959,-2.09967707,-1.903381686,-2.0767816860000003,pp_mismatch,Non-magnetic
251,KCaCl3,1384250,-2.43054564,-2.1976460080000004,-2.410646008,pp_mismatch,Non-magnetic
252,KCaF3,19784,-3.68525383,-3.5038159620000005,-3.6460159620000003,pp_mismatch,Non-magnetic
253,KCdBr3,1713243,-1.36411395,-1.14852142,-1.3219214200000002,pp_match,Non-magnetic
254,KCdCl3,1710598,-1.63026201,-1.379340822,-1.592340822,pp_match,Non-magnetic
255,KCdF3,646151,-2.65539855,-2.4662112700000005,-2.6084112700000004,pp_match,Non-magnetic
256,KCdI3,1722772,-0.95543998,-0.8157770120000001,-0.9147770120000001,pp_match,Non-magnetic
257,KCeF3,1711908,-3.2027046,-3.3175126660000003,-3.459712666,pp_mismatch,Magnetic
258,KCeI3,1722773,-1.32339743,-1.3981114140000006,-1.4971114140000001,pp_mismatch,Magnetic
259,KCoBr3,1548970,-0.95912123,-0.7604569240000001,-0.9338569240000005,pp_match,Magnetic
260,KCoCl3,1432015,-1.25386027,-1.0222240910000004,-1.235224091,pp_match,Magnetic
261,KCoF3,1576223,-2.39239904,-2.228140668000001,-2.3703406680000008,pp_match,Magnetic
262,KCoI3,1722774,-0.55058578,-0.42648912600000033,-0.5254891260000001,pp_match,Magnetic
263,KCrBr3,1546856,-1.27746221,-1.0930811820000002,-1.2664811820000001,pp_mismatch,Magnetic
264,KCrCl3,1432020,-1.5914397,-1.372974927000001,-1.585974927000001,pp_mismatch,Magnetic
265,KCrF3,1429999,-2.72860093,-2.573879492000001,-2.716079492000001,pp_mismatch,Magnetic
266,KCuBr3,1548959,-1.0545198,-0.8769702219999995,-1.050370222,pp_match,Non-magnetic
267,KCuCl3,1432021,-1.30097268,-1.0905338749999998,-1.3035338749999996,pp_match,Non-magnetic
268,KCuF3,1706426,-2.32743353,-2.170361054,-2.3125610539999997,pp_match,Non-magnetic
269,KDyBr3,1728490,-1.73071381,-1.5364146920000001,-1.7098146920000004,pp_match,Magnetic
270,KDyCl3,1725989,-2.05275976,-1.8250830820000004,-2.0380830820000004,pp_match,Magnetic
271,KDyF3,1709177,-3.2600753,-3.1101450520000005,-3.252345052,pp_match,Magnetic
272,KEuBr3,1728491,-2.17327245,-1.9864416159999998,-2.159841616,pp_match,Magnetic
273,KEuF3,1713419,-3.7907545,-3.648824094,-3.791024094,pp_match,Magnetic
274,KEuI3,1728523,-1.68064538,-1.5677821140000001,-1.666782114,pp_match,Magnetic
275,KFeBr3,1548915,-1.07650285,-0.8789007619999998,-1.0523007619999998,pp_match,Magnetic
276,KFeCl3,1549277,-1.39025822,-1.1576206139999998,-1.370620614,pp_match,Magnetic
277,KGaBr3,1575353,-1.27776162,-1.0722510139999997,-1.2456510140000001,pp_match,Non-magnetic
278,KGdBr3,1728475,-1.74845332,-1.5553539559999998,-1.7287539559999996,pp_match,Magnetic
279,KGdCl3,1728517,-2.06573078,-1.8382123080000001,-2.051212308,pp_match,Magnetic
280,KGdF3,1722768,-3.26175851,-3.106981818,-3.249181818,pp_match,Magnetic
281,KGeBr3,1575382,-1.23143299,-1.0314285,-1.2048285000000003,pp_match,Non-magnetic
282,KGeCl3,1549303,-1.47790925,-1.2431731840000002,-1.4561731839999998,pp_match,Non-magnetic
283,KGeF3,1710597,-2.56017145,-2.386782340000001,-2.5289823400000007,pp_match,Non-magnetic
284,KGeI3,1709298,-0.84497474,-0.7205862680000004,-0.8195862680000003,pp_match,Non-magnetic
285,KHgBr3,1711902,-1.09158328,-0.8929115979999998,-1.050711598,pp_match,Non-magnetic
286,KHgCl3,1722732,-1.29584494,-1.0610397779999998,-1.2584397779999998,pp_match,Non-magnetic
287,KHgF3,1364371,-2.17098948,-1.9830930660000003,-2.109693066,pp_match,Non-magnetic
288,KHgI3,1722776,-0.75679076,-0.635614074,-0.719014074,pp_match,Non-magnetic
289,KInBr3,1575328,-1.32271507,-1.1082131480000001,-1.2816131480000001,pp_match,Non-magnetic
290,KLaBr3,1728471,-1.81002091,-1.619930176,-1.7933301760000002,pp_match,Magnetic
291,KLaCl3,1725957,-2.10525631,-1.8804962239999998,-2.093496224,pp_match,Magnetic
292,KLaF3,1710599,-3.30297541,-3.1465346720000005,-3.2887346720000004,pp_match,Magnetic
293,KLaI3,1722778,-1.36845931,-1.254541842,-1.3535418419999998,pp_match,Magnetic
294,KMgBr3,1713240,-1.74907414,-1.561611014,-1.7350110140000001,pp_match,Non-magnetic
295,KMgCl3,1346718,-2.10910134,-1.886942072,-2.099942072,pp_match,Non-magnetic
296,KMgF3,5646,-3.53545417,-3.361294482,-3.503494482,pp_match,Non-magnetic
297,KMnBr3,1575337,-1.33668146,-1.1470551620000005,-1.320455162000001,pp_mismatch,Magnetic
298,KMnCl3,1575685,-1.64906481,-1.4244742599999998,-1.6374742599999998,pp_mismatch,Magnetic
299,KMnF3,6890,-2.81857533,-2.6417053719999997,-2.7839053719999995,pp_mismatch,Magnetic
300,KMnI3,1722779,-0.88053972,-0.7660524080000006,-0.8650524080000004,pp_mismatch,Magnetic
301,KMoF3,1711909,-2.05355679,-1.9720357000000006,-2.1142357000000005,pp_mismatch,Magnetic
302,KMoI3,1722780,-0.47178583,-0.3790710180000003,-0.4780710179999996,pp_mismatch,Magnetic
303,KNdCl3,1725981,-2.06469564,-1.839449096,-2.052449096,pp_match,Magnetic
304,KNdF3,1710595,-3.22027503,-3.0764317300000004,-3.2186317300000002,pp_match,Magnetic
305,KNdI3,1722781,-1.31740947,-1.2019733840000004,-1.3009733840000002,pp_match,Magnetic
306,KNiBr3,1575356,-1.03368706,-0.8302409800000001,-1.0036409800000006,pp_match,Magnetic
307,KNiCl3,1549230,-1.2955403,-1.0574059079999998,-1.2704059079999999,pp_match,Magnetic
308,KNiF3,6891,-2.38543059,-2.2026687460000005,-2.3448687460000004,pp_match,Magnetic
309,KPbBr3,1711931,-1.3964385,-1.1874799079999998,-1.3608799079999998,pp_match,Non-magnetic
310,KPbCl3,1383547,-1.64037612,-1.396256316,-1.6092563160000002,pp_match,Non-magnetic
311,KPbF3,1709223,-2.47284393,-2.4909129699999997,-2.6331129699999996,pp_match,Non-magnetic
312,KPbI3,1711890,-1.00812342,-0.8747127800000003,-0.97371278,pp_match,Non-magnetic
313,KPdBr3,1549016,-1.08112424,-0.9083187119999998,-1.0817187119999998,pp_match,Non-magnetic
314,KPdCl3,1549291,-1.28540383,-1.0793714620000001,-1.2923714620000002,pp_match,Non-magnetic
315,KPdF3,13108,-2.09003774,-1.9387438020000003,-2.080943802,pp_match,Non-magnetic
316,KPrBr3,1728476,-1.7622304,-1.5721756700000005,-1.7455756700000005,pp_match,Magnetic
317,KPrCl3,1728519,-2.06163297,-1.8371819080000007,-2.0501819080000008,pp_match,Magnetic
318,KPrF3,1711910,-3.21682941,-3.067814066,-3.210014066,pp_match,Magnetic
319,KPrI3,1722782,-1.32148358,-1.2072907840000004,-1.306290784,pp_match,Magnetic
320,KPtCl3,1722705,-1.1434146,-0.9358777019999995,-1.1488777019999996,pp_match,Magnetic
321,KPtF3,1706401,-1.79768274,-1.65705392,-1.79925392,pp_match,Magnetic
322,KRhBr3,1728492,-0.95326146,-0.7614890159999996,-0.9348890159999996,pp_mismatch,Magnetic
323,KRhF3,1713481,-2.01930039,-1.8616137880000005,-2.0038137880000004,pp_mismatch,Magnetic
324,KSmBr3,1728493,-1.75642005,-1.5599098520000005,-1.7333098520000005,pp_match,Magnetic
325,KSmCl3,1711942,-2.06595628,-1.8359009199999998,-2.04890092,pp_match,Magnetic
326,KSmF3,1706433,-3.24397744,-3.08720514,-3.22940514,pp_match,Magnetic
327,KSnBr3,1711893,-1.35012693,-1.1207326440000003,-1.3165326440000005,pp_match,Non-magnetic
328,KSnCl3,1711907,-1.58954016,-1.3244126639999996,-1.5598126639999994,pp_match,Non-magnetic
329,KSnF3,1709224,-2.63016851,-2.448200366,-2.6128003659999997,pp_match,Non-magnetic
330,KSnI3,1711865,-0.96835189,-0.8136893700000001,-0.9350893699999996,pp_match,Non-magnetic
331,KSrCl3,1385520,-2.41232814,-2.1879414899999996,-2.4009414899999997,pp_match,Non-magnetic
332,KSrF3,1384841,-3.55645559,-3.4081501020000005,-3.5503501020000003,pp_match,Non-magnetic
333,KTiCl3,1722737,-1.80163477,-1.5866549779999994,-1.8124549779999994,pp_mismatch,Magnetic
334,KTiF3,1706427,-3.00990647,-2.8619841740000007,-3.016984174,pp_mismatch,Magnetic
335,KTmCl3,1250734,-2.02518843,-1.8099924700000005,-2.0229924700000006,pp_match,Magnetic
336,KTmF3,1706434,-3.27661574,-3.1298621140000007,-3.2720621140000006,pp_match,Magnetic
337,KVBr3,1711911,-1.28652998,-1.1214207399999996,-1.29482074,pp_mismatch,Magnetic
338,KVCl3,1549306,-1.62409055,-1.4258047819999993,-1.6388047819999993,pp_mismatch,Magnetic
339,KVF3,5465,-2.85942374,-2.705994158,-2.848194158,pp_mismatch,Magnetic
340,KYF3,1713421,-3.25854709,-3.124700796,-3.266900796,pp_match,Magnetic
341,KYbBr3,1711879,-2.14031254,-1.948773196,-2.1221731960000003,pp_match,Non-magnetic
342,KYbCl3,1711939,-2.49019575,-2.265068738,-2.478068738,pp_match,Non-magnetic
343,KYbF3,1706435,-3.83940725,-3.6991377140000004,-3.8413377140000002,pp_match,Non-magnetic
344,KYbI3,1728520,-1.62874635,-1.5114644320000001,-1.610464432,pp_match,Non-magnetic
345,KZnBr3,1713482,-1.32095785,-1.1061576780000002,-1.2795576780000002,pp_match,Non-magnetic
346,KZnCl3,1710675,-1.61670383,-1.3687332140000001,-1.5817332140000002,pp_match,Non-magnetic
347,KZnF3,4219,-2.78903541,-2.592552188,-2.734752188,pp_match,Non-magnetic
348,LiAsI3,1535068,-0.35389294,-0.26941370200000003,-0.3684137019999998,pp_match,Non-magnetic
349,LiCaF3,1713422,-3.38316771,-3.205506814,-3.347706814,pp_mismatch,Non-magnetic
350,LiCdF3,1713244,-2.3541202,-2.166461228,-2.308661228,pp_match,Non-magnetic
351,LiCoF3,1711900,-2.17823609,-2.01239535,-2.1545953499999997,pp_match,Magnetic
352,LiCuF3,1722755,-2.11644226,-1.9646132439999997,-2.1068132439999996,pp_match,Non-magnetic
353,LiGeI3,1711977,-0.50834542,-0.39314342400000024,-0.492143424,pp_match,Non-magnetic
354,LiHgF3,1711898,-1.83878909,-1.6640845720000002,-1.790684572,pp_match,Non-magnetic
355,LiMgF3,1713232,-3.34943296,-3.1839071060000004,-3.3261071060000003,pp_match,Non-magnetic
356,LiMnF3,1713247,-2.54629762,-2.3849451960000003,-2.527145196,pp_mismatch,Magnetic
357,LiNiF3,1713492,-2.16965603,-1.9976231980000003,-2.139823198,pp_match,Magnetic
358,LiPdF3,1711872,-1.79673007,-1.661256808,-1.803456808,pp_match,Non-magnetic
359,LiTmF3,1722756,-3.24262411,-3.099751384,-3.241951384,pp_match,Magnetic
360,LiVF3,1711853,-2.60414524,-2.46952614,-2.61172614,pp_mismatch,Magnetic
361,LiYbF3,1711958,-3.55586093,-3.407524958,-3.549724958,pp_match,Non-magnetic
362,LiZnCl3,1722757,-1.31658972,-1.0806361680000003,-1.293636168,pp_match,Non-magnetic
363,LiZnF3,1709257,-2.55435997,-2.37104525,-2.5132452499999998,pp_match,Non-magnetic
364,NaAgF3,1713233,-1.92341314,-1.7619695420000006,-1.9223695420000004,pp_match,Non-magnetic
365,NaCaF3,1713234,-3.50677647,-3.3403226160000004,-3.500722616,pp_mismatch,Non-magnetic
366,NaCdCl3,1725941,-1.4577038,-1.197999748,-1.4291997479999998,pp_match,Non-magnetic
367,NaCdF3,1709164,-2.49182127,-2.3026317720000007,-2.4630317720000003,pp_match,Non-magnetic
368,NaCeF3,1711854,-3.21162449,-3.286832226,-3.4472322259999997,pp_mismatch,Magnetic
369,NaCoCl3,1725942,-1.1185436,-0.8772064879999997,-1.1084064879999995,pp_match,Magnetic
370,NaCoF3,1706388,-2.3143655,-2.1266115840000004,-2.2870115840000005,pp_match,Magnetic
371,NaCrCl3,1725943,-1.44340377,-1.215800722,-1.4470007220000003,pp_mismatch,Magnetic
372,NaCrF3,1706389,-2.61817208,-2.4522101000000003,-2.6126101000000004,pp_mismatch,Magnetic
373,NaCuCl3,1725944,-1.16783353,-0.9475800099999998,-1.1787800099999997,pp_match,Non-magnetic
374,NaCuF3,1710589,-2.22417393,-2.075124326,-2.235524326,pp_match,Non-magnetic
375,NaDyF3,1713235,-3.30048786,-3.1366953879999997,-3.297095388,pp_match,Magnetic
376,NaFeCl3,1725945,-1.24474807,-1.0025454319999993,-1.2337454319999996,pp_match,Magnetic
377,NaGeI3,1711978,-0.6698081,-0.5346245820000002,-0.6518245820000002,pp_match,Non-magnetic
378,NaHgCl3,1725946,-1.12114465,-0.8744830140000002,-1.0900830140000002,pp_match,Non-magnetic
379,NaHgF3,1706391,-1.97584294,-1.8050725660000002,-1.949872566,pp_match,Non-magnetic
380,NaLaF3,1711857,-3.30405374,-3.1437222219999996,-3.3041222219999997,pp_match,Magnetic
381,NaMgBr3,1713236,-1.58651278,-1.3894590599999999,-1.5810590600000003,pp_match,Non-magnetic
382,NaMgCl3,1710590,-1.95990158,-1.7262657439999995,-1.9574657439999994,pp_match,Non-magnetic
383,NaMgF3,21841,-3.47099942,-3.285560364,-3.4459603640000003,pp_match,Non-magnetic
384,NaMnCl3,1725947,-1.49355469,-1.2585747739999995,-1.4897747739999998,pp_mismatch,Magnetic
385,NaMnF3,1347280,-2.69807927,-2.5098952500000005,-2.6702952500000006,pp_mismatch,Magnetic
386,NaMoF3,1711858,-1.94004481,-1.844187882,-2.004587882,pp_mismatch,Magnetic
387,NaNdF3,1711859,-3.24210543,-3.080538402,-3.240938402,pp_match,Magnetic
388,NaNiCl3,1725948,-1.17346103,-0.9273155739999996,-1.158515574,pp_match,Magnetic
389,NaNiF3,1386221,-2.30608022,-2.108966626,-2.269366626,pp_match,Magnetic
390,NaPbF3,1709166,-2.46659165,-2.3061731460000003,-2.4665731460000004,pp_match,Non-magnetic
391,NaPdF3,1709167,-1.93106774,-1.7916741020000009,-1.9520741020000005,pp_match,Non-magnetic
392,NaPrF3,1711860,-3.22844302,-3.069198338,-3.2295983379999997,pp_match,Magnetic
393,NaRhF3,1713237,-1.87518058,-1.721002458000001,-1.8814024580000006,pp_mismatch,Magnetic
394,NaSmF3,1706392,-3.26599046,-3.097087902,-3.2574879020000003,pp_match,Magnetic
395,NaSnF3,1709168,-2.45523723,-2.270324964000001,-2.4531249640000006,pp_match,Non-magnetic
396,NaTiCl3,1725949,-1.62993371,-1.42198929,-1.6659892899999997,pp_mismatch,Magnetic
397,NaTiF3,1706393,-2.9135323,-2.7550977460000006,-2.928297746,pp_mismatch,Magnetic
398,NaTmF3,1706394,-3.32977137,-3.16893166,-3.3293316600000002,pp_match,Magnetic
399,NaVBr3,1711861,-1.12946469,-0.9544516299999994,-1.1460516299999997,pp_mismatch,Magnetic
400,NaVCl3,1709169,-1.47547477,-1.2672926059999998,-1.4984926060000001,pp_mismatch,Magnetic
401,NaVF3,11333,-2.72841141,-2.585517694,-2.745917694,pp_mismatch,Magnetic
402,NaYbCl3,1725950,-2.31288173,-2.078794286,-2.3099942860000002,pp_match,Non-magnetic
403,NaYbF3,1706395,-3.68352005,-3.5419971360000004,-3.702397136,pp_match,Non-magnetic
404,NaZnCl3,1725951,-1.47109433,-1.2119387920000002,-1.443138792,pp_match,Non-magnetic
405,NaZnF3,1345861,-2.69850193,-2.4870928159999997,-2.6474928159999997,pp_match,Non-magnetic
406,NdLiF3,1713546,-3.2637507,-3.1076711460000004,-3.2498711460000003,pp_match,Magnetic
407,PbAgF3,1726023,-1.56622508,-1.388591292,-1.530791292,pp_match,Non-magnetic
408,PbLiCl3,1726025,-1.44968071,-1.217671556,-1.4306715559999996,pp_match,Non-magnetic
409,PbLiF3,1710711,-2.78381985,-2.6115941920000005,-2.7537941920000004,pp_match,Non-magnetic
410,PbRbF3,686127,-1.83741161,-1.670350714,-1.812550714,pp_match,Non-magnetic
411,RbAgBr3,1431758,-1.08314886,-0.8880179990000001,-1.0614179990000001,pp_match,Non-magnetic
412,RbAgCl3,1432183,-1.27820152,-1.0476779689999995,-1.2606779689999996,pp_match,Non-magnetic
413,RbAgI3,1718004,-0.77435626,-0.6508445260000002,-0.749844526,pp_match,Non-magnetic
414,RbBaBr3,1722767,-2.1246195,-1.946592834,-2.119992834,pp_match,Non-magnetic
415,RbBaCl3,1348737,-2.40844509,-2.194760448,-2.407760448,pp_match,Non-magnetic
416,RbBaF3,1388074,-3.45329474,-3.322325768,-3.4645257679999997,pp_match,Non-magnetic
417,RbBaI3,1722731,-1.68494396,-1.5809986660000002,-1.679998666,pp_match,Non-magnetic
418,RbCF3,1713246,-1.03524858,-0.8792927980000003,-1.0214927980000001,pp_match,Non-magnetic
419,RbCI3,1711979,0.27904229,0.37891920200000007,0.27991920199999987,pp_match,Non-magnetic
420,RbCaBr3,1385570,-2.14008351,-1.949522022,-2.122922022,pp_mismatch,Non-magnetic
421,RbCaCl3,1348396,-2.46878643,-2.24036102,-2.45336102,pp_mismatch,Non-magnetic
422,RbCaF3,1345106,-3.70971769,-3.526736660000001,-3.668936660000001,pp_mismatch,Non-magnetic
423,RbCdBr3,1711957,-1.40145189,-1.190198508,-1.3635985080000004,pp_match,Non-magnetic
424,RbCdCl3,1346263,-1.661912,-1.416814162,-1.6298141619999997,pp_match,Non-magnetic
425,RbCdF3,646369,-2.68020515,-2.488765586,-2.630965586,pp_match,Non-magnetic
426,RbCdI3,1709291,-0.99718494,-0.8620681619999999,-0.9610681620000001,pp_match,Non-magnetic
427,RbCeBr3,1718093,-1.80319884,-1.8196754400000001,-1.9930754400000001,pp_mismatch,Magnetic
428,RbCeCl3,1718070,-2.09648217,-2.0833405019999995,-2.2963405019999996,pp_mismatch,Magnetic
429,RbCeF3,1711912,-3.19862693,-3.3192354580000005,-3.4614354580000004,pp_mismatch,Magnetic
430,RbCeI3,1709292,-1.37177866,-1.4502159580000002,-1.549215958,pp_mismatch,Magnetic
431,RbCoBr3,1718050,-0.97847196,-0.7835372599999992,-0.9569372599999997,pp_match,Magnetic
432,RbCoCl3,1722733,-1.26470604,-1.0367051560000005,-1.249705156,pp_match,Magnetic
433,RbCoF3,1706436,-2.38426278,-2.2061360939999997,-2.3483360939999995,pp_match,Magnetic
434,RbCrBr3,1546707,-1.30104847,-1.1224761380000001,-1.2958761380000001,pp_mismatch,Magnetic
435,RbCrCl3,1432126,-1.6079849,-1.3937412410000003,-1.6067412410000004,pp_mismatch,Magnetic
436,RbCrF3,1430261,-2.71216129,-2.5660809330000007,-2.7082809330000006,pp_mismatch,Magnetic
437,RbCuBr3,1546603,-1.07269111,-0.8995637599999995,-1.07296376,pp_match,Non-magnetic
438,RbCuCl3,1549169,-1.30708466,-1.1017965479999998,-1.3147965479999995,pp_match,Non-magnetic
439,RbCuF3,1706466,-2.29966911,-2.1428442439999995,-2.2850442439999994,pp_match,Non-magnetic
440,RbCuI3,1432817,-0.716951,-0.6181204709999997,-0.7171204709999999,pp_match,Non-magnetic
441,RbDyBr3,1718040,-1.76727248,-1.5786591019999996,-1.752059102,pp_match,Magnetic
442,RbDyCl3,1718052,-2.08786317,-1.8634534019999998,-2.076453402,pp_match,Magnetic
443,RbDyF3,1706467,-3.24497634,-3.0940980440000003,-3.236298044,pp_match,Magnetic
444,RbDyI3,1711980,-1.310775,-1.196184422,-1.2951844220000002,pp_match,Magnetic
445,RbEuBr3,1718041,-2.21715541,-2.0358229799999994,-2.20922298,pp_match,Magnetic
446,RbEuCl3,1383413,-2.54788525,-2.3311983880000002,-2.544198388,pp_match,Magnetic
447,RbEuF3,1347264,-3.83374541,-3.6816839100000003,-3.82388391,pp_match,Magnetic
448,RbFeBr3,1546709,-1.10064079,-0.9078077920000003,-1.0812077920000003,pp_match,Magnetic
449,RbFeCl3,1549197,-1.40551705,-1.1769658759999997,-1.3899658759999998,pp_match,Magnetic
450,RbGaBr3,1543248,-1.3105318,-1.1093346659999996,-1.282734666,pp_match,Non-magnetic
451,RbGdBr3,1718011,-1.78674985,-1.599122098,-1.772522098,pp_match,Magnetic
452,RbGdCl3,1718077,-2.10188828,-1.8785197979999992,-2.0915197979999993,pp_match,Magnetic
453,RbGdF3,1706469,-3.24344324,-3.096169454000001,-3.2383694540000008,pp_match,Magnetic
454,RbGdI3,1711971,-1.33508955,-1.221660044,-1.3206600439999998,pp_match,Magnetic
455,RbGeBr3,1706478,-1.26864479,-1.0727322199999998,-1.2461322199999998,pp_match,Non-magnetic
456,RbGeCl3,1706479,-1.5126383,-1.281246806,-1.494246806,pp_match,Non-magnetic
457,RbGeF3,1709202,-2.57657388,-2.4044025280000003,-2.546602528,pp_match,Non-magnetic
458,RbGeI3,7217,-0.8852142,-0.7651216840000004,-0.8641216840000001,pp_match,Non-magnetic
459,RbHgBr3,1709211,-1.13005848,-0.9370484559999999,-1.0948484560000002,pp_match,Non-magnetic
460,RbHgCl3,1549160,-1.33286141,-1.1021878719999996,-1.2995878719999996,pp_match,Non-magnetic
461,RbHgF3,3032,-2.18316526,-2.0145723700000002,-2.14117237,pp_match,Non-magnetic
462,RbHgI3,1709289,-0.79833711,-0.682817346,-0.7662173459999999,pp_match,Non-magnetic
463,RbInBr3,1543207,-1.36295353,-1.1546811140000002,-1.3280811140000002,pp_match,Non-magnetic
464,RbLaBr3,1722786,-1.85151775,-1.6669852,-1.8403852000000005,pp_match,Magnetic
465,RbLaCl3,1718073,-2.14295349,-1.9247514840000002,-2.137751484,pp_match,Magnetic
466,RbLaF3,1709283,-3.29484287,-3.1396000400000004,-3.2818000400000003,pp_match,Magnetic
467,RbLaI3,1709300,-1.41599033,-1.306776326,-1.4057763260000002,pp_match,Magnetic
468,RbMgBr3,1713245,-1.7756388,-1.5947179019999997,-1.7681179020000002,pp_match,Non-magnetic
469,RbMgCl3,1710601,-2.12816114,-1.910410932,-2.1234109319999996,pp_match,Non-magnetic
470,RbMgF3,646367,-3.48619176,-3.3241415060000006,-3.4663415060000005,pp_match,Non-magnetic
471,RbMnBr3,1575055,-1.36606544,-1.1809480819999991,-1.3543480819999996,pp_mismatch,Magnetic
472,RbMnCl3,1549204,-1.67161458,-1.4513380919999999,-1.664338092,pp_mismatch,Magnetic
473,RbMnF3,8202,-2.81456109,-2.641066332,-2.7832663319999997,pp_mismatch,Magnetic
474,RbMnI3,1709301,-0.91681844,-0.8068317040000004,-0.9058317040000006,pp_mismatch,Magnetic
475,RbMoBr3,1718096,-0.90211766,-0.7418462440000004,-0.9152462440000004,pp_mismatch,Magnetic
476,RbMoCl3,1718074,-1.17469063,-0.9809993959999996,-1.1939993959999997,pp_mismatch,Magnetic
477,RbMoF3,1711913,-2.06222983,-1.9912720099999999,-2.1334720099999998,pp_mismatch,Magnetic
478,RbMoI3,1709295,-0.5093627,-0.4209518840000004,-0.5199518840000001,pp_mismatch,Magnetic
479,RbNdBr3,1714548,-1.80322795,-1.6177407000000001,-1.7911407000000001,pp_match,Magnetic
480,RbNdCl3,1714549,-2.1051101,-1.8836660320000003,-2.0966660320000003,pp_match,Magnetic
481,RbNdF3,1706473,-3.24460312,-3.076433646,-3.218633646,pp_match,Magnetic
482,RbNdI3,1709290,-1.36459031,-1.253799452,-1.3527994519999997,pp_match,Magnetic
483,RbNiBr3,1548752,-1.04554736,-0.8457388859999999,-1.019138886,pp_match,Magnetic
484,RbNiCl3,1575618,-1.2942717,-1.0599477279999996,-1.2729477279999997,pp_match,Magnetic
485,RbNiF3,1386028,-2.33634074,-2.1738404399999998,-2.3160404399999996,pp_match,Magnetic
486,RbPbBr3,1709260,-1.44301872,-1.2391867259999998,-1.4125867260000002,pp_match,Non-magnetic
487,RbPbCl3,1386719,-1.68675001,-1.4469813999999994,-1.6599813999999995,pp_match,Non-magnetic
488,RbPbF3,646371,-2.72234407,-2.536467698,-2.678667698,pp_match,Non-magnetic
489,RbPbI3,1709296,-1.05532349,-0.927592572,-1.0265925719999998,pp_match,Non-magnetic
490,RbPdBr3,1431731,-1.10339077,-0.9346215399999998,-1.1080215400000002,pp_match,Non-magnetic
491,RbPdCl3,1549216,-1.30220725,-1.0998468080000001,-1.3128468079999998,pp_match,Non-magnetic
492,RbPdF3,13107,-2.09620147,-1.94718373,-2.0893837299999998,pp_match,Non-magnetic
493,RbPdI3,1722703,-0.81259372,-0.7181949760000004,-0.8171949760000006,pp_match,Non-magnetic
494,RbPrBr3,1718012,-1.80431341,-1.6200903839999996,-1.7934903839999996,pp_match,Magnetic
495,RbPrCl3,1718075,-2.10220577,-1.8822791639999998,-2.095279164,pp_match,Magnetic
496,RbPrF3,1706471,-3.21881339,-3.0687516640000005,-3.2109516640000004,pp_match,Magnetic
497,RbPrI3,1709302,-1.36927963,-1.2596946459999998,-1.3586946459999996,pp_match,Magnetic
498,RbPtCl3,1722734,-1.16033474,-0.9576229779999994,-1.1706229779999995,pp_match,Magnetic
499,RbPtF3,1706399,-1.81204108,-1.6733829419999995,-1.8155829419999994,pp_match,Magnetic
500,RbPtI3,1711981,-0.71440908,-0.6185091059999999,-0.7175091060000001,pp_match,Magnetic
501,RbRhBr3,1718042,-0.97217997,-0.7851068599999995,-0.95850686,pp_mismatch,Magnetic
502,RbRhF3,1706472,-2.03291909,-1.8651257899999996,-2.0073257899999994,pp_mismatch,Magnetic
503,RbRhI3,1711972,-0.66828605,-0.5520949339999999,-0.6510949340000001,pp_mismatch,Magnetic
504,RbScBr3,1575112,-1.7638267,-1.5742122519999997,-1.7476122519999997,pp_match,Magnetic
505,RbSmBr3,1718043,-1.79635941,-1.6056652639999998,-1.7790652640000002,pp_match,Magnetic
506,RbSmCl3,1709270,-2.10436711,-1.8782862679999996,-2.0912862679999997,pp_match,Magnetic
507,RbSmF3,1706437,-3.23292432,-3.081956058,-3.2241560579999997,pp_match,Magnetic
508,RbSmI3,1711982,-1.35149143,-1.2354401139999998,-1.3344401139999997,pp_match,Magnetic
509,RbSnBr3,1383319,-1.39499112,-1.17043101,-1.36623101,pp_match,Non-magnetic
510,RbSnCl3,1432128,-1.63339416,-1.3728353439999994,-1.6082353439999997,pp_match,Non-magnetic
511,RbSnF3,1576182,-2.65490067,-2.4822889220000004,-2.6468889220000005,pp_match,Non-magnetic
512,RbSnI3,1706480,-1.01484446,-0.8648058840000001,-0.9862058839999999,pp_match,Non-magnetic
513,RbSrBr3,1718010,-2.15056883,-1.9654340279999996,-2.1388340279999998,pp_match,Non-magnetic
514,RbSrCl3,1385302,-2.45802113,-2.2380823639999994,-2.4510823639999995,pp_match,Non-magnetic
515,RbSrF3,1344546,-3.5850041,-3.447632414,-3.589832414,pp_match,Non-magnetic
516,RbTiCl3,1725961,-1.8231929,-1.6124375899999999,-1.8382375900000003,pp_mismatch,Magnetic
517,RbTiF3,1706438,-3.01812214,-2.860358454,-3.0153584540000002,pp_mismatch,Magnetic
518,RbTiI3,1711973,-1.00666474,-0.9043961180000002,-1.0161961180000003,pp_mismatch,Magnetic
519,RbTmBr3,1718068,-1.7273336,-1.5525699699999995,-1.72596997,pp_match,Magnetic
520,RbTmCl3,1285831,-2.0561792,-1.8454249099999998,-2.05842491,pp_match,Magnetic
521,RbTmF3,1706439,-3.24498824,-3.1044617780000006,-3.2466617780000004,pp_match,Magnetic
522,RbTmI3,1711974,-1.2624683,-1.1624265139999999,-1.2614265139999998,pp_match,Magnetic
523,RbVBr3,1711914,-1.31049581,-1.1516058979999992,-1.3250058979999997,pp_mismatch,Magnetic
524,RbVCl3,1575647,-1.64156435,-1.4478349179999994,-1.6608349179999995,pp_mismatch,Magnetic
525,RbVF3,5466,-2.84527792,-2.6969450380000004,-2.8391450380000003,pp_mismatch,Magnetic
526,RbVI3,1718005,-0.85050861,-0.7650696040000002,-0.864069604,pp_mismatch,Magnetic
527,RbYI3,1711975,-1.33046037,-1.2280364020000003,-1.327036402,pp_match,Magnetic
528,RbYbBr3,1709182,-2.17972053,-1.9937567080000003,-2.1671567080000003,pp_match,Non-magnetic
529,RbYbCl3,1709268,-2.52713825,-2.306106434,-2.5191064340000002,pp_match,Non-magnetic
530,RbYbF3,646370,-3.87580627,-3.7170509340000004,-3.8592509340000003,pp_match,Non-magnetic
531,RbYbI3,1718078,-1.67371742,-1.5608066260000002,-1.659806626,pp_match,Non-magnetic
532,RbZnBr3,1718051,-1.34668161,-1.1362013219999998,-1.3096013220000002,pp_match,Non-magnetic
533,RbZnCl3,1718076,-1.63574811,-1.3892970479999995,-1.6022970479999996,pp_match,Non-magnetic
534,RbZnF3,1250674,-2.76725137,-2.573095870000001,-2.7152958700000007,pp_match,Non-magnetic
535,RbZnI3,1711976,-0.91969091,-0.7853867160000001,-0.8843867160000001,pp_match,Non-magnetic
536,SmLiF3,1713548,-3.22566136,-3.064157226,-3.2063572259999997,pp_match,Magnetic
537,SnLiF3,1713549,-2.67178938,-2.4790908620000005,-2.643690862,pp_match,Non-magnetic
538,SrAgF3,1726026,-2.40136009,-2.2423509800000003,-2.38455098,pp_match,Non-magnetic
539,SrLiCl3,1726027,-2.26729682,-2.055874206,-2.2688742059999996,pp_match,Non-magnetic
540,SrLiF3,1440786,-3.69766216,-3.545628036,-3.687828036,pp_match,Non-magnetic
541,TmKCl3,1285825,-1.01288425,-0.798341084,-1.0113410840000001,pp_match,Non-magnetic
542,TmRbCl3,1285830,-0.83524813,-0.62397942,-0.83697942,pp_match,Non-magnetic
543,YbRbF3,1535107,-2.45544726,-2.2864690480000003,-2.428669048,pp_match,Non-magnetic
544,ZnMoI3,1535141,0.21195431,0.32330542000000007,0.2243054200000003,pp_mismatch,Magnetic
545,ZnRbF3,1285369,-1.10572733,-0.987880606,-1.130080606,pp_match,Non-magnetic
